pn_id,part_number,brand,equipment,model,model_evidence,verification,evidence_summary,relation_status
PN-000508,A2U220-211044,Sandvik / EIMCO,Underground LHD,ED10,EXPLICIT,VERIFIED,"ED10 parts manual page 5, item 1",ACTIVE
PN-000512,A2U220-213059,Sandvik / EIMCO,Underground LHD,ED10,EXPLICIT,VERIFIED,"ED10 parts manual page 5, item 2",ACTIVE
PN-000513,A2U220-213060,Sandvik / EIMCO,Underground LHD,ED10,EXPLICIT,VERIFIED,"ED10 parts manual page 5, item 3",ACTIVE
PN-000514,A2U220-213061,Sandvik / EIMCO,Underground LHD,ED10,EXPLICIT,VERIFIED,"ED10 parts manual page 5, item 4",ACTIVE
PN-000515,A2U220-213062,Sandvik / EIMCO,Underground LHD,ED10,EXPLICIT,VERIFIED,"ED10 parts manual page 5, item 5",ACTIVE
PN-000138,445210937,Sandvik / EIMCO,Underground LHD,ED10,EXPLICIT,VERIFIED,"ED10 parts manual page 5, item 6",ACTIVE
PN-000091,106-03455,Sandvik / EIMCO,Underground LHD,ED10,EXPLICIT,VERIFIED,"ED10 parts manual page 5, item 9; SANDVIK LS190-B2285 SPARE PARTS LIST_Mining India_24.03.2026.xlsx, Sheet1, row 3; Purchase Order-Shanxi.xlsx, Sheet1, row 10",ACTIVE
PN-000091,106-03455,Sandvik / EIMCO,Underground LHD,LS190,EXPLICIT,VERIFIED,"ED10 parts manual page 5, item 9; SANDVIK LS190-B2285 SPARE PARTS LIST_Mining India_24.03.2026.xlsx, Sheet1, row 3; Purchase Order-Shanxi.xlsx, Sheet1, row 10",ACTIVE
PN-000332,65083507,Sandvik / EIMCO,Underground LHD,ED10,EXPLICIT,VERIFIED,"ED10 parts manual page 5, item 10",ACTIVE
PN-000122,255305,Sandvik / EIMCO,Underground LHD,ED10,EXPLICIT,VERIFIED,"ED10 parts manual page 5, item 12",ACTIVE
PN-000516,A2U220-213063,Sandvik / EIMCO,Underground LHD,ED10,EXPLICIT,VERIFIED,"ED10 parts manual page 5, item 13",ACTIVE
PN-000179,445502937,Sandvik / EIMCO,Underground LHD,ED10,EXPLICIT,VERIFIED,"ED10 parts manual page 5, item 17; ED10 parts manual page 176, item 12",ACTIVE
PN-000148,445402939,Sandvik / EIMCO,Underground LHD,ED10,EXPLICIT,VERIFIED,"ED10 parts manual page 5, item 18",ACTIVE
PN-000172,445502843,Sandvik / EIMCO,Underground LHD,ED10,EXPLICIT,VERIFIED,"ED10 parts manual page 5, item 19; ED10 parts manual page 49, item 30; ED10 parts manual page 173, item 21; ED10 parts manual page 176, item 30; ED10 parts manual page 183, item 28; ED10 parts manual page 230, item 1; ED10 parts manual page 235, item 1; ED10 parts manual page 254, item 1; ED10 parts manual page 275, item 7; ED10 parts manual page 317, item 5",ACTIVE
PN-000526,A2U220-241041,Sandvik / EIMCO,Underground LHD,ED10,EXPLICIT,VERIFIED,"ED10 parts manual page 8, item 1; ED10 parts manual page 69, item 1",ACTIVE
PN-000527,A2U220-241042,Sandvik / EIMCO,Underground LHD,ED10,EXPLICIT,VERIFIED,"ED10 parts manual page 8, item 2; ED10 parts manual page 35, item 22; ED10 parts manual page 69, item 2",ACTIVE
PN-001042,C2A1R0716,Sandvik / EIMCO,Underground LHD,ED10,EXPLICIT,VERIFIED,"ED10 parts manual page 8, item 3",ACTIVE
PN-000673,A2U220-670033,Sandvik / EIMCO,Underground LHD,ED10,EXPLICIT,VERIFIED,"ED10 parts manual page 8, item 4",ACTIVE
PN-000511,A2U220-212010,Sandvik / EIMCO,Underground LHD,ED10,EXPLICIT,VERIFIED,"ED10 parts manual page 8, item 5; ED10 parts manual page 114, item 4",ACTIVE
PN-000672,A2U220-610011,Sandvik / EIMCO,Underground LHD,ED10,EXPLICIT,VERIFIED,"ED10 parts manual page 8, item 6",ACTIVE
PN-000631,A2U220-510038,Sandvik / EIMCO,Underground LHD,ED10,EXPLICIT,VERIFIED,"ED10 parts manual page 8, item 7",ACTIVE
PN-001051,C2A5P8245,Sandvik / EIMCO,Underground LHD,ED10,EXPLICIT,VERIFIED,"ED10 parts manual page 8, item 8",ACTIVE
PN-000911,AFP1008-20,Sandvik / EIMCO,Underground LHD,ED10,EXPLICIT,VERIFIED,"ED10 parts manual page 8, item 9",ACTIVE
PN-000591,A2U220-294004,Sandvik / EIMCO,Underground LHD,ED10,EXPLICIT,VERIFIED,"ED10 parts manual page 8, item 10",ACTIVE
PN-001760,D71-121212,Sandvik / EIMCO,Underground LHD,ED10,EXPLICIT,VERIFIED,"ED10 parts manual page 8, item 11",ACTIVE
PN-000869,A2U913-472011,Sandvik / EIMCO,Underground LHD,ED10,EXPLICIT,VERIFIED,"ED10 parts manual page 8, item 12",ACTIVE
PN-001061,C2A7X3344,Sandvik / EIMCO,Underground LHD,ED10,EXPLICIT,VERIFIED,"ED10 parts manual page 8, item 13",ACTIVE
PN-001717,D53-1212,Sandvik / EIMCO,Underground LHD,ED10,EXPLICIT,VERIFIED,"ED10 parts manual page 8, item 14; ED10 parts manual page 214, item 18; ED10 parts manual page 218, item 10; ED10 parts manual page 237, item 22; ED10 parts manual page 243, item 7; ED10 parts manual page 251, item 37; ED10 parts manual page 285, item 9",ACTIVE
PN-001589,D2900-12-110-17,Sandvik / EIMCO,Underground LHD,ED10,EXPLICIT,VERIFIED,"ED10 parts manual page 8, item 15",ACTIVE
PN-001763,D74-121717,Sandvik / EIMCO,Underground LHD,ED10,EXPLICIT,VERIFIED,"ED10 parts manual page 8, item 16",ACTIVE
PN-001758,D67-2,Sandvik / EIMCO,Underground LHD,ED10,EXPLICIT,VERIFIED,"ED10 parts manual page 8, item 17",ACTIVE
PN-000587,A2U220-291247,Sandvik / EIMCO,Underground LHD,ED10,EXPLICIT,VERIFIED,"ED10 parts manual page 8, item 18",ACTIVE
PN-000586,A2U220-291243,Sandvik / EIMCO,Underground LHD,ED10,EXPLICIT,VERIFIED,"ED10 parts manual page 8, item 19",ACTIVE
PN-001048,C2A4W-7594,Sandvik / EIMCO,Underground LHD,ED10,EXPLICIT,VERIFIED,"ED10 parts manual page 8, item 20",ACTIVE
PN-001066,C2A9Y9274,Sandvik / EIMCO,Underground LHD,ED10,EXPLICIT,VERIFIED,"ED10 parts manual page 8, item 21",ACTIVE
PN-001749,D605-74,Sandvik / EIMCO,Underground LHD,ED10,EXPLICIT,VERIFIED,"ED10 parts manual page 8, item 22; ED10 parts manual page 35, item 13",ACTIVE
PN-001043,C2A1R0751,Sandvik / EIMCO,Underground LHD,ED10,EXPLICIT,VERIFIED,"ED10 parts manual page 8, item 23",ACTIVE
PN-000590,A2U220-294003,Sandvik / EIMCO,Underground LHD,ED10,EXPLICIT,VERIFIED,"ED10 parts manual page 8, item 24; SANDVIK LS 190-312 PARTS20260228.xlsx, Sheet1, row 79; SANDVIK LS190-B2285 SPARE PARTS LIST_Mining India_24.03.2026.xlsx, Sheet1, row 238",ACTIVE
PN-001516,D15-0207,Sandvik / EIMCO,Underground LHD,ED10,EXPLICIT,VERIFIED,"ED10 parts manual page 8, item 25; ED10 parts manual page 57, item 13; ED10 parts manual page 203, item 8; ED10 parts manual page 214, item 13",ACTIVE
PN-001546,D17-47,Sandvik / EIMCO,Underground LHD,ED10,EXPLICIT,VERIFIED,"ED10 parts manual page 8, item 26; ED10 parts manual page 24, item 15; ED10 parts manual page 35, item 19; ED10 parts manual page 77, item 2; ED10 parts manual page 203, item 1; ED10 parts manual page 237, item 8; ED10 parts manual page 294, item 12",ACTIVE
PN-001741,D60-4,Sandvik / EIMCO,Underground LHD,ED10,EXPLICIT,VERIFIED,"ED10 parts manual page 8, item 27; ED10 parts manual page 35, item 40",ACTIVE
PN-001047,C2A4P5153,Sandvik / EIMCO,Underground LHD,ED10,EXPLICIT,VERIFIED,"ED10 parts manual page 8, item 28",ACTIVE
PN-001520,D15-1217,Sandvik / EIMCO,Underground LHD,ED10,EXPLICIT,VERIFIED,"ED10 parts manual page 8, item 29; ED10 parts manual page 251, item 24",ACTIVE
PN-000622,A2U220-472051,Sandvik / EIMCO,Underground LHD,ED10,EXPLICIT,VERIFIED,"ED10 parts manual page 8, item 30; SANDVIK LS190-B2285 SPARE PARTS LIST_Mining India_24.03.2026.xlsx, Sheet1, row 149; Purchase Order-Shanxi.xlsx, Sheet1, row 28",ACTIVE
PN-000622,A2U220-472051,Sandvik / EIMCO,Underground LHD,LS190,EXPLICIT,VERIFIED,"ED10 parts manual page 8, item 30; SANDVIK LS190-B2285 SPARE PARTS LIST_Mining India_24.03.2026.xlsx, Sheet1, row 149; Purchase Order-Shanxi.xlsx, Sheet1, row 28",ACTIVE
PN-001665,D38-44,Sandvik / EIMCO,Underground LHD,ED10,EXPLICIT,VERIFIED,"ED10 parts manual page 8, item 31",ACTIVE
PN-001505,CN3-0904,Sandvik / EIMCO,Underground LHD,ED10,EXPLICIT,VERIFIED,"ED10 parts manual page 8, item 32",ACTIVE
PN-001049,C2A4W8661,Sandvik / EIMCO,Underground LHD,ED10,EXPLICIT,VERIFIED,"ED10 parts manual page 8, item 33",ACTIVE
PN-001740,D60-12,Sandvik / EIMCO,Underground LHD,ED10,EXPLICIT,VERIFIED,"ED10 parts manual page 8, item 34; ED10 parts manual page 35, item 12",ACTIVE
PN-000194,450062508,Sandvik / EIMCO,Underground LHD,ED10,EXPLICIT,VERIFIED,"ED10 parts manual page 8, item 35; ED10 parts manual page 13, item 16; ED10 parts manual page 18, item 12; ED10 parts manual page 26, item 13; ED10 parts manual page 39, item 29; ED10 parts manual page 42, item 8; ED10 parts manual page 46, item 2; ED10 parts manual page 49, item 15; ED10 parts manual page 57, item 21; ED10 parts manual page 67, item 15; ED10 parts manual page 69, item 12; ED10 parts manual page 173, item 22; ED10 parts manual page 183, item 33; ED10 parts manual page 192, item 20; ED10 parts manual page 275, item 9; ED10 parts manual page 283, item 7",ACTIVE
PN-000197,450081022,Sandvik / EIMCO,Underground LHD,ED10,EXPLICIT,VERIFIED,"ED10 parts manual page 8, item 36; ED10 parts manual page 13, item 17; ED10 parts manual page 18, item 13; ED10 parts manual page 26, item 14; ED10 parts manual page 28, item 16; ED10 parts manual page 46, item 3; ED10 parts manual page 49, item 16; ED10 parts manual page 67, item 16; ED10 parts manual page 173, item 19; ED10 parts manual page 176, item 21; ED10 parts manual page 176, item 31; ED10 parts manual page 183, item 16; ED10 parts manual page 183, item 36; ED10 parts manual page 192, item 21; ED10 parts manual page 275, item 10; ED10 parts manual page 285, item 2; ED10 parts manual page 294, item 3",ACTIVE
PN-000166,445502801,Sandvik / EIMCO,Underground LHD,ED10,EXPLICIT,VERIFIED,"ED10 parts manual page 8, item 37; ED10 parts manual page 42, item 7; ED10 parts manual page 67, item 14; ED10 parts manual page 183, item 39; ED10 parts manual page 283, item 10; ED10 parts manual page 285, item 1",ACTIVE
PN-000588,A2U220-291248,Sandvik / EIMCO,Underground LHD,ED10,EXPLICIT,VERIFIED,"ED10 parts manual page 8, item 38",ACTIVE
PN-001598,D2900-12-50-17,Sandvik / EIMCO,Underground LHD,ED10,EXPLICIT,VERIFIED,"ED10 parts manual page 8, item 39",ACTIVE
PN-001659,D37-1212,Sandvik / EIMCO,Underground LHD,ED10,EXPLICIT,VERIFIED,"ED10 parts manual page 8, item 40; ED10 parts manual page 35, item 44; ED10 parts manual page 44, item 5",ACTIVE
PN-000738,A2U900-293002,Sandvik / EIMCO,Underground LHD,ED10,EXPLICIT,VERIFIED,"ED10 parts manual page 8, item 41; ED10 parts manual page 30, item 7; ED10 parts manual page 251, item 16; SANDVIK LS190-B2285 SPARE PARTS LIST_Mining India_24.03.2026.xlsx, Sheet1, row 483",ACTIVE
PN-001050,C2A5L2952,Sandvik / EIMCO,Underground LHD,ED10,EXPLICIT,VERIFIED,"ED10 parts manual page 8, item 42",ACTIVE
PN-001777,DA4-1212,Sandvik / EIMCO,Underground LHD,ED10,EXPLICIT,VERIFIED,"ED10 parts manual page 8, item 43; ED10 parts manual page 13, item 8",ACTIVE
PN-001544,D17-27,Sandvik / EIMCO,Underground LHD,ED10,EXPLICIT,VERIFIED,"ED10 parts manual page 8, item 44; ED10 parts manual page 203, item 13; ED10 parts manual page 211, item 4; ED10 parts manual page 262, item 11; ED10 parts manual page 294, item 10; ED10 parts manual page 296, item 11",ACTIVE
PN-001059,C2A7C0874,Sandvik / EIMCO,Underground LHD,ED10,EXPLICIT,VERIFIED,"ED10 parts manual page 9, item 45",ACTIVE
PN-000160,445502759,Sandvik / EIMCO,Underground LHD,ED10,EXPLICIT,VERIFIED,"ED10 parts manual page 9, item 46; ED10 parts manual page 67, item 8; ED10 parts manual page 112, item 11",ACTIVE
PN-000190,450061617,Sandvik / EIMCO,Underground LHD,ED10,EXPLICIT,VERIFIED,"ED10 parts manual page 9, item 47; ED10 parts manual page 42, item 6; ED10 parts manual page 279, item 17; ED10 parts manual page 300, item 4",ACTIVE
PN-000201,450081120,Sandvik / EIMCO,Underground LHD,ED10,EXPLICIT,VERIFIED,"ED10 parts manual page 9, item 48; ED10 parts manual page 18, item 24; ED10 parts manual page 26, item 15; ED10 parts manual page 35, item 41; ED10 parts manual page 39, item 27; ED10 parts manual page 42, item 4; ED10 parts manual page 44, item 21; ED10 parts manual page 67, item 11; ED10 parts manual page 77, item 5; ED10 parts manual page 279, item 15",ACTIVE
PN-000210,455309030,Sandvik / EIMCO,Underground LHD,ED10,EXPLICIT,VERIFIED,"ED10 parts manual page 9, item 49",ACTIVE
PN-000164,445502795,Sandvik / EIMCO,Underground LHD,ED10,EXPLICIT,VERIFIED,"ED10 parts manual page 9, item 50; ED10 parts manual page 57, item 20; ED10 parts manual page 275, item 4",ACTIVE
PN-000167,445502802,Sandvik / EIMCO,Underground LHD,ED10,EXPLICIT,VERIFIED,"ED10 parts manual page 9, item 51; ED10 parts manual page 176, item 22; ED10 parts manual page 176, item 32; ED10 parts manual page 183, item 15; ED10 parts manual page 183, item 34",ACTIVE
PN-000507,A2U220-211043-0,Sandvik / EIMCO,Underground LHD,ED10,EXPLICIT,VERIFIED,"ED10 parts manual page 9, item 52",ACTIVE
PN-000533,A2U220-250133,Sandvik / EIMCO,Underground LHD,ED10,EXPLICIT,VERIFIED,"ED10 parts manual page 13, item 1",ACTIVE
PN-000688,A2U900-171567,Sandvik / EIMCO,Underground LHD,ED10,EXPLICIT,VERIFIED,"ED10 parts manual page 13, item 2",ACTIVE
PN-000722,A2U900-250134,Sandvik / EIMCO,Underground LHD,ED10,EXPLICIT,VERIFIED,"ED10 parts manual page 13, item 3; ED10 parts manual page 15, item 1",ACTIVE
PN-000723,A2U900-250135,Sandvik / EIMCO,Underground LHD,ED10,EXPLICIT,VERIFIED,"ED10 parts manual page 13, item 4; ED10 parts manual page 15, item 2",ACTIVE
PN-000724,A2U900-250151,Sandvik / EIMCO,Underground LHD,ED10,EXPLICIT,VERIFIED,"ED10 parts manual page 13, item 5",ACTIVE
PN-000899,A2U936-255187,Sandvik / EIMCO,Underground LHD,ED10,EXPLICIT,VERIFIED,"ED10 parts manual page 13, item 6",ACTIVE
PN-001757,D67-12,Sandvik / EIMCO,Underground LHD,ED10,EXPLICIT,VERIFIED,"ED10 parts manual page 13, item 7",ACTIVE
PN-000897,A2U936-255184,Sandvik / EIMCO,Underground LHD,ED10,EXPLICIT,VERIFIED,"ED10 parts manual page 13, item 9; ED10 parts manual page 28, item 4",ACTIVE
PN-001511,D115-19,Sandvik / EIMCO,Underground LHD,ED10,EXPLICIT,VERIFIED,"ED10 parts manual page 13, item 10; ED10 parts manual page 35, item 28",ACTIVE
PN-001849,P2HSS1600N,Sandvik / EIMCO,Underground LHD,ED10,EXPLICIT,VERIFIED,"ED10 parts manual page 13, item 11; ED10 parts manual page 35, item 31; ED10 parts manual page 44, item 11",ACTIVE
PN-000542,A2U220-252042,Sandvik / EIMCO,Underground LHD,ED10,EXPLICIT,VERIFIED,"ED10 parts manual page 13, item 12; ED10 parts manual page 15, item 4",ACTIVE
PN-000026,A2U900-191929,Sandvik / EIMCO,Underground LHD,ED10,EXPLICIT,VERIFIED,"ED10 parts manual page 13, item 13; SANDVIK LS 190-312 PARTS20260228.xlsx, Sheet1, row 54; SANDVIK LS190-B2285 SPARE PARTS LIST_Mining India_24.03.2026.xlsx, Sheet1, row 5",ACTIVE
PN-000165,445502799,Sandvik / EIMCO,Underground LHD,ED10,EXPLICIT,VERIFIED,"ED10 parts manual page 13, item 14; ED10 parts manual page 18, item 11; ED10 parts manual page 24, item 9; ED10 parts manual page 28, item 14; ED10 parts manual page 69, item 11; ED10 parts manual page 275, item 5",ACTIVE
PN-000191,450061619,Sandvik / EIMCO,Underground LHD,ED10,EXPLICIT,VERIFIED,"ED10 parts manual page 13, item 15; ED10 parts manual page 22, item 3; ED10 parts manual page 230, item 2; ED10 parts manual page 235, item 2; ED10 parts manual page 254, item 2; ED10 parts manual page 275, item 8",ACTIVE
PN-000217,455669036,Sandvik / EIMCO,Underground LHD,ED10,EXPLICIT,VERIFIED,"ED10 parts manual page 13, item 18; ED10 parts manual page 183, item 23; ED10 parts manual page 279, item 22",ACTIVE
PN-000534,A2U220-250137,Sandvik / EIMCO,Underground LHD,ED10,EXPLICIT,VERIFIED,"ED10 parts manual page 15, item 3",ACTIVE
PN-000535,A2U220-251089,Sandvik / EIMCO,Underground LHD,ED10,EXPLICIT,VERIFIED,"ED10 parts manual page 18, item 1",ACTIVE
PN-000553,A2U220-256035,Sandvik / EIMCO,Underground LHD,ED10,EXPLICIT,VERIFIED,"ED10 parts manual page 18, item 2",ACTIVE
PN-000731,A2U900-255302,Sandvik / EIMCO,Underground LHD,ED10,EXPLICIT,VERIFIED,"ED10 parts manual page 18, item 3",ACTIVE
PN-000898,A2U936-255185,Sandvik / EIMCO,Underground LHD,ED10,EXPLICIT,VERIFIED,"ED10 parts manual page 18, item 4",ACTIVE
PN-000910,AFP1004-23,Sandvik / EIMCO,Underground LHD,ED10,EXPLICIT,VERIFIED,"ED10 parts manual page 18, item 5",ACTIVE
PN-000913,AFP1009-5,Sandvik / EIMCO,Underground LHD,ED10,EXPLICIT,VERIFIED,"ED10 parts manual page 18, item 6",ACTIVE
PN-000919,B2D12168,Sandvik / EIMCO,Underground LHD,ED10,EXPLICIT,VERIFIED,"ED10 parts manual page 18, item 7; SANDVIK LS190-B2285 SPARE PARTS LIST_Mining India_24.03.2026.xlsx, Sheet1, row 6",ACTIVE
PN-001517,D15-0209,Sandvik / EIMCO,Underground LHD,ED10,EXPLICIT,VERIFIED,"ED10 parts manual page 18, item 8",ACTIVE
PN-001682,D50-0909,Sandvik / EIMCO,Underground LHD,ED10,EXPLICIT,VERIFIED,"ED10 parts manual page 18, item 9; ED10 parts manual page 39, item 15",ACTIVE
PN-001789,DA82-090909,Sandvik / EIMCO,Underground LHD,ED10,EXPLICIT,VERIFIED,"ED10 parts manual page 18, item 10",ACTIVE
PN-000059,A2U220-254090,Sandvik / EIMCO,Underground LHD,ED10,EXPLICIT,VERIFIED,"ED10 parts manual page 18, item 14; SANDVIK LS 190-312 PARTS20260228.xlsx, Sheet1, row 120; SANDVIK LS190-B2285 SPARE PARTS LIST_Mining India_24.03.2026.xlsx, Sheet1, row 7; SANDVIK LS190-B2285 SPARE PARTS LIST_Mining India_24.03.2026.xlsx, Sheet1, row 51; SANDVIK LS190-B2285 SPARE PARTS LIST_Mining India_24.03.2026.xlsx, Sheet1, row 68",ACTIVE
PN-000031,A2U220-256034,Sandvik / EIMCO,Underground LHD,ED10,EXPLICIT,VERIFIED,"ED10 parts manual page 18, item 15; SANDVIK LS 190-312 PARTS20260228.xlsx, Sheet1, row 71",ACTIVE
PN-000730,A2U900-254084,Sandvik / EIMCO,Underground LHD,ED10,EXPLICIT,VERIFIED,"ED10 parts manual page 18, item 16; LS_190_-REQUIREMENT20260107.xlsx, Sheet1, row 26; SANDVIK LS 190-312 PARTS20260228.xlsx, Sheet1, row 72",ACTIVE
PN-000032,A2U900-256033,Sandvik / EIMCO,Underground LHD,ED10,EXPLICIT,VERIFIED,"ED10 parts manual page 18, item 17; SANDVIK LS 190-312 PARTS20260228.xlsx, Sheet1, row 73",ACTIVE
PN-000033,AFP1006-4,Sandvik / EIMCO,Underground LHD,ED10,EXPLICIT,VERIFIED,"ED10 parts manual page 18, item 18; 山特维克ls190-20260806.xlsx, Sheet1, row 6; SANDVIK LS 190-312 PARTS20260228.xlsx, Sheet1, row 74; SANDVIK LS190-B2285 SPARE PARTS LIST_Mining India_24.03.2026.xlsx, Sheet1, row 16; SANDVIK LS190-B2285 SPARE PARTS LIST_Mining India_24.03.2026.xlsx, Sheet1, row 52; Purchase Order-Shanxi.xlsx, Sheet1, row 12; Purchase Order-Shanxi.xlsx, Sheet1, row 16; Purchase Order-Shanxi.xlsx, Sheet1, row 20",ACTIVE
PN-000033,AFP1006-4,Sandvik / EIMCO,Underground LHD,LS190,EXPLICIT,VERIFIED,"ED10 parts manual page 18, item 18; 山特维克ls190-20260806.xlsx, Sheet1, row 6; SANDVIK LS 190-312 PARTS20260228.xlsx, Sheet1, row 74; SANDVIK LS190-B2285 SPARE PARTS LIST_Mining India_24.03.2026.xlsx, Sheet1, row 16; SANDVIK LS190-B2285 SPARE PARTS LIST_Mining India_24.03.2026.xlsx, Sheet1, row 52; Purchase Order-Shanxi.xlsx, Sheet1, row 12; Purchase Order-Shanxi.xlsx, Sheet1, row 16; Purchase Order-Shanxi.xlsx, Sheet1, row 20",ACTIVE
PN-001785,DA81-090909,Sandvik / EIMCO,Underground LHD,ED10,EXPLICIT,VERIFIED,"ED10 parts manual page 18, item 19",ACTIVE
PN-001534,D17-0209,Sandvik / EIMCO,Underground LHD,ED10,EXPLICIT,VERIFIED,"ED10 parts manual page 18, item 20",ACTIVE
PN-000157,445502660,Sandvik / EIMCO,Underground LHD,ED10,EXPLICIT,VERIFIED,"ED10 parts manual page 18, item 21; ED10 parts manual page 71, item 5",ACTIVE
PN-000193,450062506,Sandvik / EIMCO,Underground LHD,ED10,EXPLICIT,VERIFIED,"ED10 parts manual page 18, item 22; ED10 parts manual page 20, item 11; ED10 parts manual page 22, item 4; ED10 parts manual page 67, item 10",ACTIVE
PN-000199,450081116,Sandvik / EIMCO,Underground LHD,ED10,EXPLICIT,VERIFIED,"ED10 parts manual page 18, item 23; ED10 parts manual page 49, item 6; ED10 parts manual page 71, item 6; ED10 parts manual page 184, item 51; ED10 parts manual page 203, item 23; ED10 parts manual page 289, item 2",ACTIVE
PN-000755,A2U900-392169,Sandvik / EIMCO,Underground LHD,ED10,EXPLICIT,VERIFIED,"ED10 parts manual page 18, item 25",ACTIVE
PN-001748,D605-0906,Sandvik / EIMCO,Underground LHD,ED10,EXPLICIT,VERIFIED,"ED10 parts manual page 18, item 26",ACTIVE
PN-000539,A2U220-252036,Sandvik / EIMCO,Underground LHD,ED10,EXPLICIT,VERIFIED,"ED10 parts manual page 20, item 1",ACTIVE
PN-000536,A2U220-251090,Sandvik / EIMCO,Underground LHD,ED10,EXPLICIT,VERIFIED,"ED10 parts manual page 20, item 2",ACTIVE
PN-000729,A2U900-254082,Sandvik / EIMCO,Underground LHD,ED10,EXPLICIT,VERIFIED,"ED10 parts manual page 20, item 3",ACTIVE
PN-000544,A2U220-254088,Sandvik / EIMCO,Underground LHD,ED10,EXPLICIT,VERIFIED,"ED10 parts manual page 20, item 4; SANDVIK LS190-B2285 SPARE PARTS LIST_Mining India_24.03.2026.xlsx, Sheet1, row 8",ACTIVE
PN-000545,A2U220-254089,Sandvik / EIMCO,Underground LHD,ED10,EXPLICIT,VERIFIED,"ED10 parts manual page 20, item 5; SANDVIK LS190-B2285 SPARE PARTS LIST_Mining India_24.03.2026.xlsx, Sheet1, row 9",ACTIVE
PN-000356,A2U130-171207,Sandvik / EIMCO,Underground LHD,ED10,EXPLICIT,VERIFIED,"ED10 parts manual page 20, item 6",ACTIVE
PN-000887,A2U921-171178,Sandvik / EIMCO,Underground LHD,ED10,EXPLICIT,VERIFIED,"ED10 parts manual page 20, item 7",ACTIVE
PN-000537,A2U220-251091,Sandvik / EIMCO,Underground LHD,ED10,EXPLICIT,VERIFIED,"ED10 parts manual page 20, item 8",ACTIVE
PN-000725,A2U900-252029,Sandvik / EIMCO,Underground LHD,ED10,EXPLICIT,VERIFIED,"ED10 parts manual page 20, item 9",ACTIVE
PN-000159,445502755,Sandvik / EIMCO,Underground LHD,ED10,EXPLICIT,VERIFIED,"ED10 parts manual page 20, item 10",ACTIVE
PN-000749,A2U900-392103,Sandvik / EIMCO,Underground LHD,ED10,EXPLICIT,VERIFIED,"ED10 parts manual page 20, item 12",ACTIVE
PN-000750,A2U900-392104,Sandvik / EIMCO,Underground LHD,ED10,EXPLICIT,VERIFIED,"ED10 parts manual page 20, item 13; ED10 parts manual page 80, item 18; ED10 parts manual page 180, item 3",ACTIVE
PN-000204,45502807,Sandvik / EIMCO,Underground LHD,ED10,EXPLICIT,VERIFIED,"ED10 parts manual page 22, item 1",ACTIVE
PN-000174,445502845,Sandvik / EIMCO,Underground LHD,ED10,EXPLICIT,VERIFIED,"ED10 parts manual page 22, item 2; ED10 parts manual page 279, item 14; ED10 parts manual page 317, item 7",ACTIVE
PN-000546,A2U220-254091,Sandvik / EIMCO,Underground LHD,ED10,EXPLICIT,VERIFIED,"ED10 parts manual page 22, item 5; SANDVIK LS190-B2285 SPARE PARTS LIST_Mining India_24.03.2026.xlsx, Sheet1, row 17",ACTIVE
PN-000547,A2U220-254092,Sandvik / EIMCO,Underground LHD,ED10,EXPLICIT,VERIFIED,"ED10 parts manual page 22, item 6; SANDVIK LS190-B2285 SPARE PARTS LIST_Mining India_24.03.2026.xlsx, Sheet1, row 18",ACTIVE
PN-000554,A2U220-257011,Sandvik / EIMCO,Underground LHD,ED10,EXPLICIT,VERIFIED,"ED10 parts manual page 22, item 7; SANDVIK LS190-B2285 SPARE PARTS LIST_Mining India_24.03.2026.xlsx, Sheet1, row 13",ACTIVE
PN-001737,D59-02,Sandvik / EIMCO,Underground LHD,ED10,EXPLICIT,VERIFIED,"ED10 parts manual page 22, item 8; ED10 parts manual page 69, item 9",ACTIVE
PN-001739,D60-06,Sandvik / EIMCO,Underground LHD,ED10,EXPLICIT,VERIFIED,"ED10 parts manual page 22, item 9",ACTIVE
PN-000551,A2U220-255301,Sandvik / EIMCO,Underground LHD,ED10,EXPLICIT,VERIFIED,"ED10 parts manual page 24, item 1",ACTIVE
PN-000540,A2U220-252038,Sandvik / EIMCO,Underground LHD,ED10,EXPLICIT,VERIFIED,"ED10 parts manual page 24, item 2",ACTIVE
PN-000550,A2U220-255296,Sandvik / EIMCO,Underground LHD,ED10,EXPLICIT,VERIFIED,"ED10 parts manual page 24, item 3",ACTIVE
PN-000552,A2U220-255321,Sandvik / EIMCO,Underground LHD,ED10,EXPLICIT,VERIFIED,"ED10 parts manual page 24, item 4",ACTIVE
PN-000549,A2U220-254095,Sandvik / EIMCO,Underground LHD,ED10,EXPLICIT,VERIFIED,"ED10 parts manual page 24, item 5; SANDVIK LS190-B2285 SPARE PARTS LIST_Mining India_24.03.2026.xlsx, Sheet1, row 11",ACTIVE
PN-000548,A2U220-254094,Sandvik / EIMCO,Underground LHD,ED10,EXPLICIT,VERIFIED,"ED10 parts manual page 24, item 6",ACTIVE
PN-000679,A2U450-244083,Sandvik / EIMCO,Underground LHD,ED10,EXPLICIT,VERIFIED,"ED10 parts manual page 24, item 7; SANDVIK LS190-B2285 SPARE PARTS LIST_Mining India_24.03.2026.xlsx, Sheet1, row 15",ACTIVE
PN-001649,D2NP14-8343,Sandvik / EIMCO,Underground LHD,ED10,EXPLICIT,VERIFIED,"ED10 parts manual page 24, item 8; ED10 parts manual page 57, item 16; ED10 parts manual page 67, item 13; SANDVIK LS 190-312 PARTS20260228.xlsx, Sheet1, row 150; SANDVIK LS190-B2285 SPARE PARTS LIST_Mining India_24.03.2026.xlsx, Sheet1, row 12; SANDVIK LS190-B2285 SPARE PARTS LIST_Mining India_24.03.2026.xlsx, Sheet1, row 58; SANDVIK LS190-B2285 SPARE PARTS LIST_Mining India_24.03.2026.xlsx, Sheet1, row 101; Purchase Order-Shanxi.xlsx, Sheet1, row 11; Purchase Order-Shanxi.xlsx, Sheet1, row 17; Purchase Order-Shanxi.xlsx, Sheet1, row 22",ACTIVE
PN-001649,D2NP14-8343,Sandvik / EIMCO,Underground LHD,LS190,EXPLICIT,VERIFIED,"ED10 parts manual page 24, item 8; ED10 parts manual page 57, item 16; ED10 parts manual page 67, item 13; SANDVIK LS 190-312 PARTS20260228.xlsx, Sheet1, row 150; SANDVIK LS190-B2285 SPARE PARTS LIST_Mining India_24.03.2026.xlsx, Sheet1, row 12; SANDVIK LS190-B2285 SPARE PARTS LIST_Mining India_24.03.2026.xlsx, Sheet1, row 58; SANDVIK LS190-B2285 SPARE PARTS LIST_Mining India_24.03.2026.xlsx, Sheet1, row 101; Purchase Order-Shanxi.xlsx, Sheet1, row 11; Purchase Order-Shanxi.xlsx, Sheet1, row 17; Purchase Order-Shanxi.xlsx, Sheet1, row 22",ACTIVE
PN-000171,445502842,Sandvik / EIMCO,Underground LHD,ED10,EXPLICIT,VERIFIED,"ED10 parts manual page 24, item 10; ED10 parts manual page 24, item 11; ED10 parts manual page 36, item 47; ED10 parts manual page 44, item 1; ED10 parts manual page 173, item 17; ED10 parts manual page 183, item 19; ED10 parts manual page 275, item 6; ED10 parts manual page 279, item 13; ED10 parts manual page 319, item 12",ACTIVE
PN-000325,64404408,Sandvik / EIMCO,Underground LHD,ED10,EXPLICIT,VERIFIED,"ED10 parts manual page 24, item 12; ED10 parts manual page 39, item 22; ED10 parts manual page 49, item 28; ED10 parts manual page 183, item 22; ED10 parts manual page 232, item 6; ED10 parts manual page 279, item 18",ACTIVE
PN-000034,A2U936-694046,Sandvik / EIMCO,Underground LHD,ED10,EXPLICIT,VERIFIED,"ED10 parts manual page 24, item 13; 山特维克ls190-20260806.xlsx, Sheet1, row 24; SANDVIK LS 190-312 PARTS20260228.xlsx, Sheet1, row 75",ACTIVE
PN-000584,A2U220-291228,Sandvik / EIMCO,Underground LHD,ED10,EXPLICIT,VERIFIED,"ED10 parts manual page 24, item 14",ACTIVE
PN-000140,445402816,Sandvik / EIMCO,Underground LHD,ED10,EXPLICIT,VERIFIED,"ED10 parts manual page 26, item 1",ACTIVE
PN-000737,A2U900-292008,Sandvik / EIMCO,Underground LHD,ED10,EXPLICIT,VERIFIED,"ED10 parts manual page 26, item 2",ACTIVE
PN-000691,A2U900-191928,Sandvik / EIMCO,Underground LHD,ED10,EXPLICIT,VERIFIED,"ED10 parts manual page 26, item 3; SANDVIK LS190-B2285 SPARE PARTS LIST_Mining India_24.03.2026.xlsx, Sheet1, row 10",ACTIVE
PN-000541,A2U220-252039,Sandvik / EIMCO,Underground LHD,ED10,EXPLICIT,VERIFIED,"ED10 parts manual page 26, item 4",ACTIVE
PN-000481,A2U220-196142,Sandvik / EIMCO,Underground LHD,ED10,EXPLICIT,VERIFIED,"ED10 parts manual page 26, item 5",ACTIVE
PN-000847,A2U913-252021,Sandvik / EIMCO,Underground LHD,ED10,EXPLICIT,VERIFIED,"ED10 parts manual page 26, item 6",ACTIVE
PN-000726,A2U900-252050,Sandvik / EIMCO,Underground LHD,ED10,EXPLICIT,VERIFIED,"ED10 parts manual page 26, item 7",ACTIVE
PN-000610,A2U220-378028,Sandvik / EIMCO,Underground LHD,ED10,EXPLICIT,VERIFIED,"ED10 parts manual page 26, item 8",ACTIVE
PN-000611,A2U220-378029,Sandvik / EIMCO,Underground LHD,ED10,EXPLICIT,VERIFIED,"ED10 parts manual page 26, item 9",ACTIVE
PN-000184,445504761,Sandvik / EIMCO,Underground LHD,ED10,EXPLICIT,VERIFIED,"ED10 parts manual page 26, item 10",ACTIVE
PN-000211,455309034,Sandvik / EIMCO,Underground LHD,ED10,EXPLICIT,VERIFIED,"ED10 parts manual page 26, item 11; ED10 parts manual page 39, item 30; ED10 parts manual page 39, item 31; ED10 parts manual page 42, item 10; ED10 parts manual page 80, item 14; ED10 parts manual page 183, item 17; ED10 parts manual page 183, item 35",ACTIVE
PN-000216,455669034,Sandvik / EIMCO,Underground LHD,ED10,EXPLICIT,VERIFIED,"ED10 parts manual page 26, item 12; ED10 parts manual page 28, item 15; ED10 parts manual page 46, item 4; ED10 parts manual page 173, item 20; ED10 parts manual page 209, item 7",ACTIVE
PN-000895,A2U925-263001,Sandvik / EIMCO,Underground LHD,ED10,EXPLICIT,VERIFIED,"ED10 parts manual page 28, item 1; ED10 parts manual page 35, item 45; ED10 parts manual page 44, item 7",ACTIVE
PN-000727,A2U900-253007,Sandvik / EIMCO,Underground LHD,ED10,EXPLICIT,VERIFIED,"ED10 parts manual page 28, item 2",ACTIVE
PN-000702,A2U900-237007,Sandvik / EIMCO,Underground LHD,ED10,EXPLICIT,VERIFIED,"ED10 parts manual page 28, item 3; SANDVIK LS190-B2285 SPARE PARTS LIST_Mining India_24.03.2026.xlsx, Sheet1, row 63",ACTIVE
PN-000699,A2U900-231034,Sandvik / EIMCO,Underground LHD,ED10,EXPLICIT,VERIFIED,"ED10 parts manual page 28, item 5",ACTIVE
PN-000728,A2U900-254054,Sandvik / EIMCO,Underground LHD,ED10,EXPLICIT,VERIFIED,"ED10 parts manual page 28, item 6",ACTIVE
PN-000048,A2U921-254035,Sandvik / EIMCO,Underground LHD,ED10,EXPLICIT,VERIFIED,"ED10 parts manual page 28, item 7; SANDVIK LS 190-312 PARTS20260228.xlsx, Sheet1, row 98; SANDVIK LS190-B2285 SPARE PARTS LIST_Mining India_24.03.2026.xlsx, Sheet1, row 67",ACTIVE
PN-000906,A2U955-252017,Sandvik / EIMCO,Underground LHD,ED10,EXPLICIT,VERIFIED,"ED10 parts manual page 28, item 8",ACTIVE
PN-000394,A2U130-255261,Sandvik / EIMCO,Underground LHD,ED10,EXPLICIT,VERIFIED,"ED10 parts manual page 28, item 9",ACTIVE
PN-000538,A2U220-251093,Sandvik / EIMCO,Underground LHD,ED10,EXPLICIT,VERIFIED,"ED10 parts manual page 28, item 10",ACTIVE
PN-000785,A2U900-592030,Sandvik / EIMCO,Underground LHD,ED10,EXPLICIT,VERIFIED,"ED10 parts manual page 28, item 11; SANDVIK LS 190-312 PARTS20260228.xlsx, Sheet1, row 159",ACTIVE
PN-000753,A2U900-392117,Sandvik / EIMCO,Underground LHD,ED10,EXPLICIT,VERIFIED,"ED10 parts manual page 28, item 12; ED10 parts manual page 30, item 10",ACTIVE
PN-000142,445402820,Sandvik / EIMCO,Underground LHD,ED10,EXPLICIT,VERIFIED,"ED10 parts manual page 28, item 13",ACTIVE
PN-000523,A2U220-232019,Sandvik / EIMCO,Underground LHD,ED10,EXPLICIT,VERIFIED,"ED10 parts manual page 30, item 1",ACTIVE
PN-000347,912-3072394,Sandvik / EIMCO,Underground LHD,ED10,EXPLICIT,VERIFIED,"ED10 parts manual page 30, item 2; SANDVIK LS190-B2285 SPARE PARTS LIST_Mining India_24.03.2026.xlsx, Sheet1, row 49",ACTIVE
PN-000335,65823042,Sandvik / EIMCO,Underground LHD,ED10,EXPLICIT,VERIFIED,"ED10 parts manual page 30, item 3; SANDVIK LS 190-312 PARTS20260228.xlsx, Sheet1, row 102",ACTIVE
PN-000392,A2U130-238006,Sandvik / EIMCO,Underground LHD,ED10,EXPLICIT,VERIFIED,"ED10 parts manual page 30, item 4; SANDVIK LS 190-312 PARTS20260228.xlsx, Sheet1, row 99",ACTIVE
PN-000522,A2U220-231039,Sandvik / EIMCO,Underground LHD,ED10,EXPLICIT,VERIFIED,"ED10 parts manual page 30, item 5",ACTIVE
PN-001506,CN77-12,Sandvik / EIMCO,Underground LHD,ED10,EXPLICIT,VERIFIED,"ED10 parts manual page 30, item 6",ACTIVE
PN-001673,D40-2424,Sandvik / EIMCO,Underground LHD,ED10,EXPLICIT,VERIFIED,"ED10 parts manual page 30, item 8",ACTIVE
PN-000701,A2U900-237005,Sandvik / EIMCO,Underground LHD,ED10,EXPLICIT,VERIFIED,"ED10 parts manual page 30, item 9; SANDVIK LS 190-312 PARTS20260228.xlsx, Sheet1, row 101",ACTIVE
PN-000180,445502939,Sandvik / EIMCO,Underground LHD,ED10,EXPLICIT,VERIFIED,"ED10 parts manual page 30, item 11",ACTIVE
PN-001778,DA4-2424,Sandvik / EIMCO,Underground LHD,ED10,EXPLICIT,VERIFIED,"ED10 parts manual page 30, item 12",ACTIVE
PN-000747,A2U900-392100,Sandvik / EIMCO,Underground LHD,ED10,EXPLICIT,VERIFIED,"ED10 parts manual page 30, item 14; ED10 parts manual page 80, item 19; ED10 parts manual page 180, item 4",ACTIVE
PN-000700,A2U900-237004,Sandvik / EIMCO,Underground LHD,ED10,EXPLICIT,VERIFIED,"ED10 parts manual page 30, item 15",ACTIVE
PN-000573,A2U220-265065,Sandvik / EIMCO,Underground LHD,ED10,EXPLICIT,VERIFIED,"ED10 parts manual page 35, item 1; SANDVIK LS190-B2285 SPARE PARTS LIST_Mining India_24.03.2026.xlsx, Sheet1, row 93",ACTIVE
PN-001742,D60-8,Sandvik / EIMCO,Underground LHD,ED10,EXPLICIT,VERIFIED,"ED10 parts manual page 35, item 2",ACTIVE
PN-001648,D2NP14-8337,Sandvik / EIMCO,Underground LHD,ED10,EXPLICIT,VERIFIED,"ED10 parts manual page 35, item 3; SANDVIK LS 190-312 PARTS20260228.xlsx, Sheet1, row 144; SANDVIK LS190-B2285 SPARE PARTS LIST_Mining India_24.03.2026.xlsx, Sheet1, row 94",ACTIVE
PN-000569,A2U220-265060,Sandvik / EIMCO,Underground LHD,ED10,EXPLICIT,VERIFIED,"ED10 parts manual page 35, item 4",ACTIVE
PN-000568,A2U220-265058,Sandvik / EIMCO,Underground LHD,ED10,EXPLICIT,VERIFIED,"ED10 parts manual page 35, item 5",ACTIVE
PN-001644,D2NP10-5541,Sandvik / EIMCO,Underground LHD,ED10,EXPLICIT,VERIFIED,"ED10 parts manual page 35, item 6; SANDVIK LS190-B2285 SPARE PARTS LIST_Mining India_24.03.2026.xlsx, Sheet1, row 92; Purchase Order-Shanxi.xlsx, Sheet1, row 21",ACTIVE
PN-001644,D2NP10-5541,Sandvik / EIMCO,Underground LHD,LS190,EXPLICIT,VERIFIED,"ED10 parts manual page 35, item 6; SANDVIK LS190-B2285 SPARE PARTS LIST_Mining India_24.03.2026.xlsx, Sheet1, row 92; Purchase Order-Shanxi.xlsx, Sheet1, row 21",ACTIVE
PN-000571,A2U220-265063,Sandvik / EIMCO,Underground LHD,ED10,EXPLICIT,VERIFIED,"ED10 parts manual page 35, item 7",ACTIVE
PN-001509,D110-48,Sandvik / EIMCO,Underground LHD,ED10,EXPLICIT,VERIFIED,"ED10 parts manual page 35, item 9",ACTIVE
PN-001848,P2FHB,Sandvik / EIMCO,Underground LHD,ED10,EXPLICIT,VERIFIED,"ED10 parts manual page 35, item 10; ED10 parts manual page 44, item 12; ED10 parts manual page 304, item 20; ED10 parts manual page 308, item 5",ACTIVE
PN-001510,D115-125,Sandvik / EIMCO,Underground LHD,ED10,EXPLICIT,VERIFIED,"ED10 parts manual page 35, item 11",ACTIVE
PN-001699,D52 1207,Sandvik / EIMCO,Underground LHD,ED10,EXPLICIT,VERIFIED,"ED10 parts manual page 35, item 14",ACTIVE
PN-001750,D62-12,Sandvik / EIMCO,Underground LHD,ED10,EXPLICIT,VERIFIED,"ED10 parts manual page 35, item 15; ED10 parts manual page 243, item 6; ED10 parts manual page 243, item 8; ED10 parts manual page 285, item 12",ACTIVE
PN-001700,D52 87,Sandvik / EIMCO,Underground LHD,ED10,EXPLICIT,VERIFIED,"ED10 parts manual page 35, item 16",ACTIVE
PN-001686,D50-77,Sandvik / EIMCO,Underground LHD,ED10,EXPLICIT,VERIFIED,"ED10 parts manual page 35, item 17; ED10 parts manual page 203, item 9; ED10 parts manual page 243, item 14; ED10 parts manual page 294, item 11; ED10 parts manual page 300, item 17",ACTIVE
PN-001513,D15 47,Sandvik / EIMCO,Underground LHD,ED10,EXPLICIT,VERIFIED,"ED10 parts manual page 35, item 18; ED10 parts manual page 289, item 4",ACTIVE
PN-000831,A2U900-694090,Sandvik / EIMCO,Underground LHD,ED10,EXPLICIT,VERIFIED,ED10 manual page 35 lists A2U900-694090 in Engine Cooling Group as engine coolant transmitter; ED10 safety schematic identifies ENGINE COOLANT THERMOSTATS (2 OFF) 103°C - A2U900-694090. RFQ wording 'VALVE TEMP SHUTDOWN 103 DEG' is functional wording.,ACTIVE
PN-000572,A2U220-265064,Sandvik / EIMCO,Underground LHD,ED10,EXPLICIT,VERIFIED,"ED10 parts manual page 35, item 21",ACTIVE
PN-001895,VGB7,Sandvik / EIMCO,Underground LHD,ED10,EXPLICIT,VERIFIED,"ED10 parts manual page 35, item 23; ED10 parts manual page 302, item 4",ACTIVE
PN-001056,C2A6V3940,Sandvik / EIMCO,Underground LHD,ED10,EXPLICIT,VERIFIED,"ED10 parts manual page 35, item 24",ACTIVE
PN-000570,A2U220-265061,Sandvik / EIMCO,Underground LHD,ED10,EXPLICIT,VERIFIED,"ED10 parts manual page 35, item 25",ACTIVE
PN-001044,C2A2W7212,Sandvik / EIMCO,Underground LHD,ED10,EXPLICIT,VERIFIED,"ED10 parts manual page 35, item 26; ED10 parts manual page 36, item 55",ACTIVE
PN-001035,C2A1028392,Sandvik / EIMCO,Underground LHD,ED10,EXPLICIT,VERIFIED,"ED10 parts manual page 35, item 27",ACTIVE
PN-001670,D39-1212,Sandvik / EIMCO,Underground LHD,ED10,EXPLICIT,VERIFIED,"ED10 parts manual page 35, item 29",ACTIVE
PN-000848,A2U913-255197,Sandvik / EIMCO,Underground LHD,ED10,EXPLICIT,VERIFIED,"ED10 parts manual page 35, item 30; ED10 parts manual page 44, item 13",ACTIVE
PN-001661,D37-44,Sandvik / EIMCO,Underground LHD,ED10,EXPLICIT,VERIFIED,"ED10 parts manual page 35, item 32; ED10 parts manual page 279, item 6",ACTIVE
PN-001772,D95-1712,Sandvik / EIMCO,Underground LHD,ED10,EXPLICIT,VERIFIED,"ED10 parts manual page 35, item 33",ACTIVE
PN-001664,D38-1212,Sandvik / EIMCO,Underground LHD,ED10,EXPLICIT,VERIFIED,"ED10 parts manual page 35, item 34",ACTIVE
PN-001037,C2A1325243,Sandvik / EIMCO,Underground LHD,ED10,EXPLICIT,VERIFIED,"ED10 parts manual page 35, item 35",ACTIVE
PN-000733,A2U900-260073,Sandvik / EIMCO,Underground LHD,ED10,EXPLICIT,VERIFIED,"ED10 parts manual page 35, item 36",ACTIVE
PN-001053,C2A5S1218,Sandvik / EIMCO,Underground LHD,ED10,EXPLICIT,VERIFIED,"ED10 parts manual page 35, item 37; ED10 parts manual page 44, item 19; SANDVIK LS190-B2285 SPARE PARTS LIST_Mining India_24.03.2026.xlsx, Sheet1, row 38",ACTIVE
PN-000735,A2U900-291249,Sandvik / EIMCO,Underground LHD,ED10,EXPLICIT,VERIFIED,"ED10 parts manual page 35, item 38; ED10 parts manual page 44, item 15; ED10 parts manual page 275, item 18; SANDVIK LS 190-312 PARTS20260228.xlsx, Sheet1, row 108; SANDVIK LS190-B2285 SPARE PARTS LIST_Mining India_24.03.2026.xlsx, Sheet1, row 36; SANDVIK LS190-B2285 SPARE PARTS LIST_Mining India_24.03.2026.xlsx, Sheet1, row 254",ACTIVE
PN-000900,A2U936-263005,Sandvik / EIMCO,Underground LHD,ED10,EXPLICIT,VERIFIED,"ED10 parts manual page 35, item 39; ED10 parts manual page 44, item 17",ACTIVE
PN-000163,445502767,Sandvik / EIMCO,Underground LHD,ED10,EXPLICIT,VERIFIED,"ED10 parts manual page 35, item 42; ED10 parts manual page 44, item 2",ACTIVE
PN-001667,D39-0404,Sandvik / EIMCO,Underground LHD,ED10,EXPLICIT,VERIFIED,"ED10 parts manual page 35, item 43; ED10 parts manual page 44, item 3",ACTIVE
PN-000202,450081124,Sandvik / EIMCO,Underground LHD,ED10,EXPLICIT,VERIFIED,"ED10 parts manual page 36, item 46; ED10 parts manual page 39, item 23; ED10 parts manual page 44, item 20; ED10 parts manual page 49, item 29; ED10 parts manual page 173, item 16; ED10 parts manual page 176, item 16; ED10 parts manual page 183, item 20; ED10 parts manual page 186, item 7; ED10 parts manual page 230, item 3; ED10 parts manual page 235, item 3; ED10 parts manual page 254, item 3; ED10 parts manual page 275, item 11; ED10 parts manual page 279, item 20; ED10 parts manual page 317, item 6",ACTIVE
PN-000559,A2U220-261077,Sandvik / EIMCO,Underground LHD,ED10,EXPLICIT,VERIFIED,"ED10 parts manual page 36, item 48",ACTIVE
PN-001851,P3RVD,Sandvik / EIMCO,Underground LHD,ED10,EXPLICIT,VERIFIED,"ED10 parts manual page 36, item 49; ED10 parts manual page 39, item 33",ACTIVE
PN-000557,A2U220-261072,Sandvik / EIMCO,Underground LHD,ED10,EXPLICIT,VERIFIED,"ED10 parts manual page 36, item 50",ACTIVE
PN-000574,A2U220-267109,Sandvik / EIMCO,Underground LHD,ED10,EXPLICIT,VERIFIED,"ED10 parts manual page 36, item 51",ACTIVE
PN-001054,C2A5S4629,Sandvik / EIMCO,Underground LHD,ED10,EXPLICIT,VERIFIED,"ED10 parts manual page 36, item 52; ED10 parts manual page 44, item 9; SANDVIK LS190-B2285 SPARE PARTS LIST_Mining India_24.03.2026.xlsx, Sheet1, row 39",ACTIVE
PN-001052,C2A5S1213,Sandvik / EIMCO,Underground LHD,ED10,EXPLICIT,VERIFIED,"ED10 parts manual page 36, item 53; ED10 parts manual page 44, item 8",ACTIVE
PN-000567,A2U220-265055,Sandvik / EIMCO,Underground LHD,ED10,EXPLICIT,VERIFIED,"ED10 parts manual page 36, item 54",ACTIVE
PN-000560,A2U220-261078,Sandvik / EIMCO,Underground LHD,ED10,EXPLICIT,VERIFIED,"ED10 parts manual page 39, item 1",ACTIVE
PN-000640,A2U220-521048,Sandvik / EIMCO,Underground LHD,ED10,EXPLICIT,VERIFIED,"ED10 parts manual page 39, item 2",ACTIVE
PN-000579,A2U220-267118,Sandvik / EIMCO,Underground LHD,ED10,EXPLICIT,VERIFIED,"ED10 parts manual page 39, item 3",ACTIVE
PN-000135,445208762,Sandvik / EIMCO,Underground LHD,ED10,EXPLICIT,VERIFIED,"ED10 parts manual page 39, item 4",ACTIVE
PN-001790,DA82-171717,Sandvik / EIMCO,Underground LHD,ED10,EXPLICIT,VERIFIED,"ED10 parts manual page 39, item 5; ED10 parts manual page 247, item 9",ACTIVE
PN-001702,D52-1217,Sandvik / EIMCO,Underground LHD,ED10,EXPLICIT,VERIFIED,"ED10 parts manual page 39, item 6",ACTIVE
PN-000669,A2U220-594468,Sandvik / EIMCO,Underground LHD,ED10,EXPLICIT,VERIFIED,"ED10 parts manual page 39, item 7",ACTIVE
PN-001683,D50-1717,Sandvik / EIMCO,Underground LHD,ED10,EXPLICIT,VERIFIED,"ED10 parts manual page 39, item 8; ED10 parts manual page 216, item 8; ED10 parts manual page 230, item 16; ED10 parts manual page 243, item 20",ACTIVE
PN-001540,D17-1217,Sandvik / EIMCO,Underground LHD,ED10,EXPLICIT,VERIFIED,"ED10 parts manual page 39, item 9; ED10 parts manual page 247, item 2; ED10 parts manual page 251, item 18",ACTIVE
PN-001591,D2900-12-140-17,Sandvik / EIMCO,Underground LHD,ED10,EXPLICIT,VERIFIED,"ED10 parts manual page 39, item 10; ED10 parts manual page 220, item 9; ED10 parts manual page 223, item 15; ED10 parts manual page 240, item 3; ED10 parts manual page 251, item 3",ACTIVE
PN-001593,D2900-12-230-17,Sandvik / EIMCO,Underground LHD,ED10,EXPLICIT,VERIFIED,"ED10 parts manual page 39, item 11",ACTIVE
PN-001599,D2900-12-70-17,Sandvik / EIMCO,Underground LHD,ED10,EXPLICIT,VERIFIED,"ED10 parts manual page 39, item 12",ACTIVE
PN-001587,D2900-06-400-09,Sandvik / EIMCO,Underground LHD,ED10,EXPLICIT,VERIFIED,"ED10 parts manual page 39, item 13",ACTIVE
PN-000576,A2U220-267112,Sandvik / EIMCO,Underground LHD,ED10,EXPLICIT,VERIFIED,"ED10 parts manual page 39, item 16",ACTIVE
PN-000575,A2U220-267111,Sandvik / EIMCO,Underground LHD,ED10,EXPLICIT,VERIFIED,"ED10 parts manual page 39, item 17",ACTIVE
PN-000577,A2U220-267113,Sandvik / EIMCO,Underground LHD,ED10,EXPLICIT,VERIFIED,"ED10 parts manual page 39, item 18; LS 190-PO.xlsx, Table1, row 18; LS_190_-REQUIREMENT20260107.xlsx, Sheet1, row 25; SANDVIK LS 190-312 PARTS20260228.xlsx, Sheet1, row 141",ACTIVE
PN-000577,A2U220-267113,Sandvik / EIMCO,Underground LHD,LS190,EXPLICIT,VERIFIED,"ED10 parts manual page 39, item 18; LS 190-PO.xlsx, Table1, row 18; LS_190_-REQUIREMENT20260107.xlsx, Sheet1, row 25; SANDVIK LS 190-312 PARTS20260228.xlsx, Sheet1, row 141",ACTIVE
PN-000578,A2U220-267116,Sandvik / EIMCO,Underground LHD,ED10,EXPLICIT,VERIFIED,"ED10 parts manual page 39, item 19",ACTIVE
PN-000465,A2U220-1911080,Sandvik / EIMCO,Underground LHD,ED10,EXPLICIT,VERIFIED,"ED10 parts manual page 39, item 20",ACTIVE
PN-000585,A2U220-291237,Sandvik / EIMCO,Underground LHD,ED10,EXPLICIT,VERIFIED,"ED10 parts manual page 39, item 21",ACTIVE
PN-000176,445502848,Sandvik / EIMCO,Underground LHD,ED10,EXPLICIT,VERIFIED,"ED10 parts manual page 39, item 24; ED10 parts manual page 176, item 15; ED10 parts manual page 186, item 6",ACTIVE
PN-000175,445502847,Sandvik / EIMCO,Underground LHD,ED10,EXPLICIT,VERIFIED,"ED10 parts manual page 39, item 25; ED10 parts manual page 49, item 27; ED10 parts manual page 169, item 9; ED10 parts manual page 171, item 9; ED10 parts manual page 183, item 26",ACTIVE
PN-000754,A2U900-392131,Sandvik / EIMCO,Underground LHD,ED10,EXPLICIT,VERIFIED,"ED10 parts manual page 39, item 26",ACTIVE
PN-000168,445502806,Sandvik / EIMCO,Underground LHD,ED10,EXPLICIT,VERIFIED,"ED10 parts manual page 39, item 28; ED10 parts manual page 67, item 9; ED10 parts manual page 209, item 11",ACTIVE
PN-001559,D21-0806,Sandvik / EIMCO,Underground LHD,ED10,EXPLICIT,VERIFIED,"ED10 parts manual page 39, item 32",ACTIVE
PN-001522,D15-2021,Sandvik / EIMCO,Underground LHD,ED10,EXPLICIT,VERIFIED,"ED10 parts manual page 39, item 34; ED10 parts manual page 251, item 14; ED10 parts manual page 279, item 12",ACTIVE
PN-001561,D21-2016,Sandvik / EIMCO,Underground LHD,ED10,EXPLICIT,VERIFIED,"ED10 parts manual page 39, item 35; ED10 parts manual page 252, item 53",ACTIVE
PN-000436,A2U130-596196,Sandvik / EIMCO,Underground LHD,ED10,EXPLICIT,VERIFIED,"ED10 parts manual page 39, item 36; ED10 parts manual page 252, item 54",ACTIVE
PN-001603,D2900-16-180-21,Sandvik / EIMCO,Underground LHD,ED10,EXPLICIT,VERIFIED,"ED10 parts manual page 39, item 37; ED10 parts manual page 252, item 50",ACTIVE
PN-001604,D2900-16-230-21,Sandvik / EIMCO,Underground LHD,ED10,EXPLICIT,VERIFIED,"ED10 parts manual page 39, item 38",ACTIVE
PN-001533,D16-2121,Sandvik / EIMCO,Underground LHD,ED10,EXPLICIT,VERIFIED,"ED10 parts manual page 39, item 39",ACTIVE
PN-000592,A2U220-318001,Sandvik / EIMCO,Underground LHD,ED10,EXPLICIT,VERIFIED,"ED10 parts manual page 39, item 40; ED10 parts manual page 251, item 12; SANDVIK LS190-B2285 SPARE PARTS LIST_Mining India_24.03.2026.xlsx, Sheet1, row 106",ACTIVE
PN-000136,445208770,Sandvik / EIMCO,Underground LHD,ED10,EXPLICIT,VERIFIED,"ED10 parts manual page 39, item 41",ACTIVE
PN-000558,A2U220-261073,Sandvik / EIMCO,Underground LHD,ED10,EXPLICIT,VERIFIED,"ED10 parts manual page 42, item 1",ACTIVE
PN-000564,A2U220-262088,Sandvik / EIMCO,Underground LHD,ED10,EXPLICIT,VERIFIED,"ED10 parts manual page 42, item 2",ACTIVE
PN-000566,A2U220-262096,Sandvik / EIMCO,Underground LHD,ED10,EXPLICIT,VERIFIED,"ED10 parts manual page 42, item 3",ACTIVE
PN-000161,445502761,Sandvik / EIMCO,Underground LHD,ED10,EXPLICIT,VERIFIED,"ED10 parts manual page 42, item 5",ACTIVE
PN-001838,L600001136,Sandvik / EIMCO,Underground LHD,ED10,EXPLICIT,VERIFIED,"ED10 parts manual page 42, item 9",ACTIVE
PN-000543,A2U220-252046,Sandvik / EIMCO,Underground LHD,ED10,EXPLICIT,VERIFIED,"ED10 parts manual page 42, item 11",ACTIVE
PN-000141,445402819,Sandvik / EIMCO,Underground LHD,ED10,EXPLICIT,VERIFIED,"ED10 parts manual page 42, item 12",ACTIVE
PN-001837,L455669034,Sandvik / EIMCO,Underground LHD,ED10,EXPLICIT,VERIFIED,"ED10 parts manual page 42, item 13",ACTIVE
PN-000563,A2U220-262085,Sandvik / EIMCO,Underground LHD,ED10,EXPLICIT,VERIFIED,"ED10 parts manual page 42, item 14",ACTIVE
PN-000565,A2U220-262089,Sandvik / EIMCO,Underground LHD,ED10,EXPLICIT,VERIFIED,"ED10 parts manual page 42, item 15",ACTIVE
PN-000561,A2U220-262083,Sandvik / EIMCO,Underground LHD,ED10,EXPLICIT,VERIFIED,"ED10 parts manual page 42, item 16",ACTIVE
PN-000562,A2U220-262084,Sandvik / EIMCO,Underground LHD,ED10,EXPLICIT,VERIFIED,"ED10 parts manual page 42, item 17",ACTIVE
PN-001657,D37-0404,Sandvik / EIMCO,Underground LHD,ED10,EXPLICIT,VERIFIED,"ED10 parts manual page 44, item 4",ACTIVE
PN-001535,D17-0407,Sandvik / EIMCO,Underground LHD,ED10,EXPLICIT,VERIFIED,"ED10 parts manual page 44, item 6; ED10 parts manual page 230, item 7; ED10 parts manual page 275, item 26",ACTIVE
PN-001746,D605 74,Sandvik / EIMCO,Underground LHD,ED10,EXPLICIT,VERIFIED,"ED10 parts manual page 44, item 10",ACTIVE
PN-001508,D100-48,Sandvik / EIMCO,Underground LHD,ED10,EXPLICIT,VERIFIED,"ED10 parts manual page 44, item 14",ACTIVE
PN-001738,D60-04,Sandvik / EIMCO,Underground LHD,ED10,EXPLICIT,VERIFIED,"ED10 parts manual page 44, item 16; ED10 parts manual page 235, item 11; ED10 parts manual page 254, item 5",ACTIVE
PN-000556,A2U220-261071,Sandvik / EIMCO,Underground LHD,ED10,EXPLICIT,VERIFIED,"ED10 parts manual page 44, item 18",ACTIVE
PN-000169,445502807,Sandvik / EIMCO,Underground LHD,ED10,EXPLICIT,VERIFIED,"ED10 parts manual page 46, item 1; ED10 parts manual page 80, item 16",ACTIVE
PN-001036,C2A127-4761,Sandvik / EIMCO,Underground LHD,ED10,EXPLICIT,VERIFIED,"ED10 parts manual page 46, item 5",ACTIVE
PN-001041,C2A1R-0716,Sandvik / EIMCO,Underground LHD,ED10,EXPLICIT,VERIFIED,"ED10 parts manual page 46, item 6",ACTIVE
PN-001038,C2A1332280,Sandvik / EIMCO,Underground LHD,ED10,EXPLICIT,VERIFIED,"ED10 parts manual page 49, item 1",ACTIVE
PN-000517,A2U220-220037,Sandvik / EIMCO,Underground LHD,ED10,EXPLICIT,VERIFIED,"ED10 parts manual page 49, item 2; SANDVIK LS190-B2285 SPARE PARTS LIST_Mining India_24.03.2026.xlsx, Sheet1, row 456",ACTIVE
PN-000582,A2U220-291223,Sandvik / EIMCO,Underground LHD,ED10,EXPLICIT,VERIFIED,"ED10 parts manual page 49, item 3",ACTIVE
PN-000019,915-26018,Sandvik / EIMCO,Underground LHD,ED10,EXPLICIT,VERIFIED,"ED10 parts manual page 49, item 4; SANDVIK LS 190-312 PARTS20260228.xlsx, Sheet1, row 39; SANDVIK LS190-B2285 SPARE PARTS LIST_Mining India_24.03.2026.xlsx, Sheet1, row 110; SANDVIK LS190-B2285 SPARE PARTS LIST_Mining India_24.03.2026.xlsx, Sheet1, row 184; Purchase Order-Shanxi.xlsx, Sheet1, row 23",ACTIVE
PN-000019,915-26018,Sandvik / EIMCO,Underground LHD,LS190,EXPLICIT,VERIFIED,"ED10 parts manual page 49, item 4; SANDVIK LS 190-312 PARTS20260228.xlsx, Sheet1, row 39; SANDVIK LS190-B2285 SPARE PARTS LIST_Mining India_24.03.2026.xlsx, Sheet1, row 110; SANDVIK LS190-B2285 SPARE PARTS LIST_Mining India_24.03.2026.xlsx, Sheet1, row 184; Purchase Order-Shanxi.xlsx, Sheet1, row 23",ACTIVE
PN-001901,W4GF,Sandvik / EIMCO,Underground LHD,ED10,EXPLICIT,VERIFIED,"ED10 parts manual page 49, item 5; ED10 parts manual page 192, item 13",ACTIVE
PN-001865,T4HG,Sandvik / EIMCO,Underground LHD,ED10,EXPLICIT,VERIFIED,"ED10 parts manual page 49, item 7",ACTIVE
PN-000209,455309026,Sandvik / EIMCO,Underground LHD,ED10,EXPLICIT,VERIFIED,"ED10 parts manual page 49, item 8",ACTIVE
PN-000156,445502656,Sandvik / EIMCO,Underground LHD,ED10,EXPLICIT,VERIFIED,"ED10 parts manual page 49, item 9; ED10 parts manual page 184, item 52; ED10 parts manual page 203, item 24",ACTIVE
PN-000321,64400369,Sandvik / EIMCO,Underground LHD,ED10,EXPLICIT,VERIFIED,"ED10 parts manual page 49, item 10; SANDVIK LS190-B2285 SPARE PARTS LIST_Mining India_24.03.2026.xlsx, Sheet1, row 109; SANDVIK LS190-B2285 SPARE PARTS LIST_Mining India_24.03.2026.xlsx, Sheet1, row 183; SANDVIK LS190-B2285 SPARE PARTS LIST_Mining India_24.03.2026.xlsx, Sheet1, row 194",ACTIVE
PN-000098,115028,Sandvik / EIMCO,Underground LHD,ED10,EXPLICIT,VERIFIED,"ED10 parts manual page 49, item 11; SANDVIK LS190-B2285 SPARE PARTS LIST_Mining India_24.03.2026.xlsx, Sheet1, row 108",ACTIVE
PN-000214,455669026,Sandvik / EIMCO,Underground LHD,ED10,EXPLICIT,VERIFIED,"ED10 parts manual page 49, item 12",ACTIVE
PN-000651,A2U220-591347,Sandvik / EIMCO,Underground LHD,ED10,EXPLICIT,VERIFIED,"ED10 parts manual page 49, item 13",ACTIVE
PN-001824,G768,Sandvik / EIMCO,Underground LHD,ED10,EXPLICIT,VERIFIED,"ED10 parts manual page 49, item 14",ACTIVE
PN-000186,445512804,Sandvik / EIMCO,Underground LHD,ED10,EXPLICIT,VERIFIED,"ED10 parts manual page 49, item 17; ED10 parts manual page 205, item 4; ED10 parts manual page 240, item 18",ACTIVE
PN-000206,455302034,Sandvik / EIMCO,Underground LHD,ED10,EXPLICIT,VERIFIED,"ED10 parts manual page 49, item 18",ACTIVE
PN-000350,915-26020,Sandvik / EIMCO,Underground LHD,ED10,EXPLICIT,VERIFIED,"ED10 parts manual page 49, item 19",ACTIVE
PN-000345,911-14026,Sandvik / EIMCO,Underground LHD,ED10,EXPLICIT,VERIFIED,"ED10 parts manual page 49, item 20",ACTIVE
PN-000212,455309036,Sandvik / EIMCO,Underground LHD,ED10,EXPLICIT,VERIFIED,"ED10 parts manual page 49, item 25",ACTIVE
PN-000143,445402855,Sandvik / EIMCO,Underground LHD,ED10,EXPLICIT,VERIFIED,"ED10 parts manual page 49, item 26",ACTIVE
PN-000133,445208660,Sandvik / EIMCO,Underground LHD,ED10,EXPLICIT,VERIFIED,"ED10 parts manual page 49, item 31",ACTIVE
PN-000519,A2U220-221043,Sandvik / EIMCO,Underground LHD,ED10,EXPLICIT,VERIFIED,"ED10 parts manual page 51, item 1",ACTIVE
PN-000521,A2U220-221045,Sandvik / EIMCO,Underground LHD,ED10,EXPLICIT,VERIFIED,"ED10 parts manual page 51, item 2",ACTIVE
PN-000846,A2U913-221040,Sandvik / EIMCO,Underground LHD,ED10,EXPLICIT,VERIFIED,"ED10 parts manual page 51, item 3",ACTIVE
PN-000520,A2U220-221044,Sandvik / EIMCO,Underground LHD,ED10,EXPLICIT,VERIFIED,"ED10 parts manual page 51, item 4",ACTIVE
PN-001045,C2A4K1388,Sandvik / EIMCO,Underground LHD,ED10,EXPLICIT,VERIFIED,"ED10 parts manual page 51, item 6",ACTIVE
PN-001545,D17-29,Sandvik / EIMCO,Underground LHD,ED10,EXPLICIT,VERIFIED,"ED10 parts manual page 51, item 7",ACTIVE
PN-000328,64801604,Sandvik / EIMCO,Underground LHD,ED10,EXPLICIT,VERIFIED,"ED10 parts manual page 53, item 1",ACTIVE
PN-000391,A2U130-235014,Sandvik / EIMCO,Underground LHD,ED10,EXPLICIT,VERIFIED,"ED10 parts manual page 53, item 2",ACTIVE
PN-001504,CN1-0604,Sandvik / EIMCO,Underground LHD,ED10,EXPLICIT,VERIFIED,"ED10 parts manual page 53, item 4",ACTIVE
PN-001904,W6GA,Sandvik / EIMCO,Underground LHD,ED10,EXPLICIT,VERIFIED,"ED10 parts manual page 53, item 5; ED10 parts manual page 80, item 22; ED10 parts manual page 114, item 8; ED10 parts manual page 205, item 6; ED10 parts manual page 218, item 20; ED10 parts manual page 283, item 12",ACTIVE
PN-001870,T6GG20,Sandvik / EIMCO,Underground LHD,ED10,EXPLICIT,VERIFIED,"ED10 parts manual page 53, item 6; ED10 parts manual page 218, item 17",ACTIVE
PN-001905,W6GF,Sandvik / EIMCO,Underground LHD,ED10,EXPLICIT,VERIFIED,"ED10 parts manual page 53, item 7; ED10 parts manual page 114, item 9; ED10 parts manual page 199, item 24; ED10 parts manual page 205, item 5; ED10 parts manual page 214, item 27; ED10 parts manual page 218, item 21; ED10 parts manual page 225, item 7; ED10 parts manual page 283, item 11; ED10 parts manual page 319, item 14",ACTIVE
PN-001547,D17-612,Sandvik / EIMCO,Underground LHD,ED10,EXPLICIT,VERIFIED,"ED10 parts manual page 53, item 8",ACTIVE
PN-001662,D37-66,Sandvik / EIMCO,Underground LHD,ED10,EXPLICIT,VERIFIED,"ED10 parts manual page 53, item 9",ACTIVE
PN-001525,D15-49,Sandvik / EIMCO,Underground LHD,ED10,EXPLICIT,VERIFIED,"ED10 parts manual page 53, item 10",ACTIVE
PN-001631,D2900-6-45-12,Sandvik / EIMCO,Underground LHD,ED10,EXPLICIT,VERIFIED,"ED10 parts manual page 53, item 11",ACTIVE
PN-001632,D2900-6-55-12,Sandvik / EIMCO,Underground LHD,ED10,EXPLICIT,VERIFIED,"ED10 parts manual page 53, item 12; ED10 parts manual page 53, item 13",ACTIVE
PN-001687,D50-99,Sandvik / EIMCO,Underground LHD,ED10,EXPLICIT,VERIFIED,"ED10 parts manual page 53, item 14; ED10 parts manual page 251, item 34",ACTIVE
PN-001725,D53-912,Sandvik / EIMCO,Underground LHD,ED10,EXPLICIT,VERIFIED,"ED10 parts manual page 53, item 15",ACTIVE
PN-001548,D17-69,Sandvik / EIMCO,Underground LHD,ED10,EXPLICIT,VERIFIED,"ED10 parts manual page 53, item 16; ED10 parts manual page 77, item 9",ACTIVE
PN-001709,D52-99,Sandvik / EIMCO,Underground LHD,ED10,EXPLICIT,VERIFIED,"ED10 parts manual page 53, item 17; ED10 parts manual page 251, item 35",ACTIVE
PN-000888,A2U921-291113,Sandvik / EIMCO,Underground LHD,ED10,EXPLICIT,VERIFIED,"ED10 parts manual page 55, item 1",ACTIVE
PN-001819,F3GFS1221,Sandvik / EIMCO,Underground LHD,ED10,EXPLICIT,VERIFIED,"ED10 parts manual page 55, item 2; SANDVIK LS190-B2285 SPARE PARTS LIST_Mining India_24.03.2026.xlsx, Sheet1, row 96",ACTIVE
PN-000528,A2U220-242017,Sandvik / EIMCO,Underground LHD,ED10,EXPLICIT,VERIFIED,"ED10 parts manual page 57, item 1",ACTIVE
PN-001654,D2NX00-4995,Sandvik / EIMCO,Underground LHD,ED10,EXPLICIT,VERIFIED,"ED10 parts manual page 57, item 3",ACTIVE
PN-000529,A2U220-244080,Sandvik / EIMCO,Underground LHD,ED10,EXPLICIT,VERIFIED,"ED10 parts manual page 57, item 4",ACTIVE
PN-001651,D2NP14-8347,Sandvik / EIMCO,Underground LHD,ED10,EXPLICIT,VERIFIED,"ED10 parts manual page 57, item 5; SANDVIK LS 190-312 PARTS20260228.xlsx, Sheet1, row 152; SANDVIK LS190-B2285 SPARE PARTS LIST_Mining India_24.03.2026.xlsx, Sheet1, row 60; Purchase Order-Shanxi.xlsx, Sheet1, row 19",ACTIVE
PN-001651,D2NP14-8347,Sandvik / EIMCO,Underground LHD,LS190,EXPLICIT,VERIFIED,"ED10 parts manual page 57, item 5; SANDVIK LS 190-312 PARTS20260228.xlsx, Sheet1, row 152; SANDVIK LS190-B2285 SPARE PARTS LIST_Mining India_24.03.2026.xlsx, Sheet1, row 60; Purchase Order-Shanxi.xlsx, Sheet1, row 19",ACTIVE
PN-000531,A2U220-244082,Sandvik / EIMCO,Underground LHD,ED10,EXPLICIT,VERIFIED,"ED10 parts manual page 57, item 6",ACTIVE
PN-000158,445502751,Sandvik / EIMCO,Underground LHD,ED10,EXPLICIT,VERIFIED,"ED10 parts manual page 57, item 7",ACTIVE
PN-001674,D41-0207,Sandvik / EIMCO,Underground LHD,ED10,EXPLICIT,VERIFIED,"ED10 parts manual page 57, item 8",ACTIVE
PN-001647,D2NP11-2611,Sandvik / EIMCO,Underground LHD,ED10,EXPLICIT,VERIFIED,"ED10 parts manual page 57, item 9",ACTIVE
PN-001743,D600-04-30-07,Sandvik / EIMCO,Underground LHD,ED10,EXPLICIT,VERIFIED,"ED10 parts manual page 57, item 10",ACTIVE
PN-001519,D15-0812,Sandvik / EIMCO,Underground LHD,ED10,EXPLICIT,VERIFIED,"ED10 parts manual page 57, item 11",ACTIVE
PN-001775,DA4-0202,Sandvik / EIMCO,Underground LHD,ED10,EXPLICIT,VERIFIED,"ED10 parts manual page 57, item 12",ACTIVE
PN-001507,D0RBX00-2252,Sandvik / EIMCO,Underground LHD,ED10,EXPLICIT,VERIFIED,"ED10 parts manual page 57, item 14",ACTIVE
PN-001756,D67-02,Sandvik / EIMCO,Underground LHD,ED10,EXPLICIT,VERIFIED,"ED10 parts manual page 57, item 15",ACTIVE
PN-001650,D2NP14-8345,Sandvik / EIMCO,Underground LHD,ED10,EXPLICIT,VERIFIED,"ED10 parts manual page 57, item 17; SANDVIK LS 190-312 PARTS20260228.xlsx, Sheet1, row 151; SANDVIK LS190-B2285 SPARE PARTS LIST_Mining India_24.03.2026.xlsx, Sheet1, row 59; Purchase Order-Shanxi.xlsx, Sheet1, row 18",ACTIVE
PN-001650,D2NP14-8345,Sandvik / EIMCO,Underground LHD,LS190,EXPLICIT,VERIFIED,"ED10 parts manual page 57, item 17; SANDVIK LS 190-312 PARTS20260228.xlsx, Sheet1, row 151; SANDVIK LS190-B2285 SPARE PARTS LIST_Mining India_24.03.2026.xlsx, Sheet1, row 59; Purchase Order-Shanxi.xlsx, Sheet1, row 18",ACTIVE
PN-000583,A2U220-291226,Sandvik / EIMCO,Underground LHD,ED10,EXPLICIT,VERIFIED,"ED10 parts manual page 57, item 18",ACTIVE
PN-001641,D2NH00-0350,Sandvik / EIMCO,Underground LHD,ED10,EXPLICIT,VERIFIED,"ED10 parts manual page 57, item 19",ACTIVE
PN-000525,A2U220-240072,Sandvik / EIMCO,Underground LHD,ED10,EXPLICIT,VERIFIED,"ED10 parts manual page 59, item 1",ACTIVE
PN-000438,A2U130-690024,Sandvik / EIMCO,Underground LHD,ED10,EXPLICIT,VERIFIED,"ED10 parts manual page 59, item 2",ACTIVE
PN-000524,A2U220-240058,Sandvik / EIMCO,Underground LHD,ED10,EXPLICIT,VERIFIED,"ED10 parts manual page 59, item 3",ACTIVE
PN-000703,A2U900-240084,Sandvik / EIMCO,Underground LHD,ED10,EXPLICIT,VERIFIED,"ED10 parts manual page 59, item 4",ACTIVE
PN-000720,A2U900-244100,Sandvik / EIMCO,Underground LHD,ED10,EXPLICIT,VERIFIED,"ED10 parts manual page 61, item 1",ACTIVE
PN-000759,A2U900-470070,Sandvik / EIMCO,Underground LHD,ED10,EXPLICIT,VERIFIED,"ED10 parts manual page 61, item 2",ACTIVE
PN-000007,A2U900-694015,Sandvik / EIMCO,Underground LHD,ED10,EXPLICIT,VERIFIED,"ED10 parts manual page 61, item 3; 山特维克ls190-20260806.xlsx, Sheet1, row 13; SANDVIK LS 190-312 PARTS20260228.xlsx, Sheet1, row 20; SANDVIK LS190-B2285 SPARE PARTS LIST_Mining India_24.03.2026.xlsx, Sheet1, row 464; SANDVIK LS190-B2285 SPARE PARTS LIST_Mining India_24.03.2026.xlsx, Sheet1, row 471; Purchase Order-Shanxi.xlsx, Sheet1, row 55",ACTIVE
PN-000007,A2U900-694015,Sandvik / EIMCO,Underground LHD,LS190,EXPLICIT,VERIFIED,"ED10 parts manual page 61, item 3; 山特维克ls190-20260806.xlsx, Sheet1, row 13; SANDVIK LS 190-312 PARTS20260228.xlsx, Sheet1, row 20; SANDVIK LS190-B2285 SPARE PARTS LIST_Mining India_24.03.2026.xlsx, Sheet1, row 464; SANDVIK LS190-B2285 SPARE PARTS LIST_Mining India_24.03.2026.xlsx, Sheet1, row 471; Purchase Order-Shanxi.xlsx, Sheet1, row 55",ACTIVE
PN-001555,D20-070707,Sandvik / EIMCO,Underground LHD,ED10,EXPLICIT,VERIFIED,"ED10 parts manual page 63, item 1",ACTIVE
PN-001655,D36-0207,Sandvik / EIMCO,Underground LHD,ED10,EXPLICIT,VERIFIED,"ED10 parts manual page 63, item 2",ACTIVE
PN-001744,D600-04-500-07,Sandvik / EIMCO,Underground LHD,ED10,EXPLICIT,VERIFIED,"ED10 parts manual page 63, item 3",ACTIVE
PN-001747,D605-0704,Sandvik / EIMCO,Underground LHD,ED10,EXPLICIT,VERIFIED,"ED10 parts manual page 63, item 4",ACTIVE
PN-001788,DA82-070707,Sandvik / EIMCO,Underground LHD,ED10,EXPLICIT,VERIFIED,"ED10 parts manual page 63, item 5; ED10 parts manual page 230, item 23; ED10 parts manual page 285, item 13",ACTIVE
PN-001794,DB17-0207,Sandvik / EIMCO,Underground LHD,ED10,EXPLICIT,VERIFIED,"ED10 parts manual page 63, item 6",ACTIVE
PN-000686,A2U900-1711093,Sandvik / EIMCO,Underground LHD,ED10,EXPLICIT,VERIFIED,"ED10 parts manual page 65, item 1",ACTIVE
PN-000698,A2U900-197941,Sandvik / EIMCO,Underground LHD,ED10,EXPLICIT,VERIFIED,"ED10 parts manual page 65, item 2",ACTIVE
PN-000794,A2U900-594079,Sandvik / EIMCO,Underground LHD,ED10,EXPLICIT,VERIFIED,"ED10 parts manual page 65, item 3",ACTIVE
PN-000058,A2U936-690011,Sandvik / EIMCO,Underground LHD,ED10,EXPLICIT,VERIFIED,"ED10 parts manual page 65, item 4; 山特维克ls190-20260806.xlsx, Sheet1, row 10; LS_190_-REQUIREMENT20260107.xlsx, Sheet1, row 6; LS_190_-REQUIREMENT20260107.xlsx, Sheet1, row 7; SANDVIK LS 190-312 PARTS20260228.xlsx, Sheet1, row 119; SANDVIK LS190-B2285 SPARE PARTS LIST_Mining India_24.03.2026.xlsx, Sheet1, row 193; SANDVIK LS190-B2285 SPARE PARTS LIST_Mining India_24.03.2026.xlsx, Sheet1, row 208",ACTIVE
PN-000532,A2U220-244096,Sandvik / EIMCO,Underground LHD,ED10,EXPLICIT,VERIFIED,"ED10 parts manual page 67, item 1",ACTIVE
PN-000705,A2U900-241052,Sandvik / EIMCO,Underground LHD,ED10,EXPLICIT,VERIFIED,"ED10 parts manual page 67, item 2",ACTIVE
PN-000708,A2U900-241055,Sandvik / EIMCO,Underground LHD,ED10,EXPLICIT,VERIFIED,"ED10 parts manual page 67, item 3",ACTIVE
PN-000709,A2U900-241058,Sandvik / EIMCO,Underground LHD,ED10,EXPLICIT,VERIFIED,"ED10 parts manual page 67, item 4; SANDVIK LS190-B2285 SPARE PARTS LIST_Mining India_24.03.2026.xlsx, Sheet1, row 98",ACTIVE
PN-000718,A2U900-244094,Sandvik / EIMCO,Underground LHD,ED10,EXPLICIT,VERIFIED,"ED10 parts manual page 67, item 5",ACTIVE
PN-000719,A2U900-244098,Sandvik / EIMCO,Underground LHD,ED10,EXPLICIT,VERIFIED,"ED10 parts manual page 67, item 6; SANDVIK LS190-B2285 SPARE PARTS LIST_Mining India_24.03.2026.xlsx, Sheet1, row 57; SANDVIK LS190-B2285 SPARE PARTS LIST_Mining India_24.03.2026.xlsx, Sheet1, row 99",ACTIVE
PN-000736,A2U900-291270,Sandvik / EIMCO,Underground LHD,ED10,EXPLICIT,VERIFIED,"ED10 parts manual page 67, item 7",ACTIVE
PN-000717,A2U900-243017,Sandvik / EIMCO,Underground LHD,ED10,EXPLICIT,VERIFIED,"ED10 parts manual page 67, item 12; SANDVIK LS190-B2285 SPARE PARTS LIST_Mining India_24.03.2026.xlsx, Sheet1, row 100",ACTIVE
PN-000694,A2U900-196182,Sandvik / EIMCO,Underground LHD,ED10,EXPLICIT,VERIFIED,"ED10 parts manual page 67, item 17",ACTIVE
PN-000530,A2U220-244081,Sandvik / EIMCO,Underground LHD,ED10,EXPLICIT,VERIFIED,"ED10 parts manual page 69, item 3; LS_190_-REQUIREMENT20260107.xlsx, Sheet1, row 24; SANDVIK LS 190-312 PARTS20260228.xlsx, Sheet1, row 40",ACTIVE
PN-000555,A2U220-259009,Sandvik / EIMCO,Underground LHD,ED10,EXPLICIT,VERIFIED,"ED10 parts manual page 69, item 4",ACTIVE
PN-000704,A2U900-241033,Sandvik / EIMCO,Underground LHD,ED10,EXPLICIT,VERIFIED,"ED10 parts manual page 69, item 5",ACTIVE
PN-000716,A2U900-243007,Sandvik / EIMCO,Underground LHD,ED10,EXPLICIT,VERIFIED,"ED10 parts manual page 69, item 6",ACTIVE
PN-001060,C2A7C1152,Sandvik / EIMCO,Underground LHD,ED10,EXPLICIT,VERIFIED,"ED10 parts manual page 69, item 7",ACTIVE
PN-001064,C2A9S4182,Sandvik / EIMCO,Underground LHD,ED10,EXPLICIT,VERIFIED,"ED10 parts manual page 69, item 8",ACTIVE
PN-001829,HAS040P,Sandvik / EIMCO,Underground LHD,ED10,EXPLICIT,VERIFIED,"ED10 parts manual page 69, item 10",ACTIVE
PN-001057,C2A6V5219,Sandvik / EIMCO,Underground LHD,ED10,EXPLICIT,VERIFIED,"ED10 parts manual page 69, item 13",ACTIVE
PN-001063,C2A9M1974,Sandvik / EIMCO,Underground LHD,ED10,EXPLICIT,VERIFIED,"ED10 parts manual page 69, item 14",ACTIVE
PN-000706,A2U900-241053,Sandvik / EIMCO,Underground LHD,ED10,EXPLICIT,VERIFIED,"ED10 parts manual page 71, item 1; SANDVIK LS190-B2285 SPARE PARTS LIST_Mining India_24.03.2026.xlsx, Sheet1, row 457",ACTIVE
PN-000707,A2U900-241054,Sandvik / EIMCO,Underground LHD,ED10,EXPLICIT,VERIFIED,"ED10 parts manual page 71, item 2",ACTIVE
PN-000714,A2U900-241068,Sandvik / EIMCO,Underground LHD,ED10,EXPLICIT,VERIFIED,"ED10 parts manual page 71, item 3; SANDVIK LS190-B2285 SPARE PARTS LIST_Mining India_24.03.2026.xlsx, Sheet1, row 459",ACTIVE
PN-000824,A2U900-651010,Sandvik / EIMCO,Underground LHD,ED10,EXPLICIT,VERIFIED,"ED10 parts manual page 71, item 4; SANDVIK LS190-B2285 SPARE PARTS LIST_Mining India_24.03.2026.xlsx, Sheet1, row 232",ACTIVE
PN-000710,A2U900-241063,Sandvik / EIMCO,Underground LHD,ED10,EXPLICIT,VERIFIED,"ED10 parts manual page 73, item 1",ACTIVE
PN-000711,A2U900-241064,Sandvik / EIMCO,Underground LHD,ED10,EXPLICIT,VERIFIED,"ED10 parts manual page 73, item 2",ACTIVE
PN-000712,A2U900-241065,Sandvik / EIMCO,Underground LHD,ED10,EXPLICIT,VERIFIED,"ED10 parts manual page 73, item 3",ACTIVE
PN-000713,A2U900-241066,Sandvik / EIMCO,Underground LHD,ED10,EXPLICIT,VERIFIED,"ED10 parts manual page 73, item 4",ACTIVE
PN-000715,A2U900-241069,Sandvik / EIMCO,Underground LHD,ED10,EXPLICIT,VERIFIED,"ED10 parts manual page 73, item 5",ACTIVE
PN-001642,D2NP10-0866,Sandvik / EIMCO,Underground LHD,ED10,EXPLICIT,VERIFIED,"ED10 parts manual page 75, item 1",ACTIVE
PN-001645,D2NP10-8771,Sandvik / EIMCO,Underground LHD,ED10,EXPLICIT,VERIFIED,"ED10 parts manual page 75, item 2",ACTIVE
PN-001646,D2NP10-9297,Sandvik / EIMCO,Underground LHD,ED10,EXPLICIT,VERIFIED,"ED10 parts manual page 75, item 3",ACTIVE
PN-001652,D2NP53-2503,Sandvik / EIMCO,Underground LHD,ED10,EXPLICIT,VERIFIED,"ED10 parts manual page 75, item 4",ACTIVE
PN-001653,D2NP53-2504,Sandvik / EIMCO,Underground LHD,ED10,EXPLICIT,VERIFIED,"ED10 parts manual page 75, item 5",ACTIVE
PN-001643,D2NP10-3198,Sandvik / EIMCO,Underground LHD,ED10,EXPLICIT,VERIFIED,"ED10 parts manual page 75, item 6",ACTIVE
PN-000589,A2U220-293004,Sandvik / EIMCO,Underground LHD,ED10,EXPLICIT,VERIFIED,"ED10 parts manual page 77, item 1",ACTIVE
PN-001627,D2900-6-160-7,Sandvik / EIMCO,Underground LHD,ED10,EXPLICIT,VERIFIED,"ED10 parts manual page 77, item 3",ACTIVE
PN-000162,445502764,Sandvik / EIMCO,Underground LHD,ED10,EXPLICIT,VERIFIED,"ED10 parts manual page 77, item 4",ACTIVE
PN-000215,455669030,Sandvik / EIMCO,Underground LHD,ED10,EXPLICIT,VERIFIED,"ED10 parts manual page 77, item 6",ACTIVE
PN-001820,F3GLF3376,Sandvik / EIMCO,Underground LHD,ED10,EXPLICIT,VERIFIED,"ED10 parts manual page 77, item 7; SANDVIK LS190-B2285 SPARE PARTS LIST_Mining India_24.03.2026.xlsx, Sheet1, row 20",ACTIVE
PN-001563,D21-64,Sandvik / EIMCO,Underground LHD,ED10,EXPLICIT,VERIFIED,"ED10 parts manual page 77, item 8",ACTIVE
PN-001626,D2900-6-150-9,Sandvik / EIMCO,Underground LHD,ED10,EXPLICIT,VERIFIED,"ED10 parts manual page 77, item 10",ACTIVE
PN-000085,100485,Sandvik / EIMCO,Underground LHD,ED10,EXPLICIT,VERIFIED,"ED10 parts manual page 80, item 1",ACTIVE
PN-000092,107263,Sandvik / EIMCO,Underground LHD,ED10,EXPLICIT,VERIFIED,"ED10 parts manual page 80, item 2",ACTIVE
PN-000402,A2U130-391156,Sandvik / EIMCO,Underground LHD,ED10,EXPLICIT,VERIFIED,"ED10 parts manual page 80, item 3",ACTIVE
PN-000406,A2U130-391171,Sandvik / EIMCO,Underground LHD,ED10,EXPLICIT,VERIFIED,"ED10 parts manual page 80, item 4",ACTIVE
PN-000401,A2U130-391154,Sandvik / EIMCO,Underground LHD,ED10,EXPLICIT,VERIFIED,"ED10 parts manual page 80, item 5",ACTIVE
PN-000616,A2U220-391162,Sandvik / EIMCO,Underground LHD,ED10,EXPLICIT,VERIFIED,"ED10 parts manual page 80, item 6",ACTIVE
PN-000111,228655,Sandvik / EIMCO,Underground LHD,ED10,EXPLICIT,VERIFIED,"ED10 parts manual page 80, item 7",ACTIVE
PN-000766,A2U900-492023,Sandvik / EIMCO,Underground LHD,ED10,EXPLICIT,VERIFIED,"ED10 parts manual page 80, item 8; SANDVIK LS190-B2285 SPARE PARTS LIST_Mining India_24.03.2026.xlsx, Sheet1, row 198",ACTIVE
PN-000121,254058,Sandvik / EIMCO,Underground LHD,ED10,EXPLICIT,VERIFIED,"ED10 parts manual page 80, item 9",ACTIVE
PN-001830,HRA68,Sandvik / EIMCO,Underground LHD,ED10,EXPLICIT,VERIFIED,"ED10 parts manual page 80, item 10",ACTIVE
PN-001835,L255,Sandvik / EIMCO,Underground LHD,ED10,EXPLICIT,VERIFIED,"ED10 parts manual page 80, item 11",ACTIVE
PN-001836,L256,Sandvik / EIMCO,Underground LHD,ED10,EXPLICIT,VERIFIED,"ED10 parts manual page 80, item 12",ACTIVE
PN-001846,P1FG,Sandvik / EIMCO,Underground LHD,ED10,EXPLICIT,VERIFIED,"ED10 parts manual page 80, item 13; ED10 parts manual page 169, item 3; ED10 parts manual page 171, item 3; ED10 parts manual page 192, item 11; ED10 parts manual page 194, item 5; ED10 parts manual page 199, item 19; ED10 parts manual page 211, item 6; ED10 parts manual page 232, item 7; ED10 parts manual page 271, item 6; ED10 parts manual page 319, item 9",ACTIVE
PN-000139,445250791,Sandvik / EIMCO,Underground LHD,ED10,EXPLICIT,VERIFIED,"ED10 parts manual page 80, item 17",ACTIVE
PN-001876,T6H20,Sandvik / EIMCO,Underground LHD,ED10,EXPLICIT,VERIFIED,"ED10 parts manual page 80, item 20",ACTIVE
PN-001908,WG6F,Sandvik / EIMCO,Underground LHD,ED10,EXPLICIT,VERIFIED,"ED10 parts manual page 80, item 21",ACTIVE
PN-000741,A2U900-331057,Sandvik / EIMCO,Underground LHD,ED10,EXPLICIT,VERIFIED,"ED10 parts manual page 82, item 1",ACTIVE
PN-000387,A2U130-197201,Sandvik / EIMCO,Underground LHD,ED10,EXPLICIT,VERIFIED,"ED10 parts manual page 82, item 2",ACTIVE
PN-000603,A2U220-330040,Sandvik / EIMCO,Underground LHD,ED10,EXPLICIT,VERIFIED,"ED10 parts manual page 82, item 3",ACTIVE
PN-000850,A2U913-391143,Sandvik / EIMCO,Underground LHD,ED10,EXPLICIT,VERIFIED,"ED10 parts manual page 82, item 4",ACTIVE
PN-000851,A2U913-391144,Sandvik / EIMCO,Underground LHD,ED10,EXPLICIT,VERIFIED,"ED10 parts manual page 82, item 5",ACTIVE
PN-001439,CL268361,Sandvik / EIMCO,Underground LHD,ED10,EXPLICIT,VERIFIED,"ED10 parts manual page 84, item 1",ACTIVE
PN-001443,CL269750,Sandvik / EIMCO,Underground LHD,ED10,EXPLICIT,VERIFIED,"ED10 parts manual page 84, item 2",ACTIVE
PN-001445,CL269765,Sandvik / EIMCO,Underground LHD,ED10,EXPLICIT,VERIFIED,"ED10 parts manual page 84, item 3",ACTIVE
PN-001440,CL269658,Sandvik / EIMCO,Underground LHD,ED10,EXPLICIT,VERIFIED,"ED10 parts manual page 84, item 4",ACTIVE
PN-001441,CL269659,Sandvik / EIMCO,Underground LHD,ED10,EXPLICIT,VERIFIED,"ED10 parts manual page 84, item 5",ACTIVE
PN-001444,CL269761,Sandvik / EIMCO,Underground LHD,ED10,EXPLICIT,VERIFIED,"ED10 parts manual page 84, item 6",ACTIVE
PN-001442,CL269722,Sandvik / EIMCO,Underground LHD,ED10,EXPLICIT,VERIFIED,"ED10 parts manual page 84, item 7",ACTIVE
PN-001345,CL240429,Sandvik / EIMCO,Underground LHD,ED10,EXPLICIT,VERIFIED,"ED10 parts manual page 84, item 8",ACTIVE
PN-001308,CL235800,Sandvik / EIMCO,Underground LHD,ED10,EXPLICIT,VERIFIED,"ED10 parts manual page 84, item 9",ACTIVE
PN-001321,CL237637,Sandvik / EIMCO,Underground LHD,ED10,EXPLICIT,VERIFIED,"ED10 parts manual page 84, item 10; ED10 parts manual page 84, item 14",ACTIVE
PN-001223,CL215634,Sandvik / EIMCO,Underground LHD,ED10,EXPLICIT,VERIFIED,"ED10 parts manual page 84, item 11; ED10 parts manual page 84, item 15",ACTIVE
PN-001291,CL231916,Sandvik / EIMCO,Underground LHD,ED10,EXPLICIT,VERIFIED,"ED10 parts manual page 84, item 12; ED10 parts manual page 84, item 16",ACTIVE
PN-001437,CL25K60128,Sandvik / EIMCO,Underground LHD,ED10,EXPLICIT,VERIFIED,"ED10 parts manual page 84, item 13; ED10 parts manual page 84, item 17",ACTIVE
PN-001221,CL214985,Sandvik / EIMCO,Underground LHD,ED10,EXPLICIT,VERIFIED,"ED10 parts manual page 84, item 18; ED10 parts manual page 116, item 12",ACTIVE
PN-001225,CL216058,Sandvik / EIMCO,Underground LHD,ED10,EXPLICIT,VERIFIED,"ED10 parts manual page 84, item 19; ED10 parts manual page 127, item 13",ACTIVE
PN-001088,CL102745,Sandvik / EIMCO,Underground LHD,ED10,EXPLICIT,VERIFIED,"ED10 parts manual page 84, item 20; ED10 parts manual page 127, item 12",ACTIVE
PN-001431,CL258K40112,Sandvik / EIMCO,Underground LHD,ED10,EXPLICIT,VERIFIED,"ED10 parts manual page 84, item 21",ACTIVE
PN-001322,CL237720,Sandvik / EIMCO,Underground LHD,ED10,EXPLICIT,VERIFIED,"ED10 parts manual page 86, item 1",ACTIVE
PN-001239,CL223901,Sandvik / EIMCO,Underground LHD,ED10,EXPLICIT,VERIFIED,"ED10 parts manual page 86, item 2; ED10 parts manual page 86, item 4; ED10 parts manual page 88, item 31; ED10 parts manual page 88, item 34",ACTIVE
PN-001251,CL225603,Sandvik / EIMCO,Underground LHD,ED10,EXPLICIT,VERIFIED,"ED10 parts manual page 86, item 3",ACTIVE
PN-001092,CL10F-16,Sandvik / EIMCO,Underground LHD,ED10,EXPLICIT,VERIFIED,"ED10 parts manual page 86, item 5; ED10 parts manual page 120, item 6",ACTIVE
PN-001366,CL244427,Sandvik / EIMCO,Underground LHD,ED10,EXPLICIT,VERIFIED,"ED10 parts manual page 86, item 6",ACTIVE
PN-001478,CL76K-110,Sandvik / EIMCO,Underground LHD,ED10,EXPLICIT,VERIFIED,"ED10 parts manual page 86, item 7",ACTIVE
PN-001282,CL231629,Sandvik / EIMCO,Underground LHD,ED10,EXPLICIT,VERIFIED,"ED10 parts manual page 86, item 8",ACTIVE
PN-001269,CL231048,Sandvik / EIMCO,Underground LHD,ED10,EXPLICIT,VERIFIED,"ED10 parts manual page 86, item 9",ACTIVE
PN-001446,CL4 E-05,Sandvik / EIMCO,Underground LHD,ED10,EXPLICIT,VERIFIED,"ED10 parts manual page 86, item 10; ED10 parts manual page 86, item 17",ACTIVE
PN-001125,CL1C-510,Sandvik / EIMCO,Underground LHD,ED10,EXPLICIT,VERIFIED,"ED10 parts manual page 86, item 11; ED10 parts manual page 86, item 18",ACTIVE
PN-001364,CL243377,Sandvik / EIMCO,Underground LHD,ED10,EXPLICIT,VERIFIED,"ED10 parts manual page 86, item 12",ACTIVE
PN-001281,CL231628,Sandvik / EIMCO,Underground LHD,ED10,EXPLICIT,VERIFIED,"ED10 parts manual page 86, item 13",ACTIVE
PN-001323,CL238535,Sandvik / EIMCO,Underground LHD,ED10,EXPLICIT,VERIFIED,"ED10 parts manual page 86, item 14",ACTIVE
PN-001320,CL237576,Sandvik / EIMCO,Underground LHD,ED10,EXPLICIT,VERIFIED,"ED10 parts manual page 86, item 15",ACTIVE
PN-001257,CL230851,Sandvik / EIMCO,Underground LHD,ED10,EXPLICIT,VERIFIED,"ED10 parts manual page 86, item 16",ACTIVE
PN-001284,CL231782,Sandvik / EIMCO,Underground LHD,ED10,EXPLICIT,VERIFIED,"ED10 parts manual page 86, item 19",ACTIVE
PN-001349,CL241684,Sandvik / EIMCO,Underground LHD,ED10,EXPLICIT,VERIFIED,"ED10 parts manual page 86, item 20",ACTIVE
PN-001386,CL248197,Sandvik / EIMCO,Underground LHD,ED10,EXPLICIT,VERIFIED,"ED10 parts manual page 86, item 21",ACTIVE
PN-001241,CL224026,Sandvik / EIMCO,Underground LHD,ED10,EXPLICIT,VERIFIED,"ED10 parts manual page 86, item 22; ED10 parts manual page 99, item 10A; ED10 parts manual page 127, item 18",ACTIVE
PN-001231,CL222067,Sandvik / EIMCO,Underground LHD,ED10,EXPLICIT,VERIFIED,"ED10 parts manual page 86, item 23; ED10 parts manual page 86, item 24; ED10 parts manual page 86, item 25; ED10 parts manual page 88, item 2; ED10 parts manual page 88, item 10; ED10 parts manual page 88, item 27; ED10 parts manual page 88, item 29",ACTIVE
PN-001113,CL16 F-06,Sandvik / EIMCO,Underground LHD,ED10,EXPLICIT,VERIFIED,"ED10 parts manual page 86, item 26",ACTIVE
PN-001082,CL1 C-744,Sandvik / EIMCO,Underground LHD,ED10,EXPLICIT,VERIFIED,"ED10 parts manual page 86, item 27",ACTIVE
PN-001454,CL4E-07,Sandvik / EIMCO,Underground LHD,ED10,EXPLICIT,VERIFIED,"ED10 parts manual page 86, item 28; ED10 parts manual page 86, item 32; ED10 parts manual page 86, item 34; ED10 parts manual page 88, item 8; ED10 parts manual page 88, item 12; ED10 parts manual page 91, item 4; ED10 parts manual page 91, item 7; ED10 parts manual page 127, item 9; ED10 parts manual page 127, item 16",ACTIVE
PN-001228,CL219370,Sandvik / EIMCO,Underground LHD,ED10,EXPLICIT,VERIFIED,"ED10 parts manual page 86, item 29",ACTIVE
PN-001477,CL76 K-225,Sandvik / EIMCO,Underground LHD,ED10,EXPLICIT,VERIFIED,"ED10 parts manual page 86, item 30",ACTIVE
PN-001081,CL1 C-728,Sandvik / EIMCO,Underground LHD,ED10,EXPLICIT,VERIFIED,"ED10 parts manual page 86, item 31",ACTIVE
PN-001476,CL7 C-720,Sandvik / EIMCO,Underground LHD,ED10,EXPLICIT,VERIFIED,"ED10 parts manual page 86, item 33",ACTIVE
PN-001277,CL231606,Sandvik / EIMCO,Underground LHD,ED10,EXPLICIT,VERIFIED,"ED10 parts manual page 86, item 35",ACTIVE
PN-001209,CL214295,Sandvik / EIMCO,Underground LHD,ED10,EXPLICIT,VERIFIED,"ED10 parts manual page 86, item 36",ACTIVE
PN-001481,CL76K-211,Sandvik / EIMCO,Underground LHD,ED10,EXPLICIT,VERIFIED,"ED10 parts manual page 88, item 1; ED10 parts manual page 88, item 9",ACTIVE
PN-001263,CL230900,Sandvik / EIMCO,Underground LHD,ED10,EXPLICIT,VERIFIED,"ED10 parts manual page 88, item 3",ACTIVE
PN-001208,CL214118,Sandvik / EIMCO,Underground LHD,ED10,EXPLICIT,VERIFIED,"ED10 parts manual page 88, item 4",ACTIVE
PN-001351,CL242408,Sandvik / EIMCO,Underground LHD,ED10,EXPLICIT,VERIFIED,"ED10 parts manual page 88, item 5; ED10 parts manual page 91, item 1",ACTIVE
PN-001430,CL251473,Sandvik / EIMCO,Underground LHD,ED10,EXPLICIT,VERIFIED,"ED10 parts manual page 88, item 6",ACTIVE
PN-001118,CL17C-720,Sandvik / EIMCO,Underground LHD,ED10,EXPLICIT,VERIFIED,"ED10 parts manual page 88, item 7",ACTIVE
PN-001137,CL200991,Sandvik / EIMCO,Underground LHD,ED10,EXPLICIT,VERIFIED,"ED10 parts manual page 88, item 11; ED10 parts manual page 91, item 8",ACTIVE
PN-001471,CL64D-07,Sandvik / EIMCO,Underground LHD,ED10,EXPLICIT,VERIFIED,"ED10 parts manual page 88, item 13",ACTIVE
PN-001327,CL239244,Sandvik / EIMCO,Underground LHD,ED10,EXPLICIT,VERIFIED,"ED10 parts manual page 88, item 14; ED10 parts manual page 91, item 5; ED10 parts manual page 99, item 34",ACTIVE
PN-001224,CL215757,Sandvik / EIMCO,Underground LHD,ED10,EXPLICIT,VERIFIED,"ED10 parts manual page 88, item 15",ACTIVE
PN-001449,CL40K-04,Sandvik / EIMCO,Underground LHD,ED10,EXPLICIT,VERIFIED,"ED10 parts manual page 88, item 16; ED10 parts manual page 88, item 17",ACTIVE
PN-001412,CL251380,Sandvik / EIMCO,Underground LHD,ED10,EXPLICIT,VERIFIED,"ED10 parts manual page 88, item 16A",ACTIVE
PN-001275,CL231390,Sandvik / EIMCO,Underground LHD,ED10,EXPLICIT,VERIFIED,"ED10 parts manual page 88, item 18",ACTIVE
PN-001229,CL219373,Sandvik / EIMCO,Underground LHD,ED10,EXPLICIT,VERIFIED,"ED10 parts manual page 88, item 19",ACTIVE
PN-001424,CL251437,Sandvik / EIMCO,Underground LHD,ED10,EXPLICIT,VERIFIED,"ED10 parts manual page 88, item 20",ACTIVE
PN-000102,20A,Sandvik / EIMCO,Underground LHD,ED10,EXPLICIT,VERIFIED,"ED10 parts manual page 88, item 20a",ACTIVE
PN-001475,CL6H-36,Sandvik / EIMCO,Underground LHD,ED10,EXPLICIT,VERIFIED,"ED10 parts manual page 88, item 23",ACTIVE
PN-001304,CL234836,Sandvik / EIMCO,Underground LHD,ED10,EXPLICIT,VERIFIED,"ED10 parts manual page 88, item 24",ACTIVE
PN-001480,CL76K-12,Sandvik / EIMCO,Underground LHD,ED10,EXPLICIT,VERIFIED,"ED10 parts manual page 88, item 25; ED10 parts manual page 88, item 28",ACTIVE
PN-001278,CL231619,Sandvik / EIMCO,Underground LHD,ED10,EXPLICIT,VERIFIED,"ED10 parts manual page 88, item 26",ACTIVE
PN-001279,CL231620,Sandvik / EIMCO,Underground LHD,ED10,EXPLICIT,VERIFIED,"ED10 parts manual page 88, item 30",ACTIVE
PN-001307,CL235314,Sandvik / EIMCO,Underground LHD,ED10,EXPLICIT,VERIFIED,"ED10 parts manual page 88, item 32",ACTIVE
PN-001093,CL10J-08,Sandvik / EIMCO,Underground LHD,ED10,EXPLICIT,VERIFIED,"ED10 parts manual page 88, item 33",ACTIVE
PN-001452,CL4C-516,Sandvik / EIMCO,Underground LHD,ED10,EXPLICIT,VERIFIED,"ED10 parts manual page 88, item 35",ACTIVE
PN-001267,CL230921,Sandvik / EIMCO,Underground LHD,ED10,EXPLICIT,VERIFIED,"ED10 parts manual page 88, item 36",ACTIVE
PN-001482,CL76K-216,Sandvik / EIMCO,Underground LHD,ED10,EXPLICIT,VERIFIED,"ED10 parts manual page 88, item 37",ACTIVE
PN-001397,CL249894,Sandvik / EIMCO,Underground LHD,ED10,EXPLICIT,VERIFIED,"ED10 parts manual page 88, item 38; ED10 parts manual page 88, item 60; ED10 parts manual page 89, item 63",ACTIVE
PN-001380,CL247884,Sandvik / EIMCO,Underground LHD,ED10,EXPLICIT,VERIFIED,"ED10 parts manual page 88, item 61",ACTIVE
PN-001381,CL247885,Sandvik / EIMCO,Underground LHD,ED10,EXPLICIT,VERIFIED,"ED10 parts manual page 88, item 62",ACTIVE
PN-001385,CL248166,Sandvik / EIMCO,Underground LHD,ED10,EXPLICIT,VERIFIED,"ED10 parts manual page 89, item 64",ACTIVE
PN-001135,CL1KM-18,Sandvik / EIMCO,Underground LHD,ED10,EXPLICIT,VERIFIED,"ED10 parts manual page 89, item 66",ACTIVE
PN-001479,CL76K-114,Sandvik / EIMCO,Underground LHD,ED10,EXPLICIT,VERIFIED,"ED10 parts manual page 89, item 67",ACTIVE
PN-001414,CL251425,Sandvik / EIMCO,Underground LHD,ED10,EXPLICIT,VERIFIED,"ED10 parts manual page 91, item 2",ACTIVE
PN-001117,CL17 C-720,Sandvik / EIMCO,Underground LHD,ED10,EXPLICIT,VERIFIED,"ED10 parts manual page 91, item 3",ACTIVE
PN-001470,CL64 D-07,Sandvik / EIMCO,Underground LHD,ED10,EXPLICIT,VERIFIED,"ED10 parts manual page 91, item 6",ACTIVE
PN-001396,CL249779,Sandvik / EIMCO,Underground LHD,ED10,EXPLICIT,VERIFIED,"ED10 parts manual page 93, item 1; ED10 parts manual page 96, item 1",ACTIVE
PN-001382,CL247949,Sandvik / EIMCO,Underground LHD,ED10,EXPLICIT,VERIFIED,"ED10 parts manual page 93, item 2; ED10 parts manual page 93, item 6; ED10 parts manual page 96, item 2; ED10 parts manual page 96, item 7",ACTIVE
PN-001336,CL239947,Sandvik / EIMCO,Underground LHD,ED10,EXPLICIT,VERIFIED,"ED10 parts manual page 93, item 3; ED10 parts manual page 96, item 3",ACTIVE
PN-001096,CL10J-4,Sandvik / EIMCO,Underground LHD,ED10,EXPLICIT,VERIFIED,"ED10 parts manual page 93, item 4",ACTIVE
PN-001335,CL239946,Sandvik / EIMCO,Underground LHD,ED10,EXPLICIT,VERIFIED,"ED10 parts manual page 93, item 5; ED10 parts manual page 96, item 5",ACTIVE
PN-001299,CL233389,Sandvik / EIMCO,Underground LHD,ED10,EXPLICIT,VERIFIED,"ED10 parts manual page 93, item 7",ACTIVE
PN-001238,CL223877,Sandvik / EIMCO,Underground LHD,ED10,EXPLICIT,VERIFIED,"ED10 parts manual page 93, item 8; ED10 parts manual page 93, item 31; ED10 parts manual page 96, item 9; ED10 parts manual page 96, item 11",ACTIVE
PN-001365,CL243997,Sandvik / EIMCO,Underground LHD,ED10,EXPLICIT,VERIFIED,"ED10 parts manual page 93, item 9; ED10 parts manual page 93, item 40; ED10 parts manual page 96, item 10; ED10 parts manual page 96, item 19; ED10 parts manual page 99, item 12; ED10 parts manual page 101, item 24",ACTIVE
PN-001222,CL215190,Sandvik / EIMCO,Underground LHD,ED10,EXPLICIT,VERIFIED,"ED10 parts manual page 93, item 10; ED10 parts manual page 93, item 24; ED10 parts manual page 96, item 28; ED10 parts manual page 96, item 42; ED10 parts manual page 99, item 7; ED10 parts manual page 101, item 23",ACTIVE
PN-001370,CL245205,Sandvik / EIMCO,Underground LHD,ED10,EXPLICIT,VERIFIED,"ED10 parts manual page 93, item 11; ED10 parts manual page 96, item 29",ACTIVE
PN-001249,CL224772,Sandvik / EIMCO,Underground LHD,ED10,EXPLICIT,VERIFIED,"ED10 parts manual page 93, item 12; ED10 parts manual page 93, item 22; ED10 parts manual page 96, item 30; ED10 parts manual page 96, item 39; ED10 parts manual page 99, item 4; ED10 parts manual page 101, item 20",ACTIVE
PN-001312,CL236989,Sandvik / EIMCO,Underground LHD,ED10,EXPLICIT,VERIFIED,"ED10 parts manual page 93, item 13; ED10 parts manual page 93, item 21; ED10 parts manual page 96, item 31; ED10 parts manual page 96, item 40; ED10 parts manual page 101, item 21",ACTIVE
PN-001411,CL251306,Sandvik / EIMCO,Underground LHD,ED10,EXPLICIT,VERIFIED,"ED10 parts manual page 93, item 14; ED10 parts manual page 96, item 32",ACTIVE
PN-001394,CL249680,Sandvik / EIMCO,Underground LHD,ED10,EXPLICIT,VERIFIED,"ED10 parts manual page 93, item 14A; ED10 parts manual page 96, item 32A; ED10 parts manual page 99, item 3A; ED10 parts manual page 101, item 1A",ACTIVE
PN-001248,CL224771,Sandvik / EIMCO,Underground LHD,ED10,EXPLICIT,VERIFIED,"ED10 parts manual page 93, item 15; ED10 parts manual page 93, item 19; ED10 parts manual page 96, item 37; ED10 parts manual page 101, item 18",ACTIVE
PN-001258,CL230857,Sandvik / EIMCO,Underground LHD,ED10,EXPLICIT,VERIFIED,"ED10 parts manual page 93, item 16; ED10 parts manual page 93, item 18; ED10 parts manual page 96, item 34; ED10 parts manual page 96, item 36; ED10 parts manual page 99, item 1; ED10 parts manual page 101, item 1",ACTIVE
PN-001408,CL251052,Sandvik / EIMCO,Underground LHD,ED10,EXPLICIT,VERIFIED,"ED10 parts manual page 93, item 17",ACTIVE
PN-001374,CL245916,Sandvik / EIMCO,Underground LHD,ED10,EXPLICIT,VERIFIED,"ED10 parts manual page 93, item 20; ED10 parts manual page 96, item 38",ACTIVE
PN-001311,CL236810,Sandvik / EIMCO,Underground LHD,ED10,EXPLICIT,VERIFIED,"ED10 parts manual page 93, item 23",ACTIVE
PN-001379,CL247655,Sandvik / EIMCO,Underground LHD,ED10,EXPLICIT,VERIFIED,"ED10 parts manual page 93, item 26; ED10 parts manual page 96, item 17",ACTIVE
PN-001325,CL239230,Sandvik / EIMCO,Underground LHD,ED10,EXPLICIT,VERIFIED,"ED10 parts manual page 93, item 28; ED10 parts manual page 93, item 36; ED10 parts manual page 96, item 15; ED10 parts manual page 96, item 24",ACTIVE
PN-001302,CL234350,Sandvik / EIMCO,Underground LHD,ED10,EXPLICIT,VERIFIED,"ED10 parts manual page 93, item 29; ED10 parts manual page 93, item 37; ED10 parts manual page 96, item 13; ED10 parts manual page 96, item 20; ED10 parts manual page 96, item 23",ACTIVE
PN-001256,CL230829,Sandvik / EIMCO,Underground LHD,ED10,EXPLICIT,VERIFIED,"ED10 parts manual page 93, item 30; ED10 parts manual page 96, item 12",ACTIVE
PN-001292,CL232088,Sandvik / EIMCO,Underground LHD,ED10,EXPLICIT,VERIFIED,"ED10 parts manual page 93, item 33; ED10 parts manual page 96, item 27; ED10 parts manual page 101, item 25",ACTIVE
PN-001255,CL230822,Sandvik / EIMCO,Underground LHD,ED10,EXPLICIT,VERIFIED,"ED10 parts manual page 93, item 34; ED10 parts manual page 96, item 26; ED10 parts manual page 101, item 26",ACTIVE
PN-001293,CL232089,Sandvik / EIMCO,Underground LHD,ED10,EXPLICIT,VERIFIED,"ED10 parts manual page 93, item 35; ED10 parts manual page 96, item 25; ED10 parts manual page 101, item 27",ACTIVE
PN-001259,CL230860,Sandvik / EIMCO,Underground LHD,ED10,EXPLICIT,VERIFIED,"ED10 parts manual page 93, item 38",ACTIVE
PN-001237,CL223874,Sandvik / EIMCO,Underground LHD,ED10,EXPLICIT,VERIFIED,"ED10 parts manual page 93, item 39; ED10 parts manual page 93, item 42",ACTIVE
PN-001264,CL230906,Sandvik / EIMCO,Underground LHD,ED10,EXPLICIT,VERIFIED,"ED10 parts manual page 93, item 41",ACTIVE
PN-001300,CL233390,Sandvik / EIMCO,Underground LHD,ED10,EXPLICIT,VERIFIED,"ED10 parts manual page 93, item 43",ACTIVE
PN-001337,CL239948,Sandvik / EIMCO,Underground LHD,ED10,EXPLICIT,VERIFIED,"ED10 parts manual page 94, item 44",ACTIVE
PN-001244,CL224106,Sandvik / EIMCO,Underground LHD,ED10,EXPLICIT,VERIFIED,"ED10 parts manual page 94, item 45",ACTIVE
PN-001391,CL249572,Sandvik / EIMCO,Underground LHD,ED10,EXPLICIT,VERIFIED,"ED10 parts manual page 94, item 46",ACTIVE
PN-001274,CL231252,Sandvik / EIMCO,Underground LHD,ED10,EXPLICIT,VERIFIED,"ED10 parts manual page 94, item 47",ACTIVE
PN-001387,CL248200,Sandvik / EIMCO,Underground LHD,ED10,EXPLICIT,VERIFIED,"ED10 parts manual page 94, item 48; ED10 parts manual page 96, item 43",ACTIVE
PN-001097,CL10J4,Sandvik / EIMCO,Underground LHD,ED10,EXPLICIT,VERIFIED,"ED10 parts manual page 96, item 4",ACTIVE
PN-001262,CL230889,Sandvik / EIMCO,Underground LHD,ED10,EXPLICIT,VERIFIED,"ED10 parts manual page 96, item 6; ED10 parts manual page 127, item 5",ACTIVE
PN-001301,CL23389,Sandvik / EIMCO,Underground LHD,ED10,EXPLICIT,VERIFIED,"ED10 parts manual page 96, item 8",ACTIVE
PN-001339,CL239986,Sandvik / EIMCO,Underground LHD,ED10,EXPLICIT,VERIFIED,"ED10 parts manual page 96, item 21",ACTIVE
PN-001378,CL247487,Sandvik / EIMCO,Underground LHD,ED10,EXPLICIT,VERIFIED,"ED10 parts manual page 96, item 22; ED10 parts manual page 131, item 10",ACTIVE
PN-000108,224771,Sandvik / EIMCO,Underground LHD,ED10,EXPLICIT,VERIFIED,"ED10 parts manual page 96, item 33",ACTIVE
PN-001409,CL251056,Sandvik / EIMCO,Underground LHD,ED10,EXPLICIT,VERIFIED,"ED10 parts manual page 96, item 35",ACTIVE
PN-001250,CL224774,Sandvik / EIMCO,Underground LHD,ED10,EXPLICIT,VERIFIED,"ED10 parts manual page 96, item 41; ED10 parts manual page 99, item 6; ED10 parts manual page 101, item 22",ACTIVE
PN-001331,CL239909,Sandvik / EIMCO,Underground LHD,ED10,EXPLICIT,VERIFIED,"ED10 parts manual page 97, item 44",ACTIVE
PN-001369,CL244771,Sandvik / EIMCO,Underground LHD,ED10,EXPLICIT,VERIFIED,"ED10 parts manual page 99, item 2",ACTIVE
PN-001395,CL249717,Sandvik / EIMCO,Underground LHD,ED10,EXPLICIT,VERIFIED,"ED10 parts manual page 99, item 3",ACTIVE
PN-001265,CL230911,Sandvik / EIMCO,Underground LHD,ED10,EXPLICIT,VERIFIED,"ED10 parts manual page 99, item 5",ACTIVE
PN-001211,CL214917,Sandvik / EIMCO,Underground LHD,ED10,EXPLICIT,VERIFIED,"ED10 parts manual page 99, item 8",ACTIVE
PN-001418,CL251430,Sandvik / EIMCO,Underground LHD,ED10,EXPLICIT,VERIFIED,"ED10 parts manual page 99, item 9",ACTIVE
PN-001421,CL251433,Sandvik / EIMCO,Underground LHD,ED10,EXPLICIT,VERIFIED,"ED10 parts manual page 99, item 10",ACTIVE
PN-001420,CL251432,Sandvik / EIMCO,Underground LHD,ED10,EXPLICIT,VERIFIED,"ED10 parts manual page 99, item 11",ACTIVE
PN-001423,CL251435,Sandvik / EIMCO,Underground LHD,ED10,EXPLICIT,VERIFIED,"ED10 parts manual page 99, item 13",ACTIVE
PN-001392,CL249573,Sandvik / EIMCO,Underground LHD,ED10,EXPLICIT,VERIFIED,"ED10 parts manual page 99, item 14",ACTIVE
PN-001419,CL251431,Sandvik / EIMCO,Underground LHD,ED10,EXPLICIT,VERIFIED,"ED10 parts manual page 99, item 16",ACTIVE
PN-001416,CL251428,Sandvik / EIMCO,Underground LHD,ED10,EXPLICIT,VERIFIED,"ED10 parts manual page 99, item 17",ACTIVE
PN-001417,CL251429,Sandvik / EIMCO,Underground LHD,ED10,EXPLICIT,VERIFIED,"ED10 parts manual page 99, item 18",ACTIVE
PN-001260,CL230886,Sandvik / EIMCO,Underground LHD,ED10,EXPLICIT,VERIFIED,"ED10 parts manual page 99, item 19",ACTIVE
PN-001243,CL224075,Sandvik / EIMCO,Underground LHD,ED10,EXPLICIT,VERIFIED,"ED10 parts manual page 99, item 20",ACTIVE
PN-001410,CL251070,Sandvik / EIMCO,Underground LHD,ED10,EXPLICIT,VERIFIED,"ED10 parts manual page 99, item 21",ACTIVE
PN-001485,CL76K227,Sandvik / EIMCO,Underground LHD,ED10,EXPLICIT,VERIFIED,"ED10 parts manual page 99, item 22",ACTIVE
PN-001415,CL251426,Sandvik / EIMCO,Underground LHD,ED10,EXPLICIT,VERIFIED,"ED10 parts manual page 99, item 23",ACTIVE
PN-001389,CL248917,Sandvik / EIMCO,Underground LHD,ED10,EXPLICIT,VERIFIED,"ED10 parts manual page 99, item 24",ACTIVE
PN-001425,CL251440,Sandvik / EIMCO,Underground LHD,ED10,EXPLICIT,VERIFIED,"ED10 parts manual page 99, item 25",ACTIVE
PN-001362,CL243259,Sandvik / EIMCO,Underground LHD,ED10,EXPLICIT,VERIFIED,"ED10 parts manual page 99, item 26; ED10 parts manual page 103, item 10",ACTIVE
PN-001360,CL243257,Sandvik / EIMCO,Underground LHD,ED10,EXPLICIT,VERIFIED,"ED10 parts manual page 99, item 26A; ED10 parts manual page 103, item 6; ED10 parts manual page 103, item 9",ACTIVE
PN-001426,CL251442,Sandvik / EIMCO,Underground LHD,ED10,EXPLICIT,VERIFIED,"ED10 parts manual page 99, item 30",ACTIVE
PN-001427,CL251443,Sandvik / EIMCO,Underground LHD,ED10,EXPLICIT,VERIFIED,"ED10 parts manual page 99, item 30A",ACTIVE
PN-001428,CL251444,Sandvik / EIMCO,Underground LHD,ED10,EXPLICIT,VERIFIED,"ED10 parts manual page 99, item 30B",ACTIVE
PN-001429,CL251445,Sandvik / EIMCO,Underground LHD,ED10,EXPLICIT,VERIFIED,"ED10 parts manual page 99, item 30C",ACTIVE
PN-001422,CL251434,Sandvik / EIMCO,Underground LHD,ED10,EXPLICIT,VERIFIED,"ED10 parts manual page 99, item 31",ACTIVE
PN-001486,CL76K241,Sandvik / EIMCO,Underground LHD,ED10,EXPLICIT,VERIFIED,"ED10 parts manual page 99, item 31A",ACTIVE
PN-001458,CL4E-6,Sandvik / EIMCO,Underground LHD,ED10,EXPLICIT,VERIFIED,"ED10 parts manual page 99, item 32",ACTIVE
PN-001127,CL1C-618,Sandvik / EIMCO,Underground LHD,ED10,EXPLICIT,VERIFIED,"ED10 parts manual page 99, item 33; ED10 parts manual page 123, item 18",ACTIVE
PN-001484,CL76K112,Sandvik / EIMCO,Underground LHD,ED10,EXPLICIT,VERIFIED,"ED10 parts manual page 99, item 35",ACTIVE
PN-001406,CL250215,Sandvik / EIMCO,Underground LHD,ED10,EXPLICIT,VERIFIED,"ED10 parts manual page 99, item 36",ACTIVE
PN-001359,CL243251,Sandvik / EIMCO,Underground LHD,ED10,EXPLICIT,VERIFIED,"ED10 parts manual page 101, item 2; ED10 parts manual page 123, item 22",ACTIVE
PN-001413,CL251402,Sandvik / EIMCO,Underground LHD,ED10,EXPLICIT,VERIFIED,"ED10 parts manual page 101, item 3",ACTIVE
PN-001341,CL240161,Sandvik / EIMCO,Underground LHD,ED10,EXPLICIT,VERIFIED,"ED10 parts manual page 101, item 4",ACTIVE
PN-001254,CL230292,Sandvik / EIMCO,Underground LHD,ED10,EXPLICIT,VERIFIED,"ED10 parts manual page 101, item 5",ACTIVE
PN-001388,CL248212,Sandvik / EIMCO,Underground LHD,ED10,EXPLICIT,VERIFIED,"ED10 parts manual page 101, item 6",ACTIVE
PN-001332,CL239922,Sandvik / EIMCO,Underground LHD,ED10,EXPLICIT,VERIFIED,"ED10 parts manual page 101, item 7",ACTIVE
PN-001095,CL10J-15,Sandvik / EIMCO,Underground LHD,ED10,EXPLICIT,VERIFIED,"ED10 parts manual page 101, item 8",ACTIVE
PN-001268,CL230952,Sandvik / EIMCO,Underground LHD,ED10,EXPLICIT,VERIFIED,"ED10 parts manual page 101, item 9",ACTIVE
PN-001340,CL240056,Sandvik / EIMCO,Underground LHD,ED10,EXPLICIT,VERIFIED,"ED10 parts manual page 101, item 10",ACTIVE
PN-001283,CL231639,Sandvik / EIMCO,Underground LHD,ED10,EXPLICIT,VERIFIED,"ED10 parts manual page 101, item 11",ACTIVE
PN-001266,CL230918,Sandvik / EIMCO,Underground LHD,ED10,EXPLICIT,VERIFIED,"ED10 parts manual page 101, item 12",ACTIVE
PN-001333,CL239924,Sandvik / EIMCO,Underground LHD,ED10,EXPLICIT,VERIFIED,"ED10 parts manual page 101, item 13",ACTIVE
PN-001456,CL4E-09,Sandvik / EIMCO,Underground LHD,ED10,EXPLICIT,VERIFIED,"ED10 parts manual page 101, item 14",ACTIVE
PN-001133,CL1C-924,Sandvik / EIMCO,Underground LHD,ED10,EXPLICIT,VERIFIED,"ED10 parts manual page 101, item 15",ACTIVE
PN-001373,CL245897,Sandvik / EIMCO,Underground LHD,ED10,EXPLICIT,VERIFIED,"ED10 parts manual page 101, item 19",ACTIVE
PN-001261,CL230888,Sandvik / EIMCO,Underground LHD,ED10,EXPLICIT,VERIFIED,"ED10 parts manual page 101, item 28; ED10 parts manual page 101, item 33; ED10 parts manual page 101, item 35",ACTIVE
PN-001280,CL231624,Sandvik / EIMCO,Underground LHD,ED10,EXPLICIT,VERIFIED,"ED10 parts manual page 101, item 29; ED10 parts manual page 101, item 32",ACTIVE
PN-001393,CL249574,Sandvik / EIMCO,Underground LHD,ED10,EXPLICIT,VERIFIED,"ED10 parts manual page 101, item 30",ACTIVE
PN-001294,CL232405,Sandvik / EIMCO,Underground LHD,ED10,EXPLICIT,VERIFIED,"ED10 parts manual page 101, item 31",ACTIVE
PN-001236,CL223386,Sandvik / EIMCO,Underground LHD,ED10,EXPLICIT,VERIFIED,"ED10 parts manual page 101, item 34",ACTIVE
PN-001407,CL250219,Sandvik / EIMCO,Underground LHD,ED10,EXPLICIT,VERIFIED,"ED10 parts manual page 101, item 36",ACTIVE
PN-001288,CL231884,Sandvik / EIMCO,Underground LHD,ED10,EXPLICIT,VERIFIED,"ED10 parts manual page 103, item 1; ED10 parts manual page 103, item 15",ACTIVE
PN-001285,CL231818,Sandvik / EIMCO,Underground LHD,ED10,EXPLICIT,VERIFIED,"ED10 parts manual page 103, item 2",ACTIVE
PN-001433,CL25K-40400,Sandvik / EIMCO,Underground LHD,ED10,EXPLICIT,VERIFIED,"ED10 parts manual page 103, item 4",ACTIVE
PN-001361,CL243258,Sandvik / EIMCO,Underground LHD,ED10,EXPLICIT,VERIFIED,"ED10 parts manual page 103, item 5",ACTIVE
PN-001338,CL239980,Sandvik / EIMCO,Underground LHD,ED10,EXPLICIT,VERIFIED,"ED10 parts manual page 103, item 7",ACTIVE
PN-001334,CL239932,Sandvik / EIMCO,Underground LHD,ED10,EXPLICIT,VERIFIED,"ED10 parts manual page 103, item 8",ACTIVE
PN-001434,CL25K-40412,Sandvik / EIMCO,Underground LHD,ED10,EXPLICIT,VERIFIED,"ED10 parts manual page 103, item 11",ACTIVE
PN-001432,CL25K-30026,Sandvik / EIMCO,Underground LHD,ED10,EXPLICIT,VERIFIED,"ED10 parts manual page 103, item 12",ACTIVE
PN-001460,CL6 E-9,Sandvik / EIMCO,Underground LHD,ED10,EXPLICIT,VERIFIED,"ED10 parts manual page 103, item 13",ACTIVE
PN-001084,CL1 C-928,Sandvik / EIMCO,Underground LHD,ED10,EXPLICIT,VERIFIED,"ED10 parts manual page 103, item 14",ACTIVE
PN-001447,CL4 E-09,Sandvik / EIMCO,Underground LHD,ED10,EXPLICIT,VERIFIED,"ED10 parts manual page 103, item 16",ACTIVE
PN-001083,CL1 C-920,Sandvik / EIMCO,Underground LHD,ED10,EXPLICIT,VERIFIED,"ED10 parts manual page 103, item 17",ACTIVE
PN-001287,CL231878,Sandvik / EIMCO,Underground LHD,ED10,EXPLICIT,VERIFIED,"ED10 parts manual page 103, item 27",ACTIVE
PN-001303,CL234651,Sandvik / EIMCO,Underground LHD,ED10,EXPLICIT,VERIFIED,"ED10 parts manual page 106, item 1; ED10 parts manual page 106, item 25",ACTIVE
PN-001376,CL247475,Sandvik / EIMCO,Underground LHD,ED10,EXPLICIT,VERIFIED,"ED10 parts manual page 106, item 2; ED10 parts manual page 106, item 24",ACTIVE
PN-001227,CL217657,Sandvik / EIMCO,Underground LHD,ED10,EXPLICIT,VERIFIED,"ED10 parts manual page 106, item 3; ED10 parts manual page 106, item 23",ACTIVE
PN-001271,CL231158,Sandvik / EIMCO,Underground LHD,ED10,EXPLICIT,VERIFIED,"ED10 parts manual page 106, item 4",ACTIVE
PN-001383,CL248023,Sandvik / EIMCO,Underground LHD,ED10,EXPLICIT,VERIFIED,"ED10 parts manual page 106, item 5; ED10 parts manual page 109, item 2",ACTIVE
PN-001138,CL202200,Sandvik / EIMCO,Underground LHD,ED10,EXPLICIT,VERIFIED,"ED10 parts manual page 106, item 6; ED10 parts manual page 106, item 7; ED10 parts manual page 106, item 17",ACTIVE
PN-001085,CL10 J-12,Sandvik / EIMCO,Underground LHD,ED10,EXPLICIT,VERIFIED,"ED10 parts manual page 106, item 8",ACTIVE
PN-001355,CL242532,Sandvik / EIMCO,Underground LHD,ED10,EXPLICIT,VERIFIED,"ED10 parts manual page 106, item 9",ACTIVE
PN-001094,CL10J-12,Sandvik / EIMCO,Underground LHD,ED10,EXPLICIT,VERIFIED,"ED10 parts manual page 106, item 10",ACTIVE
PN-001399,CL24K-7,Sandvik / EIMCO,Underground LHD,ED10,EXPLICIT,VERIFIED,"ED10 parts manual page 106, item 11; ED10 parts manual page 106, item 27; ED10 parts manual page 153, item 10; ED10 parts manual page 153, item 22",ACTIVE
PN-001498,CL91F-7,Sandvik / EIMCO,Underground LHD,ED10,EXPLICIT,VERIFIED,"ED10 parts manual page 106, item 12; ED10 parts manual page 106, item 28",ACTIVE
PN-001348,CL241636,Sandvik / EIMCO,Underground LHD,ED10,EXPLICIT,VERIFIED,"ED10 parts manual page 106, item 14",ACTIVE
PN-001305,CL235058,Sandvik / EIMCO,Underground LHD,ED10,EXPLICIT,VERIFIED,"ED10 parts manual page 106, item 15",ACTIVE
PN-001306,CL235061,Sandvik / EIMCO,Underground LHD,ED10,EXPLICIT,VERIFIED,"ED10 parts manual page 106, item 16",ACTIVE
PN-001129,CL1C-632,Sandvik / EIMCO,Underground LHD,ED10,EXPLICIT,VERIFIED,"ED10 parts manual page 106, item 18",ACTIVE
PN-001453,CL4E-06,Sandvik / EIMCO,Underground LHD,ED10,EXPLICIT,VERIFIED,"ED10 parts manual page 106, item 19; ED10 parts manual page 109, item 3; ED10 parts manual page 120, item 8; ED10 parts manual page 123, item 17; ED10 parts manual page 129, item 7; ED10 parts manual page 157, item 25",ACTIVE
PN-001326,CL239243,Sandvik / EIMCO,Underground LHD,ED10,EXPLICIT,VERIFIED,"ED10 parts manual page 106, item 20",ACTIVE
PN-001347,CL241631,Sandvik / EIMCO,Underground LHD,ED10,EXPLICIT,VERIFIED,"ED10 parts manual page 106, item 21",ACTIVE
PN-001286,CL231840,Sandvik / EIMCO,Underground LHD,ED10,EXPLICIT,VERIFIED,"ED10 parts manual page 106, item 22",ACTIVE
PN-001270,CL231155,Sandvik / EIMCO,Underground LHD,ED10,EXPLICIT,VERIFIED,"ED10 parts manual page 106, item 29",ACTIVE
PN-001273,CL231164,Sandvik / EIMCO,Underground LHD,ED10,EXPLICIT,VERIFIED,"ED10 parts manual page 106, item 30",ACTIVE
PN-001272,CL231160,Sandvik / EIMCO,Underground LHD,ED10,EXPLICIT,VERIFIED,"ED10 parts manual page 106, item 47",ACTIVE
PN-001438,CL266875,Sandvik / EIMCO,Underground LHD,ED10,EXPLICIT,VERIFIED,"ED10 parts manual page 106, item 48",ACTIVE
PN-001375,CL246261,Sandvik / EIMCO,Underground LHD,ED10,EXPLICIT,VERIFIED,"ED10 parts manual page 109, item 1",ACTIVE
PN-001130,CL1C-652,Sandvik / EIMCO,Underground LHD,ED10,EXPLICIT,VERIFIED,"ED10 parts manual page 109, item 4",ACTIVE
PN-001400,CL24K06,Sandvik / EIMCO,Underground LHD,ED10,EXPLICIT,VERIFIED,"ED10 parts manual page 109, item 5",ACTIVE
PN-001103,CL11F-08,Sandvik / EIMCO,Underground LHD,ED10,EXPLICIT,VERIFIED,"ED10 parts manual page 109, item 6",ACTIVE
PN-001368,CL244763,Sandvik / EIMCO,Underground LHD,ED10,EXPLICIT,VERIFIED,"ED10 parts manual page 109, item 7",ACTIVE
PN-001398,CL24K-5,Sandvik / EIMCO,Underground LHD,ED10,EXPLICIT,VERIFIED,"ED10 parts manual page 109, item 8",ACTIVE
PN-000396,A2U130-348004,Sandvik / EIMCO,Underground LHD,ED10,EXPLICIT,VERIFIED,"ED10 parts manual page 112, item 1; SANDVIK LS190-B2285 SPARE PARTS LIST_Mining India_24.03.2026.xlsx, Sheet1, row 105",ACTIVE
PN-000398,A2U130-391120,Sandvik / EIMCO,Underground LHD,ED10,EXPLICIT,VERIFIED,"ED10 parts manual page 112, item 2; LS_190_-REQUIREMENT20260107.xlsx, Sheet1, row 3",ACTIVE
PN-000399,A2U130-391121,Sandvik / EIMCO,Underground LHD,ED10,EXPLICIT,VERIFIED,"ED10 parts manual page 112, item 3; LS_190_-REQUIREMENT20260107.xlsx, Sheet1, row 2",ACTIVE
PN-000403,A2U130-391168,Sandvik / EIMCO,Underground LHD,ED10,EXPLICIT,VERIFIED,"ED10 parts manual page 112, item 4",ACTIVE
PN-000404,A2U130-391169,Sandvik / EIMCO,Underground LHD,ED10,EXPLICIT,VERIFIED,"ED10 parts manual page 112, item 5",ACTIVE
PN-000405,A2U130-391170,Sandvik / EIMCO,Underground LHD,ED10,EXPLICIT,VERIFIED,"ED10 parts manual page 112, item 6",ACTIVE
PN-000400,A2U130-391146,Sandvik / EIMCO,Underground LHD,ED10,EXPLICIT,VERIFIED,"ED10 parts manual page 112, item 7; SANDVIK LS190-B2285 SPARE PARTS LIST_Mining India_24.03.2026.xlsx, Sheet1, row 104",ACTIVE
PN-000849,A2U913-391141,Sandvik / EIMCO,Underground LHD,ED10,EXPLICIT,VERIFIED,"ED10 parts manual page 112, item 8; SANDVIK LS190-B2285 SPARE PARTS LIST_Mining India_24.03.2026.xlsx, Sheet1, row 103",ACTIVE
PN-000213,455309040,Sandvik / EIMCO,Underground LHD,ED10,EXPLICIT,VERIFIED,"ED10 parts manual page 112, item 9; ED10 parts manual page 176, item 25; ED10 parts manual page 317, item 11",ACTIVE
PN-000151,445402954,Sandvik / EIMCO,Underground LHD,ED10,EXPLICIT,VERIFIED,"ED10 parts manual page 112, item 10",ACTIVE
PN-000083,06581411,Sandvik / EIMCO,Underground LHD,ED10,EXPLICIT,VERIFIED,"ED10 parts manual page 112, item 12",ACTIVE
PN-001897,W12HB,Sandvik / EIMCO,Underground LHD,ED10,EXPLICIT,VERIFIED,"ED10 parts manual page 112, item 13",ACTIVE
PN-000748,A2U900-392102,Sandvik / EIMCO,Underground LHD,ED10,EXPLICIT,VERIFIED,"ED10 parts manual page 112, item 14",ACTIVE
PN-001862,T12VG32W,Sandvik / EIMCO,Underground LHD,ED10,EXPLICIT,VERIFIED,"ED10 parts manual page 112, item 15",ACTIVE
PN-000739,A2U900-311041,Sandvik / EIMCO,Underground LHD,ED10,EXPLICIT,VERIFIED,"ED10 parts manual page 114, item 1",ACTIVE
PN-000510,A2U220-212009,Sandvik / EIMCO,Underground LHD,ED10,EXPLICIT,VERIFIED,"ED10 parts manual page 114, item 3",ACTIVE
PN-001065,C2A9Y4583,Sandvik / EIMCO,Underground LHD,ED10,EXPLICIT,VERIFIED,"ED10 parts manual page 114, item 5",ACTIVE
PN-001882,T6ZH20,Sandvik / EIMCO,Underground LHD,ED10,EXPLICIT,VERIFIED,"ED10 parts manual page 114, item 7",ACTIVE
PN-001874,T6GG60,Sandvik / EIMCO,Underground LHD,ED10,EXPLICIT,VERIFIED,"ED10 parts manual page 114, item 10",ACTIVE
PN-001448,CL40K-02,Sandvik / EIMCO,Underground LHD,ED10,EXPLICIT,VERIFIED,"ED10 parts manual page 114, item 12; ED10 parts manual page 118, item 17; ED10 parts manual page 118, item 18; ED10 parts manual page 120, item 10",ACTIVE
PN-001384,CL248142,Sandvik / EIMCO,Underground LHD,ED10,EXPLICIT,VERIFIED,"ED10 parts manual page 116, item 11",ACTIVE
PN-001298,CL233128,Sandvik / EIMCO,Underground LHD,ED10,EXPLICIT,VERIFIED,"ED10 parts manual page 118, item 4",ACTIVE
PN-001473,CL660178,Sandvik / EIMCO,Underground LHD,ED10,EXPLICIT,VERIFIED,"ED10 parts manual page 118, item 6",ACTIVE
PN-001246,CL224369,Sandvik / EIMCO,Underground LHD,ED10,EXPLICIT,VERIFIED,"ED10 parts manual page 118, item 7",ACTIVE
PN-001245,CL224368,Sandvik / EIMCO,Underground LHD,ED10,EXPLICIT,VERIFIED,"ED10 parts manual page 118, item 8",ACTIVE
PN-001247,CL224466,Sandvik / EIMCO,Underground LHD,ED10,EXPLICIT,VERIFIED,"ED10 parts manual page 118, item 9",ACTIVE
PN-001461,CL60K-30018,Sandvik / EIMCO,Underground LHD,ED10,EXPLICIT,VERIFIED,"ED10 parts manual page 118, item 10",ACTIVE
PN-001230,CL220983,Sandvik / EIMCO,Underground LHD,ED10,EXPLICIT,VERIFIED,"ED10 parts manual page 118, item 11",ACTIVE
PN-001215,CL214949,Sandvik / EIMCO,Underground LHD,ED10,EXPLICIT,VERIFIED,"ED10 parts manual page 118, item 12",ACTIVE
PN-001462,CL60K-40104,Sandvik / EIMCO,Underground LHD,ED10,EXPLICIT,VERIFIED,"ED10 parts manual page 118, item 13",ACTIVE
PN-001232,CL222312,Sandvik / EIMCO,Underground LHD,ED10,EXPLICIT,VERIFIED,"ED10 parts manual page 118, item 14",ACTIVE
PN-001233,CL222318,Sandvik / EIMCO,Underground LHD,ED10,EXPLICIT,VERIFIED,"ED10 parts manual page 118, item 15",ACTIVE
PN-001214,CL214946,Sandvik / EIMCO,Underground LHD,ED10,EXPLICIT,VERIFIED,"ED10 parts manual page 118, item 16",ACTIVE
PN-001213,CL214943,Sandvik / EIMCO,Underground LHD,ED10,EXPLICIT,VERIFIED,"ED10 parts manual page 118, item 19",ACTIVE
PN-001490,CL802003,Sandvik / EIMCO,Underground LHD,ED10,EXPLICIT,VERIFIED,"ED10 parts manual page 120, item 1",ACTIVE
PN-001467,CL60K41200,Sandvik / EIMCO,Underground LHD,ED10,EXPLICIT,VERIFIED,"ED10 parts manual page 120, item 2",ACTIVE
PN-001313,CL237025,Sandvik / EIMCO,Underground LHD,ED10,EXPLICIT,VERIFIED,"ED10 parts manual page 120, item 3",ACTIVE
PN-001344,CL240236,Sandvik / EIMCO,Underground LHD,ED10,EXPLICIT,VERIFIED,"ED10 parts manual page 120, item 4; ED10 parts manual page 121, item 1",ACTIVE
PN-001390,CL249528,Sandvik / EIMCO,Underground LHD,ED10,EXPLICIT,VERIFIED,"ED10 parts manual page 120, item 5",ACTIVE
PN-001114,CL16F-08,Sandvik / EIMCO,Underground LHD,ED10,EXPLICIT,VERIFIED,"ED10 parts manual page 120, item 7",ACTIVE
PN-001128,CL1C-628,Sandvik / EIMCO,Underground LHD,ED10,EXPLICIT,VERIFIED,"ED10 parts manual page 120, item 9",ACTIVE
PN-001276,CL231393,Sandvik / EIMCO,Underground LHD,ED10,EXPLICIT,VERIFIED,"ED10 parts manual page 120, item 11",ACTIVE
PN-001136,CL1KM18,Sandvik / EIMCO,Underground LHD,ED10,EXPLICIT,VERIFIED,"ED10 parts manual page 120, item 12",ACTIVE
PN-001367,CL244762,Sandvik / EIMCO,Underground LHD,ED10,EXPLICIT,VERIFIED,"ED10 parts manual page 120, item 13",ACTIVE
PN-001466,CL60K30020,Sandvik / EIMCO,Underground LHD,ED10,EXPLICIT,VERIFIED,"ED10 parts manual page 120, item 14",ACTIVE
PN-001124,CL19G608,Sandvik / EIMCO,Underground LHD,ED10,EXPLICIT,VERIFIED,"ED10 parts manual page 120, item 15",ACTIVE
PN-001134,CL1C632,Sandvik / EIMCO,Underground LHD,ED10,EXPLICIT,VERIFIED,"ED10 parts manual page 121, item 2",ACTIVE
PN-001459,CL4E6,Sandvik / EIMCO,Underground LHD,ED10,EXPLICIT,VERIFIED,"ED10 parts manual page 121, item 3",ACTIVE
PN-001468,CL61D6,Sandvik / EIMCO,Underground LHD,ED10,EXPLICIT,VERIFIED,"ED10 parts manual page 121, item 4",ACTIVE
PN-001356,CL242540,Sandvik / EIMCO,Underground LHD,ED10,EXPLICIT,VERIFIED,"ED10 parts manual page 123, item 1",ACTIVE
PN-001363,CL243262,Sandvik / EIMCO,Underground LHD,ED10,EXPLICIT,VERIFIED,"ED10 parts manual page 123, item 2",ACTIVE
PN-001328,CL239644,Sandvik / EIMCO,Underground LHD,ED10,EXPLICIT,VERIFIED,"ED10 parts manual page 123, item 3",ACTIVE
PN-001253,CL229566,Sandvik / EIMCO,Underground LHD,ED10,EXPLICIT,VERIFIED,"ED10 parts manual page 123, item 4",ACTIVE
PN-001324,CL238705,Sandvik / EIMCO,Underground LHD,ED10,EXPLICIT,VERIFIED,"ED10 parts manual page 123, item 5",ACTIVE
PN-001330,CL239743,Sandvik / EIMCO,Underground LHD,ED10,EXPLICIT,VERIFIED,"ED10 parts manual page 123, item 6",ACTIVE
PN-001315,CL237232,Sandvik / EIMCO,Underground LHD,ED10,EXPLICIT,VERIFIED,"ED10 parts manual page 123, item 7",ACTIVE
PN-001465,CL60K-40624,Sandvik / EIMCO,Underground LHD,ED10,EXPLICIT,VERIFIED,"ED10 parts manual page 123, item 8",ACTIVE
PN-001314,CL237230,Sandvik / EIMCO,Underground LHD,ED10,EXPLICIT,VERIFIED,"ED10 parts manual page 123, item 9",ACTIVE
PN-001317,CL237234,Sandvik / EIMCO,Underground LHD,ED10,EXPLICIT,VERIFIED,"ED10 parts manual page 123, item 10",ACTIVE
PN-001316,CL237233,Sandvik / EIMCO,Underground LHD,ED10,EXPLICIT,VERIFIED,"ED10 parts manual page 123, item 12",ACTIVE
PN-001346,CL240467,Sandvik / EIMCO,Underground LHD,ED10,EXPLICIT,VERIFIED,"ED10 parts manual page 123, item 13",ACTIVE
PN-001350,CL242045,Sandvik / EIMCO,Underground LHD,ED10,EXPLICIT,VERIFIED,"ED10 parts manual page 123, item 14",ACTIVE
PN-001296,CL232535,Sandvik / EIMCO,Underground LHD,ED10,EXPLICIT,VERIFIED,"ED10 parts manual page 123, item 15",ACTIVE
PN-001371,CL245774,Sandvik / EIMCO,Underground LHD,ED10,EXPLICIT,VERIFIED,"ED10 parts manual page 123, item 16",ACTIVE
PN-001343,CL240232,Sandvik / EIMCO,Underground LHD,ED10,EXPLICIT,VERIFIED,"ED10 parts manual page 123, item 19",ACTIVE
PN-001464,CL60K-40512,Sandvik / EIMCO,Underground LHD,ED10,EXPLICIT,VERIFIED,"ED10 parts manual page 123, item 20; ED10 parts manual page 127, item 7",ACTIVE
PN-001295,CL232442,Sandvik / EIMCO,Underground LHD,ED10,EXPLICIT,VERIFIED,"ED10 parts manual page 123, item 21",ACTIVE
PN-001372,CL245776,Sandvik / EIMCO,Underground LHD,ED10,EXPLICIT,VERIFIED,"ED10 parts manual page 123, item 23",ACTIVE
PN-001123,CL18C612,Sandvik / EIMCO,Underground LHD,ED10,EXPLICIT,VERIFIED,"ED10 parts manual page 123, item 24",ACTIVE
PN-001404,CL250088,Sandvik / EIMCO,Underground LHD,ED10,EXPLICIT,VERIFIED,"ED10 parts manual page 125, item 1",ACTIVE
PN-001318,CL237405,Sandvik / EIMCO,Underground LHD,ED10,EXPLICIT,VERIFIED,"ED10 parts manual page 125, item 3",ACTIVE
PN-001488,CL7E-08,Sandvik / EIMCO,Underground LHD,ED10,EXPLICIT,VERIFIED,"ED10 parts manual page 125, item 4",ACTIVE
PN-001132,CL1C-820,Sandvik / EIMCO,Underground LHD,ED10,EXPLICIT,VERIFIED,"ED10 parts manual page 125, item 5",ACTIVE
PN-001218,CL214955,Sandvik / EIMCO,Underground LHD,ED10,EXPLICIT,VERIFIED,"ED10 parts manual page 127, item 1",ACTIVE
PN-001354,CL242473,Sandvik / EIMCO,Underground LHD,ED10,EXPLICIT,VERIFIED,"ED10 parts manual page 127, item 2",ACTIVE
PN-001352,CL242431,Sandvik / EIMCO,Underground LHD,ED10,EXPLICIT,VERIFIED,"ED10 parts manual page 127, item 3",ACTIVE
PN-001358,CL242561,Sandvik / EIMCO,Underground LHD,ED10,EXPLICIT,VERIFIED,"ED10 parts manual page 127, item 4",ACTIVE
PN-001235,CL223349,Sandvik / EIMCO,Underground LHD,ED10,EXPLICIT,VERIFIED,"ED10 parts manual page 127, item 6",ACTIVE
PN-001353,CL242463,Sandvik / EIMCO,Underground LHD,ED10,EXPLICIT,VERIFIED,"ED10 parts manual page 127, item 8",ACTIVE
PN-001131,CL1C-720,Sandvik / EIMCO,Underground LHD,ED10,EXPLICIT,VERIFIED,"ED10 parts manual page 127, item 10",ACTIVE
PN-001463,CL60K-40112,Sandvik / EIMCO,Underground LHD,ED10,EXPLICIT,VERIFIED,"ED10 parts manual page 127, item 11",ACTIVE
PN-001139,CL206864,Sandvik / EIMCO,Underground LHD,ED10,EXPLICIT,VERIFIED,"ED10 parts manual page 127, item 14",ACTIVE
PN-001497,CL8D-07,Sandvik / EIMCO,Underground LHD,ED10,EXPLICIT,VERIFIED,"ED10 parts manual page 127, item 15",ACTIVE
PN-001210,CL214730,Sandvik / EIMCO,Underground LHD,ED10,EXPLICIT,VERIFIED,"ED10 parts manual page 127, item 17",ACTIVE
PN-001357,CL242560,Sandvik / EIMCO,Underground LHD,ED10,EXPLICIT,VERIFIED,"ED10 parts manual page 127, item 19",ACTIVE
PN-001216,CL214953,Sandvik / EIMCO,Underground LHD,ED10,EXPLICIT,VERIFIED,"ED10 parts manual page 127, item 20",ACTIVE
PN-001329,CL239742,Sandvik / EIMCO,Underground LHD,ED10,EXPLICIT,VERIFIED,"ED10 parts manual page 127, item 21",ACTIVE
PN-001405,CL250089,Sandvik / EIMCO,Underground LHD,ED10,EXPLICIT,VERIFIED,"ED10 parts manual page 127, item 22",ACTIVE
PN-001342,CL240231,Sandvik / EIMCO,Underground LHD,ED10,EXPLICIT,VERIFIED,"ED10 parts manual page 127, item 23",ACTIVE
PN-001289,CL231904,Sandvik / EIMCO,Underground LHD,ED10,EXPLICIT,VERIFIED,"ED10 parts manual page 129, item 1",ACTIVE
PN-001240,CL224009,Sandvik / EIMCO,Underground LHD,ED10,EXPLICIT,VERIFIED,"ED10 parts manual page 129, item 2",ACTIVE
PN-001220,CL214962,Sandvik / EIMCO,Underground LHD,ED10,EXPLICIT,VERIFIED,"ED10 parts manual page 129, item 3",ACTIVE
PN-001310,CL235961,Sandvik / EIMCO,Underground LHD,ED10,EXPLICIT,VERIFIED,"ED10 parts manual page 129, item 4; SANDVIK LS190-B2285 SPARE PARTS LIST_Mining India_24.03.2026.xlsx, Sheet1, row 72",ACTIVE
PN-001309,CL235821,Sandvik / EIMCO,Underground LHD,ED10,EXPLICIT,VERIFIED,"ED10 parts manual page 129, item 5; ED10 parts manual page 214, item 11; SANDVIK LS190-B2285 SPARE PARTS LIST_Mining India_24.03.2026.xlsx, Sheet1, row 71",ACTIVE
PN-001140,CL207758,Sandvik / EIMCO,Underground LHD,ED10,EXPLICIT,VERIFIED,"ED10 parts manual page 129, item 6; ED10 parts manual page 214, item 9",ACTIVE
PN-001469,CL62D-06,Sandvik / EIMCO,Underground LHD,ED10,EXPLICIT,VERIFIED,"ED10 parts manual page 129, item 8",ACTIVE
PN-001377,CL247484,Sandvik / EIMCO,Underground LHD,ED10,EXPLICIT,VERIFIED,"ED10 parts manual page 131, item 1",ACTIVE
PN-001290,CL231905,Sandvik / EIMCO,Underground LHD,ED10,EXPLICIT,VERIFIED,"ED10 parts manual page 131, item 2",ACTIVE
PN-001252,CL225930,Sandvik / EIMCO,Underground LHD,ED10,EXPLICIT,VERIFIED,"ED10 parts manual page 131, item 3",ACTIVE
PN-001226,CL216914,Sandvik / EIMCO,Underground LHD,ED10,EXPLICIT,VERIFIED,"ED10 parts manual page 131, item 4",ACTIVE
PN-001219,CL214956,Sandvik / EIMCO,Underground LHD,ED10,EXPLICIT,VERIFIED,"ED10 parts manual page 131, item 5",ACTIVE
PN-001217,CL214954,Sandvik / EIMCO,Underground LHD,ED10,EXPLICIT,VERIFIED,"ED10 parts manual page 131, item 6",ACTIVE
PN-001319,CL237548,Sandvik / EIMCO,Underground LHD,ED10,EXPLICIT,VERIFIED,"ED10 parts manual page 131, item 7",ACTIVE
PN-001242,CL224039,Sandvik / EIMCO,Underground LHD,ED10,EXPLICIT,VERIFIED,"ED10 parts manual page 131, item 8",ACTIVE
PN-001212,CL214929,Sandvik / EIMCO,Underground LHD,ED10,EXPLICIT,VERIFIED,"ED10 parts manual page 131, item 9",ACTIVE
PN-001871,T6GG22,Sandvik / EIMCO,Underground LHD,ED10,EXPLICIT,VERIFIED,"ED10 parts manual page 133, item 2",ACTIVE
PN-001234,CL223125,Sandvik / EIMCO,Underground LHD,ED10,EXPLICIT,VERIFIED,"ED10 parts manual page 133, item 4",ACTIVE
PN-000595,A2U220-321041,Sandvik / EIMCO,Underground LHD,ED10,EXPLICIT,VERIFIED,"ED10 parts manual page 137, item 1",ACTIVE
PN-000185,445504939,Sandvik / EIMCO,Underground LHD,ED10,EXPLICIT,VERIFIED,"ED10 parts manual page 137, item 2",ACTIVE
PN-001890,T8VG40,Sandvik / EIMCO,Underground LHD,ED10,EXPLICIT,VERIFIED,"ED10 parts manual page 137, item 3",ACTIVE
PN-000096,114-8516LFL,Sandvik / EIMCO,Underground LHD,ED10,EXPLICIT,VERIFIED,"ED10 parts manual page 139, item 2; SANDVIK LS 190-312 PARTS20260228.xlsx, Sheet1, row 145; SANDVIK LS190-B2285 SPARE PARTS LIST_Mining India_24.03.2026.xlsx, Sheet1, row 28; Purchase Order-Shanxi.xlsx, Sheet1, row 13",ACTIVE
PN-000096,114-8516LFL,Sandvik / EIMCO,Underground LHD,LS190,EXPLICIT,VERIFIED,"ED10 parts manual page 139, item 2; SANDVIK LS 190-312 PARTS20260228.xlsx, Sheet1, row 145; SANDVIK LS190-B2285 SPARE PARTS LIST_Mining India_24.03.2026.xlsx, Sheet1, row 28; Purchase Order-Shanxi.xlsx, Sheet1, row 13",ACTIVE
PN-000596,A2U220-324004,Sandvik / EIMCO,Underground LHD,ED10,EXPLICIT,VERIFIED,"ED10 parts manual page 139, item 3",ACTIVE
PN-000342,8.5C-8-851,Sandvik / EIMCO,Underground LHD,ED10,EXPLICIT,VERIFIED,"ED10 parts manual page 139, item 4",ACTIVE
PN-000341,8.5C-28-851,Sandvik / EIMCO,Underground LHD,ED10,EXPLICIT,VERIFIED,"ED10 parts manual page 139, item 5",ACTIVE
PN-000025,A2U220-321040,Sandvik / EIMCO,Underground LHD,ED10,EXPLICIT,VERIFIED,"ED10 parts manual page 141, item 1; SANDVIK LS 190-312 PARTS20260228.xlsx, Sheet1, row 49",ACTIVE
PN-000594,A2U220-321039,Sandvik / EIMCO,Underground LHD,ED10,EXPLICIT,VERIFIED,"ED10 parts manual page 141, item 2; SANDVIK LS 190-312 PARTS20260228.xlsx, Sheet1, row 116",ACTIVE
PN-000094,111097,Sandvik / EIMCO,Underground LHD,ED10,EXPLICIT,VERIFIED,"ED10 parts manual page 141, item 3",ACTIVE
PN-000613,A2U220-391158,Sandvik / EIMCO,Underground LHD,ED10,EXPLICIT,VERIFIED,"ED10 parts manual page 141, item 4",ACTIVE
PN-000614,A2U220-391159,Sandvik / EIMCO,Underground LHD,ED10,EXPLICIT,VERIFIED,"ED10 parts manual page 141, item 5",ACTIVE
PN-000615,A2U220-391160,Sandvik / EIMCO,Underground LHD,ED10,EXPLICIT,VERIFIED,"ED10 parts manual page 141, item 6",ACTIVE
PN-000745,A2U900-392027,Sandvik / EIMCO,Underground LHD,ED10,EXPLICIT,VERIFIED,"ED10 parts manual page 141, item 7",ACTIVE
PN-000324,64404396,Sandvik / EIMCO,Underground LHD,ED10,EXPLICIT,VERIFIED,"ED10 parts manual page 141, item 9; ED10 parts manual page 271, item 7",ACTIVE
PN-000744,A2U900-392011,Sandvik / EIMCO,Underground LHD,ED10,EXPLICIT,VERIFIED,"ED10 parts manual page 141, item 10",ACTIVE
PN-000120,248872,Sandvik / EIMCO,Underground LHD,ED10,EXPLICIT,VERIFIED,"ED10 parts manual page 141, item 11",ACTIVE
PN-000066,016-15015,Sandvik / EIMCO,Underground LHD,ED10,EXPLICIT,VERIFIED,"ED10 parts manual page 143, item 1",ACTIVE
PN-001759,D6N66163,Sandvik / EIMCO,Underground LHD,ED10,EXPLICIT,VERIFIED,"ED10 parts manual page 143, item 2",ACTIVE
PN-001843,M2E42-24954-1,Sandvik / EIMCO,Underground LHD,ED10,EXPLICIT,VERIFIED,"ED10 parts manual page 143, item 3",ACTIVE
PN-001840,M2E16995J,Sandvik / EIMCO,Underground LHD,ED10,EXPLICIT,VERIFIED,"ED10 parts manual page 143, item 4",ACTIVE
PN-001841,M2E16996J,Sandvik / EIMCO,Underground LHD,ED10,EXPLICIT,VERIFIED,"ED10 parts manual page 143, item 5",ACTIVE
PN-001842,M2E2-60724,Sandvik / EIMCO,Underground LHD,ED10,EXPLICIT,VERIFIED,"ED10 parts manual page 143, item 6",ACTIVE
PN-001844,M2E8X157,Sandvik / EIMCO,Underground LHD,ED10,EXPLICIT,VERIFIED,"ED10 parts manual page 143, item 7",ACTIVE
PN-000088,102314,Sandvik / EIMCO,Underground LHD,ED10,EXPLICIT,VERIFIED,"ED10 parts manual page 143, item 8",ACTIVE
PN-000314,64113616,Sandvik / EIMCO,Underground LHD,ED10,EXPLICIT,VERIFIED,"ED10 parts manual page 149, item 1; ED10 parts manual page 167, item 1; SANDVIK LS190-B2285 SPARE PARTS LIST_Mining India_24.03.2026.xlsx, Sheet1, row 327; SANDVIK LS190-B2285 SPARE PARTS LIST_Mining India_24.03.2026.xlsx, Sheet1, row 391",ACTIVE
PN-000742,A2U900-341031,Sandvik / EIMCO,Underground LHD,ED10,EXPLICIT,VERIFIED,"ED10 parts manual page 149, item 2; ED10 parts manual page 167, item 2",ACTIVE
PN-001863,T20ZG,Sandvik / EIMCO,Underground LHD,ED10,EXPLICIT,VERIFIED,"ED10 parts manual page 149, item 3; ED10 parts manual page 167, item 3; SANDVIK LS190-B2285 SPARE PARTS LIST_Mining India_24.03.2026.xlsx, Sheet1, row 326; SANDVIK LS190-B2285 SPARE PARTS LIST_Mining India_24.03.2026.xlsx, Sheet1, row 393",ACTIVE
PN-000386,A2U130-196132,Sandvik / EIMCO,Underground LHD,ED10,EXPLICIT,VERIFIED,"ED10 parts manual page 149, item 4; ED10 parts manual page 167, item 4; SANDVIK LS190-B2285 SPARE PARTS LIST_Mining India_24.03.2026.xlsx, Sheet1, row 328; SANDVIK LS190-B2285 SPARE PARTS LIST_Mining India_24.03.2026.xlsx, Sheet1, row 392",ACTIVE
PN-001899,W20HB,Sandvik / EIMCO,Underground LHD,ED10,EXPLICIT,VERIFIED,"ED10 parts manual page 149, item 5; ED10 parts manual page 167, item 5; SANDVIK LS190-B2285 SPARE PARTS LIST_Mining India_24.03.2026.xlsx, Sheet1, row 390",ACTIVE
PN-001147,CL2109807,Sandvik / EIMCO,Underground LHD,ED10,EXPLICIT,VERIFIED,"ED10 parts manual page 151, item 1",ACTIVE
PN-001145,CL2109696,Sandvik / EIMCO,Underground LHD,ED10,EXPLICIT,VERIFIED,"ED10 parts manual page 151, item 2",ACTIVE
PN-001121,CL17C612H,Sandvik / EIMCO,Underground LHD,ED10,EXPLICIT,VERIFIED,"ED10 parts manual page 151, item 3",ACTIVE
PN-001171,CL2111451,Sandvik / EIMCO,Underground LHD,ED10,EXPLICIT,VERIFIED,"ED10 parts manual page 151, item 4",ACTIVE
PN-001101,CL118774,Sandvik / EIMCO,Underground LHD,ED10,EXPLICIT,VERIFIED,"ED10 parts manual page 151, item 5",ACTIVE
PN-001149,CL2109810,Sandvik / EIMCO,Underground LHD,ED10,EXPLICIT,VERIFIED,"ED10 parts manual page 151, item 6",ACTIVE
PN-001148,CL2109809,Sandvik / EIMCO,Underground LHD,ED10,EXPLICIT,VERIFIED,"ED10 parts manual page 151, item 7",ACTIVE
PN-001102,CL118775,Sandvik / EIMCO,Underground LHD,ED10,EXPLICIT,VERIFIED,"ED10 parts manual page 151, item 8",ACTIVE
PN-001154,CL2110403,Sandvik / EIMCO,Underground LHD,ED10,EXPLICIT,VERIFIED,"ED10 parts manual page 151, item 9",ACTIVE
PN-001155,CL2110404,Sandvik / EIMCO,Underground LHD,ED10,EXPLICIT,VERIFIED,"ED10 parts manual page 151, item 10",ACTIVE
PN-001186,CL2114193,Sandvik / EIMCO,Underground LHD,ED10,EXPLICIT,VERIFIED,"ED10 parts manual page 153, item 1",ACTIVE
PN-001189,CL2114233,Sandvik / EIMCO,Underground LHD,ED10,EXPLICIT,VERIFIED,"ED10 parts manual page 153, item 2",ACTIVE
PN-001190,CL2114234,Sandvik / EIMCO,Underground LHD,ED10,EXPLICIT,VERIFIED,"ED10 parts manual page 153, item 3",ACTIVE
PN-001191,CL2114235,Sandvik / EIMCO,Underground LHD,ED10,EXPLICIT,VERIFIED,"ED10 parts manual page 153, item 3A",ACTIVE
PN-001150,CL2109820,Sandvik / EIMCO,Underground LHD,ED10,EXPLICIT,VERIFIED,"ED10 parts manual page 153, item 5",ACTIVE
PN-001181,CL2112733,Sandvik / EIMCO,Underground LHD,ED10,EXPLICIT,VERIFIED,"ED10 parts manual page 153, item 6; ED10 parts manual page 153, item 11",ACTIVE
PN-001146,CL2109806,Sandvik / EIMCO,Underground LHD,ED10,EXPLICIT,VERIFIED,"ED10 parts manual page 153, item 7",ACTIVE
PN-001090,CL106547,Sandvik / EIMCO,Underground LHD,ED10,EXPLICIT,VERIFIED,"ED10 parts manual page 153, item 8; ED10 parts manual page 157, item 16",ACTIVE
PN-001100,CL117225,Sandvik / EIMCO,Underground LHD,ED10,EXPLICIT,VERIFIED,"ED10 parts manual page 153, item 9",ACTIVE
PN-001152,CL2109823,Sandvik / EIMCO,Underground LHD,ED10,EXPLICIT,VERIFIED,"ED10 parts manual page 153, item 12",ACTIVE
PN-001151,CL2109822,Sandvik / EIMCO,Underground LHD,ED10,EXPLICIT,VERIFIED,"ED10 parts manual page 153, item 13",ACTIVE
PN-001104,CL120218,Sandvik / EIMCO,Underground LHD,ED10,EXPLICIT,VERIFIED,"ED10 parts manual page 153, item 14",ACTIVE
PN-001170,CL2111410,Sandvik / EIMCO,Underground LHD,ED10,EXPLICIT,VERIFIED,"ED10 parts manual page 153, item 15",ACTIVE
PN-001496,CL86D-12H,Sandvik / EIMCO,Underground LHD,ED10,EXPLICIT,VERIFIED,"ED10 parts manual page 153, item 16",ACTIVE
PN-001153,CL2109824,Sandvik / EIMCO,Underground LHD,ED10,EXPLICIT,VERIFIED,"ED10 parts manual page 153, item 17",ACTIVE
PN-001111,CL127819,Sandvik / EIMCO,Underground LHD,ED10,EXPLICIT,VERIFIED,"ED10 parts manual page 153, item 18",ACTIVE
PN-001143,CL2107379,Sandvik / EIMCO,Underground LHD,ED10,EXPLICIT,VERIFIED,"ED10 parts manual page 153, item 19",ACTIVE
PN-001142,CL2106610,Sandvik / EIMCO,Underground LHD,ED10,EXPLICIT,VERIFIED,"ED10 parts manual page 153, item 20",ACTIVE
PN-001105,CL121214,Sandvik / EIMCO,Underground LHD,ED10,EXPLICIT,VERIFIED,"ED10 parts manual page 153, item 21; SANDVIK LS 190-312 PARTS20260228.xlsx, Sheet1, row 148; SANDVIK LS190-B2285 SPARE PARTS LIST_Mining India_24.03.2026.xlsx, Sheet1, row 122; SANDVIK LS190-B2285 SPARE PARTS LIST_Mining India_24.03.2026.xlsx, Sheet1, row 134",ACTIVE
PN-001474,CL6C-605H,Sandvik / EIMCO,Underground LHD,ED10,EXPLICIT,VERIFIED,"ED10 parts manual page 153, item 23",ACTIVE
PN-001207,CL2115353,Sandvik / EIMCO,Underground LHD,ED10,EXPLICIT,VERIFIED,"ED10 parts manual page 153, item 25",ACTIVE
PN-001185,CL2114020,Sandvik / EIMCO,Underground LHD,ED10,EXPLICIT,VERIFIED,"ED10 parts manual page 153, item 26",ACTIVE
PN-001173,CL2111619,Sandvik / EIMCO,Underground LHD,ED10,EXPLICIT,VERIFIED,"ED10 parts manual page 153, item 27",ACTIVE
PN-001177,CL2111947,Sandvik / EIMCO,Underground LHD,ED10,EXPLICIT,VERIFIED,"ED10 parts manual page 153, item 27A",ACTIVE
PN-001179,CL2112664,Sandvik / EIMCO,Underground LHD,ED10,EXPLICIT,VERIFIED,"ED10 parts manual page 153, item 28; ED10 parts manual page 155, item 1",ACTIVE
PN-001098,CL111656,Sandvik / EIMCO,Underground LHD,ED10,EXPLICIT,VERIFIED,"ED10 parts manual page 153, item 29",ACTIVE
PN-001472,CL64D-12H,Sandvik / EIMCO,Underground LHD,ED10,EXPLICIT,VERIFIED,"ED10 parts manual page 153, item 30",ACTIVE
PN-001176,CL2111900,Sandvik / EIMCO,Underground LHD,ED10,EXPLICIT,VERIFIED,"ED10 parts manual page 153, item 31",ACTIVE
PN-001086,CL1006547,Sandvik / EIMCO,Underground LHD,ED10,EXPLICIT,VERIFIED,"ED10 parts manual page 153, item 34",ACTIVE
PN-001205,CL2115220,Sandvik / EIMCO,Underground LHD,ED10,EXPLICIT,VERIFIED,"ED10 parts manual page 153, item 38",ACTIVE
PN-001202,CL2114597,Sandvik / EIMCO,Underground LHD,ED10,EXPLICIT,VERIFIED,"ED10 parts manual page 153, item 39",ACTIVE
PN-001201,CL2114595,Sandvik / EIMCO,Underground LHD,ED10,EXPLICIT,VERIFIED,"ED10 parts manual page 153, item 40",ACTIVE
PN-001169,CL2111409,Sandvik / EIMCO,Underground LHD,ED10,EXPLICIT,VERIFIED,"ED10 parts manual page 153, item 41",ACTIVE
PN-001403,CL24K6,Sandvik / EIMCO,Underground LHD,ED10,EXPLICIT,VERIFIED,"ED10 parts manual page 155, item 2",ACTIVE
PN-001502,CL91G6,Sandvik / EIMCO,Underground LHD,ED10,EXPLICIT,VERIFIED,"ED10 parts manual page 155, item 3",ACTIVE
PN-001141,CL208805,Sandvik / EIMCO,Underground LHD,ED10,EXPLICIT,VERIFIED,"ED10 parts manual page 155, item 4",ACTIVE
PN-001402,CL24K5,Sandvik / EIMCO,Underground LHD,ED10,EXPLICIT,VERIFIED,"ED10 parts manual page 155, item 5",ACTIVE
PN-001500,CL91F5,Sandvik / EIMCO,Underground LHD,ED10,EXPLICIT,VERIFIED,"ED10 parts manual page 155, item 6",ACTIVE
PN-001401,CL24K4,Sandvik / EIMCO,Underground LHD,ED10,EXPLICIT,VERIFIED,"ED10 parts manual page 155, item 7",ACTIVE
PN-001499,CL91F4,Sandvik / EIMCO,Underground LHD,ED10,EXPLICIT,VERIFIED,"ED10 parts manual page 155, item 8",ACTIVE
PN-001115,CL16F01,Sandvik / EIMCO,Underground LHD,ED10,EXPLICIT,VERIFIED,"ED10 parts manual page 155, item 9",ACTIVE
PN-001180,CL2112665,Sandvik / EIMCO,Underground LHD,ED10,EXPLICIT,VERIFIED,"ED10 parts manual page 155, item 10",ACTIVE
PN-001435,CL25K30020,Sandvik / EIMCO,Underground LHD,ED10,EXPLICIT,VERIFIED,"ED10 parts manual page 155, item 11; ED10 parts manual page 155, item 12",ACTIVE
PN-001157,CL2110857,Sandvik / EIMCO,Underground LHD,ED10,EXPLICIT,VERIFIED,"ED10 parts manual page 155, item 13",ACTIVE
PN-001161,CL2110865,Sandvik / EIMCO,Underground LHD,ED10,EXPLICIT,VERIFIED,"ED10 parts manual page 155, item 14",ACTIVE
PN-001158,CL2110858,Sandvik / EIMCO,Underground LHD,ED10,EXPLICIT,VERIFIED,"ED10 parts manual page 155, item 15",ACTIVE
PN-001163,CL2111165,Sandvik / EIMCO,Underground LHD,ED10,EXPLICIT,VERIFIED,"ED10 parts manual page 155, item 16",ACTIVE
PN-001175,CL2111672,Sandvik / EIMCO,Underground LHD,ED10,EXPLICIT,VERIFIED,"ED10 parts manual page 155, item 17",ACTIVE
PN-001089,CL104412,Sandvik / EIMCO,Underground LHD,ED10,EXPLICIT,VERIFIED,"ED10 parts manual page 155, item 18",ACTIVE
PN-001174,CL2111632,Sandvik / EIMCO,Underground LHD,ED10,EXPLICIT,VERIFIED,"ED10 parts manual page 155, item 19",ACTIVE
PN-001156,CL2110852,Sandvik / EIMCO,Underground LHD,ED10,EXPLICIT,VERIFIED,"ED10 parts manual page 155, item 20",ACTIVE
PN-001160,CL2110864,Sandvik / EIMCO,Underground LHD,ED10,EXPLICIT,VERIFIED,"ED10 parts manual page 155, item 21",ACTIVE
PN-001164,CL2111166,Sandvik / EIMCO,Underground LHD,ED10,EXPLICIT,VERIFIED,"ED10 parts manual page 155, item 22",ACTIVE
PN-001159,CL2110861,Sandvik / EIMCO,Underground LHD,ED10,EXPLICIT,VERIFIED,"ED10 parts manual page 155, item 23",ACTIVE
PN-001198,CL2114372,Sandvik / EIMCO,Underground LHD,ED10,EXPLICIT,VERIFIED,"ED10 parts manual page 155, item 24",ACTIVE
PN-001483,CL76K10,Sandvik / EIMCO,Underground LHD,ED10,EXPLICIT,VERIFIED,"ED10 parts manual page 155, item 25",ACTIVE
PN-001501,CL91F6,Sandvik / EIMCO,Underground LHD,ED10,EXPLICIT,VERIFIED,"ED10 parts manual page 155, item 26",ACTIVE
PN-001162,CL2111039,Sandvik / EIMCO,Underground LHD,ED10,EXPLICIT,VERIFIED,"ED10 parts manual page 155, item 27",ACTIVE
PN-001166,CL2111168,Sandvik / EIMCO,Underground LHD,ED10,EXPLICIT,VERIFIED,"ED10 parts manual page 155, item 28",ACTIVE
PN-001165,CL2111167,Sandvik / EIMCO,Underground LHD,ED10,EXPLICIT,VERIFIED,"ED10 parts manual page 155, item 29",ACTIVE
PN-001120,CL17C512H,Sandvik / EIMCO,Underground LHD,ED10,EXPLICIT,VERIFIED,"ED10 parts manual page 155, item 30",ACTIVE
PN-001491,CL816185,Sandvik / EIMCO,Underground LHD,ED10,EXPLICIT,VERIFIED,"ED10 parts manual page 155, item 31",ACTIVE
PN-001116,CL16F2,Sandvik / EIMCO,Underground LHD,ED10,EXPLICIT,VERIFIED,"ED10 parts manual page 155, item 32",ACTIVE
PN-001203,CL2114639,Sandvik / EIMCO,Underground LHD,ED10,EXPLICIT,VERIFIED,"ED10 parts manual page 157, item 2",ACTIVE
PN-001200,CL2114524,Sandvik / EIMCO,Underground LHD,ED10,EXPLICIT,VERIFIED,"ED10 parts manual page 157, item 3",ACTIVE
PN-001492,CL816274,Sandvik / EIMCO,Underground LHD,ED10,EXPLICIT,VERIFIED,"ED10 parts manual page 157, item 4",ACTIVE
PN-001199,CL2114523,Sandvik / EIMCO,Underground LHD,ED10,EXPLICIT,VERIFIED,"ED10 parts manual page 157, item 7",ACTIVE
PN-001845,N.S.S.,Sandvik / EIMCO,Underground LHD,ED10,EXPLICIT,VERIFIED,"ED10 parts manual page 157, item 8; ED10 parts manual page 157, item 14; ED10 parts manual page 157, item 15; ED10 parts manual page 157, item 21",ACTIVE
PN-001110,CL127815,Sandvik / EIMCO,Underground LHD,ED10,EXPLICIT,VERIFIED,"ED10 parts manual page 157, item 9",ACTIVE
PN-001108,CL125088,Sandvik / EIMCO,Underground LHD,ED10,EXPLICIT,VERIFIED,"ED10 parts manual page 157, item 10",ACTIVE
PN-001206,CL2115264,Sandvik / EIMCO,Underground LHD,ED10,EXPLICIT,VERIFIED,"ED10 parts manual page 157, item 11; ED10 parts manual page 157, item 12",ACTIVE
PN-001168,CL2111308,Sandvik / EIMCO,Underground LHD,ED10,EXPLICIT,VERIFIED,"ED10 parts manual page 157, item 13",ACTIVE
PN-001119,CL17C-988H,Sandvik / EIMCO,Underground LHD,ED10,EXPLICIT,VERIFIED,"ED10 parts manual page 157, item 17",ACTIVE
PN-001495,CL86D-09H,Sandvik / EIMCO,Underground LHD,ED10,EXPLICIT,VERIFIED,"ED10 parts manual page 157, item 18",ACTIVE
PN-001087,CL101196,Sandvik / EIMCO,Underground LHD,ED10,EXPLICIT,VERIFIED,"ED10 parts manual page 157, item 19",ACTIVE
PN-001193,CL2114283,Sandvik / EIMCO,Underground LHD,ED10,EXPLICIT,VERIFIED,"ED10 parts manual page 157, item 20",ACTIVE
PN-001106,CL123832,Sandvik / EIMCO,Underground LHD,ED10,EXPLICIT,VERIFIED,"ED10 parts manual page 157, item 22",ACTIVE
PN-001099,CL111658,Sandvik / EIMCO,Underground LHD,ED10,EXPLICIT,VERIFIED,"ED10 parts manual page 157, item 23",ACTIVE
PN-001109,CL126468,Sandvik / EIMCO,Underground LHD,ED10,EXPLICIT,VERIFIED,"ED10 parts manual page 157, item 24",ACTIVE
PN-001126,CL1C-614H,Sandvik / EIMCO,Underground LHD,ED10,EXPLICIT,VERIFIED,"ED10 parts manual page 157, item 26",ACTIVE
PN-001107,CL124696,Sandvik / EIMCO,Underground LHD,ED10,EXPLICIT,VERIFIED,"ED10 parts manual page 157, item 27",ACTIVE
PN-001183,CL2112958,Sandvik / EIMCO,Underground LHD,ED10,EXPLICIT,VERIFIED,"ED10 parts manual page 157, item 28",ACTIVE
PN-001182,CL2112957,Sandvik / EIMCO,Underground LHD,ED10,EXPLICIT,VERIFIED,"ED10 parts manual page 157, item 29",ACTIVE
PN-001192,CL2114263,Sandvik / EIMCO,Underground LHD,ED10,EXPLICIT,VERIFIED,"ED10 parts manual page 157, item 32",ACTIVE
PN-001194,CL2114363,Sandvik / EIMCO,Underground LHD,ED10,EXPLICIT,VERIFIED,"ED10 parts manual page 157, item 33",ACTIVE
PN-001195,CL2114364,Sandvik / EIMCO,Underground LHD,ED10,EXPLICIT,VERIFIED,"ED10 parts manual page 157, item 34",ACTIVE
PN-001494,CL842189,Sandvik / EIMCO,Underground LHD,ED10,EXPLICIT,VERIFIED,"ED10 parts manual page 157, item 35",ACTIVE
PN-001091,CL107477,Sandvik / EIMCO,Underground LHD,ED10,EXPLICIT,VERIFIED,"ED10 parts manual page 157, item 37",ACTIVE
PN-001197,CL2114367,Sandvik / EIMCO,Underground LHD,ED10,EXPLICIT,VERIFIED,"ED10 parts manual page 157, item 38",ACTIVE
PN-001196,CL2114366,Sandvik / EIMCO,Underground LHD,ED10,EXPLICIT,VERIFIED,"ED10 parts manual page 157, item 39",ACTIVE
PN-001122,CL17CM1260,Sandvik / EIMCO,Underground LHD,ED10,EXPLICIT,VERIFIED,"ED10 parts manual page 157, item 40",ACTIVE
PN-001455,CL4E-08,Sandvik / EIMCO,Underground LHD,ED10,EXPLICIT,VERIFIED,"ED10 parts manual page 157, item 41",ACTIVE
PN-001178,CL2112382,Sandvik / EIMCO,Underground LHD,ED10,EXPLICIT,VERIFIED,"ED10 parts manual page 157, item 42",ACTIVE
PN-001112,CL128401,Sandvik / EIMCO,Underground LHD,ED10,EXPLICIT,VERIFIED,"ED10 parts manual page 157, item 43",ACTIVE
PN-001187,CL2114198,Sandvik / EIMCO,Underground LHD,ED10,EXPLICIT,VERIFIED,"ED10 parts manual page 158, item 44",ACTIVE
PN-001457,CL4E-10,Sandvik / EIMCO,Underground LHD,ED10,EXPLICIT,VERIFIED,"ED10 parts manual page 158, item 45",ACTIVE
PN-001487,CL7CM1660,Sandvik / EIMCO,Underground LHD,ED10,EXPLICIT,VERIFIED,"ED10 parts manual page 158, item 46",ACTIVE
PN-001144,CL2109547,Sandvik / EIMCO,Underground LHD,ED10,EXPLICIT,VERIFIED,"ED10 parts manual page 158, item 47",ACTIVE
PN-001188,CL2114204,Sandvik / EIMCO,Underground LHD,ED10,EXPLICIT,VERIFIED,"ED10 parts manual page 158, item 49",ACTIVE
PN-001172,CL2111515,Sandvik / EIMCO,Underground LHD,ED10,EXPLICIT,VERIFIED,"ED10 parts manual page 158, item 50",ACTIVE
PN-001184,CL2113884,Sandvik / EIMCO,Underground LHD,ED10,EXPLICIT,VERIFIED,"ED10 parts manual page 158, item 50A",ACTIVE
PN-001436,CL25K60124,Sandvik / EIMCO,Underground LHD,ED10,EXPLICIT,VERIFIED,"ED10 parts manual page 158, item 50B",ACTIVE
PN-001167,CL2111250,Sandvik / EIMCO,Underground LHD,ED10,EXPLICIT,VERIFIED,"ED10 parts manual page 158, item 51",ACTIVE
PN-001204,CL2115190,Sandvik / EIMCO,Underground LHD,ED10,EXPLICIT,VERIFIED,"ED10 parts manual page 158, item 52",ACTIVE
PN-001493,CL816287,Sandvik / EIMCO,Underground LHD,ED10,EXPLICIT,VERIFIED,"ED10 parts manual page 158, item 53",ACTIVE
PN-000068,016-92009,Sandvik / EIMCO,Underground LHD,ED10,EXPLICIT,VERIFIED,"ED10 parts manual page 160, item 1",ACTIVE
PN-000069,016-93020,Sandvik / EIMCO,Underground LHD,ED10,EXPLICIT,VERIFIED,"ED10 parts manual page 160, item 2",ACTIVE
PN-000397,A2U130-371043,Sandvik / EIMCO,Underground LHD,ED10,EXPLICIT,VERIFIED,"ED10 parts manual page 160, item 3",ACTIVE
PN-000607,A2U220-371066,Sandvik / EIMCO,Underground LHD,ED10,EXPLICIT,VERIFIED,"ED10 parts manual page 163, item 1",ACTIVE
PN-000609,A2U220-372045,Sandvik / EIMCO,Underground LHD,ED10,EXPLICIT,VERIFIED,"ED10 parts manual page 163, item 2",ACTIVE
PN-000334,65392009,Sandvik / EIMCO,Underground LHD,ED10,EXPLICIT,VERIFIED,"ED10 parts manual page 163, item 4",ACTIVE
PN-000608,A2U220-371070,Sandvik / EIMCO,Underground LHD,ED10,EXPLICIT,VERIFIED,"ED10 parts manual page 163, item 5",ACTIVE
PN-001909,ZD34-16.00,Sandvik / EIMCO,Underground LHD,ED10,EXPLICIT,VERIFIED,"ED10 parts manual page 165, item 3",ACTIVE
PN-000440,A2U220-111131,Sandvik / EIMCO,Underground LHD,ED10,EXPLICIT,VERIFIED,"ED10 parts manual page 169, item 1",ACTIVE
PN-000468,A2U220-193387,Sandvik / EIMCO,Underground LHD,ED10,EXPLICIT,VERIFIED,"ED10 parts manual page 169, item 2; ED10 parts manual page 171, item 2",ACTIVE
PN-000480,A2U220-196134,Sandvik / EIMCO,Underground LHD,ED10,EXPLICIT,VERIFIED,"ED10 parts manual page 169, item 4; ED10 parts manual page 171, item 4",ACTIVE
PN-000479,A2U220-195085,Sandvik / EIMCO,Underground LHD,ED10,EXPLICIT,VERIFIED,"ED10 parts manual page 169, item 5; ED10 parts manual page 171, item 5",ACTIVE
PN-000478,A2U220-195084,Sandvik / EIMCO,Underground LHD,ED10,EXPLICIT,VERIFIED,"ED10 parts manual page 169, item 6; ED10 parts manual page 171, item 6",ACTIVE
PN-000477,A2U220-195083,Sandvik / EIMCO,Underground LHD,ED10,EXPLICIT,VERIFIED,"ED10 parts manual page 169, item 7; ED10 parts manual page 171, item 7",ACTIVE
PN-000676,A2U220-810018,Sandvik / EIMCO,Underground LHD,ED10,EXPLICIT,VERIFIED,"ED10 parts manual page 169, item 8; ED10 parts manual page 171, item 8",ACTIVE
PN-000173,445502844,Sandvik / EIMCO,Underground LHD,ED10,EXPLICIT,VERIFIED,"ED10 parts manual page 169, item 10; ED10 parts manual page 171, item 10",ACTIVE
PN-000441,A2U220-111132,Sandvik / EIMCO,Underground LHD,ED10,EXPLICIT,VERIFIED,"ED10 parts manual page 171, item 1; ED10 parts manual page 176, item 1",ACTIVE
PN-000446,A2U220-131047,Sandvik / EIMCO,Underground LHD,ED10,EXPLICIT,VERIFIED,"ED10 parts manual page 173, item 1",ACTIVE
PN-001826,G903,Sandvik / EIMCO,Underground LHD,ED10,EXPLICIT,VERIFIED,"ED10 parts manual page 173, item 2; SANDVIK LS190-B2285 SPARE PARTS LIST_Mining India_24.03.2026.xlsx, Sheet1, row 221",ACTIVE
PN-000444,A2U220-117001,Sandvik / EIMCO,Underground LHD,ED10,EXPLICIT,VERIFIED,"ED10 parts manual page 173, item 3",ACTIVE
PN-000447,A2U220-141050,Sandvik / EIMCO,Underground LHD,ED10,EXPLICIT,VERIFIED,"ED10 parts manual page 173, item 4",ACTIVE
PN-000448,A2U220-141051,Sandvik / EIMCO,Underground LHD,ED10,EXPLICIT,VERIFIED,"ED10 parts manual page 173, item 5",ACTIVE
PN-000365,A2U130-191812,Sandvik / EIMCO,Underground LHD,ED10,EXPLICIT,VERIFIED,"ED10 parts manual page 173, item 6",ACTIVE
PN-000366,A2U130-191813,Sandvik / EIMCO,Underground LHD,ED10,EXPLICIT,VERIFIED,"ED10 parts manual page 173, item 7",ACTIVE
PN-000449,A2U220-141056,Sandvik / EIMCO,Underground LHD,ED10,EXPLICIT,VERIFIED,"ED10 parts manual page 173, item 8",ACTIVE
PN-000450,A2U220-141057,Sandvik / EIMCO,Underground LHD,ED10,EXPLICIT,VERIFIED,"ED10 parts manual page 173, item 9",ACTIVE
PN-000451,A2U220-141058,Sandvik / EIMCO,Underground LHD,ED10,EXPLICIT,VERIFIED,"ED10 parts manual page 173, item 10",ACTIVE
PN-000452,A2U220-141059,Sandvik / EIMCO,Underground LHD,ED10,EXPLICIT,VERIFIED,"ED10 parts manual page 173, item 11",ACTIVE
PN-000192,450061624,Sandvik / EIMCO,Underground LHD,ED10,EXPLICIT,VERIFIED,"ED10 parts manual page 173, item 12; ED10 parts manual page 190, item 4",ACTIVE
PN-000198,450081034,Sandvik / EIMCO,Underground LHD,ED10,EXPLICIT,VERIFIED,"ED10 parts manual page 173, item 13; ED10 parts manual page 176, item 19; ED10 parts manual page 183, item 25; ED10 parts manual page 190, item 5",ACTIVE
PN-000181,445503069,Sandvik / EIMCO,Underground LHD,ED10,EXPLICIT,VERIFIED,"ED10 parts manual page 173, item 14",ACTIVE
PN-000763,A2U900-480615,Sandvik / EIMCO,Underground LHD,ED10,EXPLICIT,VERIFIED,"ED10 parts manual page 173, item 15",ACTIVE
PN-000170,445502808,Sandvik / EIMCO,Underground LHD,ED10,EXPLICIT,VERIFIED,"ED10 parts manual page 173, item 18",ACTIVE
PN-000131,445202804,Sandvik / EIMCO,Underground LHD,ED10,EXPLICIT,VERIFIED,"ED10 parts manual page 173, item 23",ACTIVE
PN-000355,A2U130-115021,Sandvik / EIMCO,Underground LHD,ED10,EXPLICIT,VERIFIED,"ED10 parts manual page 176, item 2",ACTIVE
PN-000462,A2U220-1911017,Sandvik / EIMCO,Underground LHD,ED10,EXPLICIT,VERIFIED,"ED10 parts manual page 176, item 3",ACTIVE
PN-000459,A2U220-1911014,Sandvik / EIMCO,Underground LHD,ED10,EXPLICIT,VERIFIED,"ED10 parts manual page 176, item 4",ACTIVE
PN-000460,A2U220-1911015,Sandvik / EIMCO,Underground LHD,ED10,EXPLICIT,VERIFIED,"ED10 parts manual page 176, item 5",ACTIVE
PN-000461,A2U220-1911016,Sandvik / EIMCO,Underground LHD,ED10,EXPLICIT,VERIFIED,"ED10 parts manual page 176, item 6",ACTIVE
PN-000443,A2U220-115023,Sandvik / EIMCO,Underground LHD,ED10,EXPLICIT,VERIFIED,"ED10 parts manual page 176, item 7",ACTIVE
PN-000505,A2U220-197748,Sandvik / EIMCO,Underground LHD,ED10,EXPLICIT,VERIFIED,"ED10 parts manual page 176, item 8",ACTIVE
PN-000464,A2U220-1911056,Sandvik / EIMCO,Underground LHD,ED10,EXPLICIT,VERIFIED,"ED10 parts manual page 176, item 9",ACTIVE
PN-000493,A2U220-197655,Sandvik / EIMCO,Underground LHD,ED10,EXPLICIT,VERIFIED,"ED10 parts manual page 176, item 10",ACTIVE
PN-000494,A2U220-197656,Sandvik / EIMCO,Underground LHD,ED10,EXPLICIT,VERIFIED,"ED10 parts manual page 176, item 11",ACTIVE
PN-000203,450081130,Sandvik / EIMCO,Underground LHD,ED10,EXPLICIT,VERIFIED,"ED10 parts manual page 176, item 13; ED10 parts manual page 176, item 23; ED10 parts manual page 317, item 10",ACTIVE
PN-000208,455302040,Sandvik / EIMCO,Underground LHD,ED10,EXPLICIT,VERIFIED,"ED10 parts manual page 176, item 14",ACTIVE
PN-000207,455302036,Sandvik / EIMCO,Underground LHD,ED10,EXPLICIT,VERIFIED,"ED10 parts manual page 176, item 17",ACTIVE
PN-000155,445405075,Sandvik / EIMCO,Underground LHD,ED10,EXPLICIT,VERIFIED,"ED10 parts manual page 176, item 18",ACTIVE
PN-000205,455300044,Sandvik / EIMCO,Underground LHD,ED10,EXPLICIT,VERIFIED,"ED10 parts manual page 176, item 20",ACTIVE
PN-000150,445402950,Sandvik / EIMCO,Underground LHD,ED10,EXPLICIT,VERIFIED,"ED10 parts manual page 176, item 24",ACTIVE
PN-000458,A2U220-190230,Sandvik / EIMCO,Underground LHD,ED10,EXPLICIT,VERIFIED,"ED10 parts manual page 176, item 26",ACTIVE
PN-000178,445502935,Sandvik / EIMCO,Underground LHD,ED10,EXPLICIT,VERIFIED,"ED10 parts manual page 176, item 27",ACTIVE
PN-000879,A2U913-591257,Sandvik / EIMCO,Underground LHD,ED10,EXPLICIT,VERIFIED,"ED10 parts manual page 176, item 28",ACTIVE
PN-000304,5450081124,Sandvik / EIMCO,Underground LHD,ED10,EXPLICIT,VERIFIED,"ED10 parts manual page 176, item 29",ACTIVE
PN-000388,A2U130-197310,Sandvik / EIMCO,Underground LHD,ED10,EXPLICIT,VERIFIED,"ED10 parts manual page 176, item 33",ACTIVE
PN-000152,445402963,Sandvik / EIMCO,Underground LHD,ED10,EXPLICIT,VERIFIED,"ED10 parts manual page 176, item 34",ACTIVE
PN-000878,A2U913-591256,Sandvik / EIMCO,Underground LHD,ED10,EXPLICIT,VERIFIED,"ED10 parts manual page 176, item 35",ACTIVE
PN-000114,244526,Sandvik / EIMCO,Underground LHD,ED10,EXPLICIT,VERIFIED,"ED10 parts manual page 178, item 1",ACTIVE
PN-000374,A2U130-193421,Sandvik / EIMCO,Underground LHD,ED10,EXPLICIT,VERIFIED,"ED10 parts manual page 178, item 2",ACTIVE
PN-000844,A2U913-198001,Sandvik / EIMCO,Underground LHD,ED10,EXPLICIT,VERIFIED,"ED10 parts manual page 178, item 3; ED10 parts manual page 201, item 5",ACTIVE
PN-000626,A2U220-491238,Sandvik / EIMCO,Underground LHD,ED10,EXPLICIT,VERIFIED,"ED10 parts manual page 180, item 1",ACTIVE
PN-000415,A2U130-491222,Sandvik / EIMCO,Underground LHD,ED10,EXPLICIT,VERIFIED,"ED10 parts manual page 180, item 2",ACTIVE
PN-000746,A2U900-392099,Sandvik / EIMCO,Underground LHD,ED10,EXPLICIT,VERIFIED,"ED10 parts manual page 180, item 5",ACTIVE
PN-000650,A2U220-591346,Sandvik / EIMCO,Underground LHD,ED10,EXPLICIT,VERIFIED,"ED10 parts manual page 180, item 6",ACTIVE
PN-000618,A2U220-410034,Sandvik / EIMCO,Underground LHD,ED10,EXPLICIT,VERIFIED,"ED10 parts manual page 180, item 7",ACTIVE
PN-000623,A2U220-487081,Sandvik / EIMCO,Underground LHD,ED10,EXPLICIT,VERIFIED,"ED10 parts manual page 180, item 8",ACTIVE
PN-000482,A2U220-197634,Sandvik / EIMCO,Underground LHD,ED10,EXPLICIT,VERIFIED,"ED10 parts manual page 183, item 1",ACTIVE
PN-000485,A2U220-197638,Sandvik / EIMCO,Underground LHD,ED10,EXPLICIT,VERIFIED,"ED10 parts manual page 183, item 2",ACTIVE
PN-000483,A2U220-197636,Sandvik / EIMCO,Underground LHD,ED10,EXPLICIT,VERIFIED,"ED10 parts manual page 183, item 3",ACTIVE
PN-000484,A2U220-197637,Sandvik / EIMCO,Underground LHD,ED10,EXPLICIT,VERIFIED,"ED10 parts manual page 183, item 4",ACTIVE
PN-000486,A2U220-197639,Sandvik / EIMCO,Underground LHD,ED10,EXPLICIT,VERIFIED,"ED10 parts manual page 183, item 5",ACTIVE
PN-000492,A2U220-197650,Sandvik / EIMCO,Underground LHD,ED10,EXPLICIT,VERIFIED,"ED10 parts manual page 183, item 6",ACTIVE
PN-000487,A2U220-197640,Sandvik / EIMCO,Underground LHD,ED10,EXPLICIT,VERIFIED,"ED10 parts manual page 183, item 7",ACTIVE
PN-000488,A2U220-197641,Sandvik / EIMCO,Underground LHD,ED10,EXPLICIT,VERIFIED,"ED10 parts manual page 183, item 8",ACTIVE
PN-000491,A2U220-197649,Sandvik / EIMCO,Underground LHD,ED10,EXPLICIT,VERIFIED,"ED10 parts manual page 183, item 9",ACTIVE
PN-000489,A2U220-197642,Sandvik / EIMCO,Underground LHD,ED10,EXPLICIT,VERIFIED,"ED10 parts manual page 183, item 10",ACTIVE
PN-000490,A2U220-197643,Sandvik / EIMCO,Underground LHD,ED10,EXPLICIT,VERIFIED,"ED10 parts manual page 183, item 11",ACTIVE
PN-000502,A2U220-197669,Sandvik / EIMCO,Underground LHD,ED10,EXPLICIT,VERIFIED,"ED10 parts manual page 183, item 12",ACTIVE
PN-000118,246633,Sandvik / EIMCO,Underground LHD,ED10,EXPLICIT,VERIFIED,"ED10 parts manual page 183, item 13",ACTIVE
PN-000117,246631,Sandvik / EIMCO,Underground LHD,ED10,EXPLICIT,VERIFIED,"ED10 parts manual page 183, item 14",ACTIVE
PN-000097,114962,Sandvik / EIMCO,Underground LHD,ED10,EXPLICIT,VERIFIED,"ED10 parts manual page 183, item 18",ACTIVE
PN-000147,445402864,Sandvik / EIMCO,Underground LHD,ED10,EXPLICIT,VERIFIED,"ED10 parts manual page 183, item 21; ED10 parts manual page 279, item 21",ACTIVE
PN-000183,445503072,Sandvik / EIMCO,Underground LHD,ED10,EXPLICIT,VERIFIED,"ED10 parts manual page 183, item 24",ACTIVE
PN-000466,A2U220-1911098,Sandvik / EIMCO,Underground LHD,ED10,EXPLICIT,VERIFIED,"ED10 parts manual page 183, item 27",ACTIVE
PN-000390,A2U130-197628,Sandvik / EIMCO,Underground LHD,ED10,EXPLICIT,VERIFIED,"ED10 parts manual page 183, item 29",ACTIVE
PN-000503,A2U220-197687,Sandvik / EIMCO,Underground LHD,ED10,EXPLICIT,VERIFIED,"ED10 parts manual page 183, item 30",ACTIVE
PN-000368,A2U130-192046,Sandvik / EIMCO,Underground LHD,ED10,EXPLICIT,VERIFIED,"ED10 parts manual page 183, item 31",ACTIVE
PN-000463,A2U220-1911029,Sandvik / EIMCO,Underground LHD,ED10,EXPLICIT,VERIFIED,"ED10 parts manual page 183, item 32",ACTIVE
PN-000506,A2U220-197750,Sandvik / EIMCO,Underground LHD,ED10,EXPLICIT,VERIFIED,"ED10 parts manual page 183, item 40",ACTIVE
PN-000627,A2U220-491239,Sandvik / EIMCO,Underground LHD,ED10,EXPLICIT,VERIFIED,"ED10 parts manual page 183, item 41; ED10 parts manual page 304, item 6",ACTIVE
PN-000495,A2U220-197657,Sandvik / EIMCO,Underground LHD,ED10,EXPLICIT,VERIFIED,"ED10 parts manual page 183, item 42",ACTIVE
PN-000496,A2U220-197658,Sandvik / EIMCO,Underground LHD,ED10,EXPLICIT,VERIFIED,"ED10 parts manual page 183, item 43",ACTIVE
PN-000497,A2U220-197660,Sandvik / EIMCO,Underground LHD,ED10,EXPLICIT,VERIFIED,"ED10 parts manual page 183, item 44",ACTIVE
PN-000498,A2U220-197661,Sandvik / EIMCO,Underground LHD,ED10,EXPLICIT,VERIFIED,"ED10 parts manual page 183, item 45",ACTIVE
PN-000499,A2U220-197662,Sandvik / EIMCO,Underground LHD,ED10,EXPLICIT,VERIFIED,"ED10 parts manual page 183, item 46",ACTIVE
PN-000500,A2U220-197663,Sandvik / EIMCO,Underground LHD,ED10,EXPLICIT,VERIFIED,"ED10 parts manual page 184, item 47",ACTIVE
PN-000501,A2U220-197664,Sandvik / EIMCO,Underground LHD,ED10,EXPLICIT,VERIFIED,"ED10 parts manual page 184, item 48",ACTIVE
PN-000504,A2U220-197692,Sandvik / EIMCO,Underground LHD,ED10,EXPLICIT,VERIFIED,"ED10 parts manual page 184, item 49",ACTIVE
PN-000189,450061615,Sandvik / EIMCO,Underground LHD,ED10,EXPLICIT,VERIFIED,"ED10 parts manual page 184, item 50",ACTIVE
PN-000606,A2U220-361013,Sandvik / EIMCO,Underground LHD,ED10,EXPLICIT,VERIFIED,"ED10 parts manual page 186, item 1",ACTIVE
PN-000037,A2U220-194480,Sandvik / EIMCO,Underground LHD,ED10,EXPLICIT,VERIFIED,"ED10 parts manual page 186, item 2; SANDVIK LS 190-312 PARTS20260228.xlsx, Sheet1, row 80",ACTIVE
PN-000057,A2U220-195086,Sandvik / EIMCO,Underground LHD,ED10,EXPLICIT,VERIFIED,"ED10 parts manual page 186, item 3; SANDVIK LS 190-312 PARTS20260228.xlsx, Sheet1, row 118; SANDVIK LS190-B2285 SPARE PARTS LIST_Mining India_24.03.2026.xlsx, Sheet1, row 224",ACTIVE
PN-000056,A2U220-396005,Sandvik / EIMCO,Underground LHD,ED10,EXPLICIT,VERIFIED,"ED10 parts manual page 186, item 4; SANDVIK LS 190-312 PARTS20260228.xlsx, Sheet1, row 117",ACTIVE
PN-000612,A2U220-391157,Sandvik / EIMCO,Underground LHD,ED10,EXPLICIT,VERIFIED,"ED10 parts manual page 186, item 5",ACTIVE
PN-000476,A2U220-194401,Sandvik / EIMCO,Underground LHD,ED10,EXPLICIT,VERIFIED,"ED10 parts manual page 186, item 8",ACTIVE
PN-001857,SXA5,Sandvik / EIMCO,Underground LHD,ED10,EXPLICIT,VERIFIED,"ED10 parts manual page 188, item 1; SANDVIK LS 190-312 PARTS20260228.xlsx, Sheet1, row 155; SANDVIK LS190-B2285 SPARE PARTS LIST_Mining India_24.03.2026.xlsx, Sheet1, row 225",ACTIVE
PN-000743,A2U900-361010,Sandvik / EIMCO,Underground LHD,ED10,EXPLICIT,VERIFIED,"ED10 parts manual page 188, item 2; SANDVIK LS 190-312 PARTS20260228.xlsx, Sheet1, row 81; SANDVIK LS190-B2285 SPARE PARTS LIST_Mining India_24.03.2026.xlsx, Sheet1, row 226",ACTIVE
PN-000301,49502843,Sandvik / EIMCO,Underground LHD,ED10,EXPLICIT,VERIFIED,"ED10 parts manual page 188, item 4",ACTIVE
PN-000445,A2U220-121135,Sandvik / EIMCO,Underground LHD,ED10,EXPLICIT,VERIFIED,"ED10 parts manual page 190, item 1",ACTIVE
PN-000188,4455405082,Sandvik / EIMCO,Underground LHD,ED10,EXPLICIT,VERIFIED,"ED10 parts manual page 190, item 2",ACTIVE
PN-000693,A2U900-196154,Sandvik / EIMCO,Underground LHD,ED10,EXPLICIT,VERIFIED,"ED10 parts manual page 190, item 3",ACTIVE
PN-000218,455669044,Sandvik / EIMCO,Underground LHD,ED10,EXPLICIT,VERIFIED,"ED10 parts manual page 190, item 6; ED10 parts manual page 209, item 8",ACTIVE
PN-000456,A2U220-162195,Sandvik / EIMCO,Underground LHD,ED10,EXPLICIT,VERIFIED,"ED10 parts manual page 192, item 1",ACTIVE
PN-000369,A2U130-193209,Sandvik / EIMCO,Underground LHD,ED10,EXPLICIT,VERIFIED,"ED10 parts manual page 192, item 2",ACTIVE
PN-000687,A2U900-171140,Sandvik / EIMCO,Underground LHD,ED10,EXPLICIT,VERIFIED,"ED10 parts manual page 192, item 3",ACTIVE
PN-000841,A2U912-191021,Sandvik / EIMCO,Underground LHD,ED10,EXPLICIT,VERIFIED,"ED10 parts manual page 192, item 4",ACTIVE
PN-000381,A2U130-193439,Sandvik / EIMCO,Underground LHD,ED10,EXPLICIT,VERIFIED,"ED10 parts manual page 192, item 5",ACTIVE
PN-000843,A2U913-196004,Sandvik / EIMCO,Underground LHD,ED10,EXPLICIT,VERIFIED,"ED10 parts manual page 192, item 6",ACTIVE
PN-000871,A2U913-554015,Sandvik / EIMCO,Underground LHD,ED10,EXPLICIT,VERIFIED,"ED10 parts manual page 192, item 7",ACTIVE
PN-001818,EA6003-5,Sandvik / EIMCO,Underground LHD,ED10,EXPLICIT,VERIFIED,"ED10 parts manual page 192, item 8",ACTIVE
PN-000379,A2U130-193436,Sandvik / EIMCO,Underground LHD,ED10,EXPLICIT,VERIFIED,"ED10 parts manual page 192, item 9",ACTIVE
PN-001823,G754,Sandvik / EIMCO,Underground LHD,ED10,EXPLICIT,VERIFIED,"ED10 parts manual page 192, item 10; SANDVIK LS 190-312 PARTS20260228.xlsx, Sheet1, row 153",ACTIVE
PN-001864,T4GG12,Sandvik / EIMCO,Underground LHD,ED10,EXPLICIT,VERIFIED,"ED10 parts manual page 192, item 12",ACTIVE
PN-001594,D2900-12-240-17,Sandvik / EIMCO,Underground LHD,ED10,EXPLICIT,VERIFIED,"ED10 parts manual page 192, item 14",ACTIVE
PN-001616,D2900-4-190-7A,Sandvik / EIMCO,Underground LHD,ED10,EXPLICIT,VERIFIED,"ED10 parts manual page 192, item 15",ACTIVE
PN-001638,D2900-8-110-12A,Sandvik / EIMCO,Underground LHD,ED10,EXPLICIT,VERIFIED,"ED10 parts manual page 192, item 16",ACTIVE
PN-001640,D2900-8-70-12A,Sandvik / EIMCO,Underground LHD,ED10,EXPLICIT,VERIFIED,"ED10 parts manual page 192, item 17",ACTIVE
PN-000457,A2U220-162233,Sandvik / EIMCO,Underground LHD,ED10,EXPLICIT,VERIFIED,"ED10 parts manual page 192, item 18",ACTIVE
PN-000137,445208807,Sandvik / EIMCO,Underground LHD,ED10,EXPLICIT,VERIFIED,"ED10 parts manual page 192, item 19",ACTIVE
PN-000359,A2U130-191417,Sandvik / EIMCO,Underground LHD,ED10,EXPLICIT,VERIFIED,"ED10 parts manual page 194, item 1",ACTIVE
PN-000370,A2U130-193210,Sandvik / EIMCO,Underground LHD,ED10,EXPLICIT,VERIFIED,"ED10 parts manual page 194, item 2",ACTIVE
PN-000382,A2U130-194277,Sandvik / EIMCO,Underground LHD,ED10,EXPLICIT,VERIFIED,"ED10 parts manual page 194, item 4",ACTIVE
PN-001885,T8GG16,Sandvik / EIMCO,Underground LHD,ED10,EXPLICIT,VERIFIED,"ED10 parts manual page 194, item 6",ACTIVE
PN-001906,W8GA,Sandvik / EIMCO,Underground LHD,ED10,EXPLICIT,VERIFIED,"ED10 parts manual page 194, item 7; ED10 parts manual page 214, item 28; ED10 parts manual page 216, item 20; ED10 parts manual page 223, item 22; ED10 parts manual page 257, item 16",ACTIVE
PN-000385,A2U130-195063,Sandvik / EIMCO,Underground LHD,ED10,EXPLICIT,VERIFIED,"ED10 parts manual page 194, item 8",ACTIVE
PN-000872,A2U913-561108,Sandvik / EIMCO,Underground LHD,ED10,EXPLICIT,VERIFIED,"ED10 parts manual page 196, item 1",ACTIVE
PN-000873,A2U913-561109,Sandvik / EIMCO,Underground LHD,ED10,EXPLICIT,VERIFIED,"ED10 parts manual page 196, item 2",ACTIVE
PN-000874,A2U913-561110,Sandvik / EIMCO,Underground LHD,ED10,EXPLICIT,VERIFIED,"ED10 parts manual page 196, item 3",ACTIVE
PN-000875,A2U913-561111,Sandvik / EIMCO,Underground LHD,ED10,EXPLICIT,VERIFIED,"ED10 parts manual page 196, item 4",ACTIVE
PN-000876,A2U913-561112,Sandvik / EIMCO,Underground LHD,ED10,EXPLICIT,VERIFIED,"ED10 parts manual page 196, item 5",ACTIVE
PN-000884,A2U913-598044,Sandvik / EIMCO,Underground LHD,ED10,EXPLICIT,VERIFIED,"ED10 parts manual page 196, item 7",ACTIVE
PN-000877,A2U913-561113,Sandvik / EIMCO,Underground LHD,ED10,EXPLICIT,VERIFIED,"ED10 parts manual page 196, item 8",ACTIVE
PN-000093,110237,Sandvik / EIMCO,Underground LHD,ED10,EXPLICIT,VERIFIED,"ED10 parts manual page 199, item 1; SANDVIK LS190-B2285 SPARE PARTS LIST_Mining India_24.03.2026.xlsx, Sheet1, row 219",ACTIVE
PN-000377,A2U130-193434,Sandvik / EIMCO,Underground LHD,ED10,EXPLICIT,VERIFIED,"ED10 parts manual page 199, item 2",ACTIVE
PN-000472,A2U220-193445,Sandvik / EIMCO,Underground LHD,ED10,EXPLICIT,VERIFIED,"ED10 parts manual page 199, item 3",ACTIVE
PN-000376,A2U130-193432,Sandvik / EIMCO,Underground LHD,ED10,EXPLICIT,VERIFIED,"ED10 parts manual page 199, item 4",ACTIVE
PN-000104,222411,Sandvik / EIMCO,Underground LHD,ED10,EXPLICIT,VERIFIED,"ED10 parts manual page 199, item 5",ACTIVE
PN-000105,222412,Sandvik / EIMCO,Underground LHD,ED10,EXPLICIT,VERIFIED,"ED10 parts manual page 199, item 6",ACTIVE
PN-000106,222413,Sandvik / EIMCO,Underground LHD,ED10,EXPLICIT,VERIFIED,"ED10 parts manual page 199, item 7",ACTIVE
PN-000107,222742,Sandvik / EIMCO,Underground LHD,ED10,EXPLICIT,VERIFIED,"ED10 parts manual page 199, item 8",ACTIVE
PN-000109,226270,Sandvik / EIMCO,Underground LHD,ED10,EXPLICIT,VERIFIED,"ED10 parts manual page 199, item 9",ACTIVE
PN-000110,226271,Sandvik / EIMCO,Underground LHD,ED10,EXPLICIT,VERIFIED,"ED10 parts manual page 199, item 10",ACTIVE
PN-000455,A2U220-152015,Sandvik / EIMCO,Underground LHD,ED10,EXPLICIT,VERIFIED,"ED10 parts manual page 199, item 11",ACTIVE
PN-000113,234221,Sandvik / EIMCO,Underground LHD,ED10,EXPLICIT,VERIFIED,"ED10 parts manual page 199, item 12",ACTIVE
PN-000375,A2U130-193431,Sandvik / EIMCO,Underground LHD,ED10,EXPLICIT,VERIFIED,"ED10 parts manual page 199, item 13",ACTIVE
PN-000119,247065,Sandvik / EIMCO,Underground LHD,ED10,EXPLICIT,VERIFIED,"ED10 parts manual page 199, item 14",ACTIVE
PN-000453,A2U220-151037,Sandvik / EIMCO,Underground LHD,ED10,EXPLICIT,VERIFIED,"ED10 parts manual page 199, item 15",ACTIVE
PN-000454,A2U220-152014,Sandvik / EIMCO,Underground LHD,ED10,EXPLICIT,VERIFIED,"ED10 parts manual page 199, item 16",ACTIVE
PN-000358,A2U130-190122,Sandvik / EIMCO,Underground LHD,ED10,EXPLICIT,VERIFIED,"ED10 parts manual page 199, item 17",ACTIVE
PN-001834,L210,Sandvik / EIMCO,Underground LHD,ED10,EXPLICIT,VERIFIED,"ED10 parts manual page 199, item 18",ACTIVE
PN-001858,T10GG104,Sandvik / EIMCO,Underground LHD,ED10,EXPLICIT,VERIFIED,"ED10 parts manual page 199, item 20",ACTIVE
PN-001859,T10GG12,Sandvik / EIMCO,Underground LHD,ED10,EXPLICIT,VERIFIED,"ED10 parts manual page 199, item 21",ACTIVE
PN-001860,T10GG96,Sandvik / EIMCO,Underground LHD,ED10,EXPLICIT,VERIFIED,"ED10 parts manual page 199, item 22",ACTIVE
PN-001869,T6GG16,Sandvik / EIMCO,Underground LHD,ED10,EXPLICIT,VERIFIED,"ED10 parts manual page 199, item 23",ACTIVE
PN-001896,W10GA,Sandvik / EIMCO,Underground LHD,ED10,EXPLICIT,VERIFIED,"ED10 parts manual page 199, item 25",ACTIVE
PN-000360,A2U130-191444,Sandvik / EIMCO,Underground LHD,ED10,EXPLICIT,VERIFIED,"ED10 parts manual page 201, item 1",ACTIVE
PN-000361,A2U130-191445,Sandvik / EIMCO,Underground LHD,ED10,EXPLICIT,VERIFIED,"ED10 parts manual page 201, item 2",ACTIVE
PN-000371,A2U130-193218,Sandvik / EIMCO,Underground LHD,ED10,EXPLICIT,VERIFIED,"ED10 parts manual page 201, item 3",ACTIVE
PN-000842,A2U913-192001,Sandvik / EIMCO,Underground LHD,ED10,EXPLICIT,VERIFIED,"ED10 parts manual page 201, item 4",ACTIVE
PN-000055,A2U900-694064,Sandvik / EIMCO,Underground LHD,ED10,EXPLICIT,VERIFIED,"ED10 parts manual page 203, item 2; SANDVIK LS 190-312 PARTS20260228.xlsx, Sheet1, row 115",ACTIVE
PN-000011,AFP1006-5,Sandvik / EIMCO,Underground LHD,ED10,EXPLICIT,VERIFIED,ED10 manual page 203 lists AFP1006-5 in park brake/door interlock group as methane bypass valve; page 304 lists the same PN as toggle switch. Historical LS190 PO calls it ON-OFF TOGGLE SWITCH. The manual itself supports both functional descriptions.,ACTIVE
PN-000825,A2U900-690011,Sandvik / EIMCO,Underground LHD,ED10,EXPLICIT,VERIFIED,"ED10 parts manual page 203, item 4",ACTIVE
PN-000826,A2U900-690018,Sandvik / EIMCO,Underground LHD,ED10,EXPLICIT,VERIFIED,"ED10 parts manual page 203, item 5; 山特维克ls190-20260806.xlsx, Sheet1, row 11",ACTIVE
PN-000663,A2U220-594393,Sandvik / EIMCO,Underground LHD,ED10,EXPLICIT,VERIFIED,"ED10 parts manual page 203, item 6; ED10 parts manual page 237, item 3; ED10 parts manual page 240, item 9",ACTIVE
PN-000830,A2U900-694078,Sandvik / EIMCO,Underground LHD,ED10,EXPLICIT,VERIFIED,"ED10 parts manual page 203, item 7; SANDVIK LS190-B2285 SPARE PARTS LIST_Mining India_24.03.2026.xlsx, Sheet1, row 116; SANDVIK LS190-B2285 SPARE PARTS LIST_Mining India_24.03.2026.xlsx, Sheet1, row 190; Purchase Order-Shanxi.xlsx, Sheet1, row 25; Purchase Order-Shanxi.xlsx, Sheet1, row 34",ACTIVE
PN-000830,A2U900-694078,Sandvik / EIMCO,Underground LHD,LS190,EXPLICIT,VERIFIED,"ED10 parts manual page 203, item 7; SANDVIK LS190-B2285 SPARE PARTS LIST_Mining India_24.03.2026.xlsx, Sheet1, row 116; SANDVIK LS190-B2285 SPARE PARTS LIST_Mining India_24.03.2026.xlsx, Sheet1, row 190; Purchase Order-Shanxi.xlsx, Sheet1, row 25; Purchase Order-Shanxi.xlsx, Sheet1, row 34",ACTIVE
PN-001570,D227-0907,Sandvik / EIMCO,Underground LHD,ED10,EXPLICIT,VERIFIED,"ED10 parts manual page 203, item 10",ACTIVE
PN-001792,DA82-777,Sandvik / EIMCO,Underground LHD,ED10,EXPLICIT,VERIFIED,"ED10 parts manual page 203, item 11",ACTIVE
PN-000047,A2U900-694075,Sandvik / EIMCO,Underground LHD,ED10,EXPLICIT,VERIFIED,"ED10 parts manual page 203, item 12; 山特维克ls190-20260806.xlsx, Sheet1, row 18; SANDVIK LS 190-312 PARTS20260228.xlsx, Sheet1, row 94; SANDVIK LS190-B2285 SPARE PARTS LIST_Mining India_24.03.2026.xlsx, Sheet1, row 189; Purchase Order-Shanxi.xlsx, Sheet1, row 33",ACTIVE
PN-000047,A2U900-694075,Sandvik / EIMCO,Underground LHD,LS190,EXPLICIT,VERIFIED,"ED10 parts manual page 203, item 12; 山特维克ls190-20260806.xlsx, Sheet1, row 18; SANDVIK LS 190-312 PARTS20260228.xlsx, Sheet1, row 94; SANDVIK LS190-B2285 SPARE PARTS LIST_Mining India_24.03.2026.xlsx, Sheet1, row 189; Purchase Order-Shanxi.xlsx, Sheet1, row 33",ACTIVE
PN-001518,D15-0407,Sandvik / EIMCO,Underground LHD,ED10,EXPLICIT,VERIFIED,"ED10 parts manual page 203, item 14",ACTIVE
PN-001656,D37-0202,Sandvik / EIMCO,Underground LHD,ED10,EXPLICIT,VERIFIED,"ED10 parts manual page 203, item 15; ED10 parts manual page 275, item 27",ACTIVE
PN-000795,A2U900-594294,Sandvik / EIMCO,Underground LHD,ED10,EXPLICIT,VERIFIED,"ED10 parts manual page 203, item 16",ACTIVE
PN-001799,DE17-0207,Sandvik / EIMCO,Underground LHD,ED10,EXPLICIT,VERIFIED,"ED10 parts manual page 203, item 17",ACTIVE
PN-000363,A2U130-191716,Sandvik / EIMCO,Underground LHD,ED10,EXPLICIT,VERIFIED,"ED10 parts manual page 203, item 18",ACTIVE
PN-001565,D226-0907,Sandvik / EIMCO,Underground LHD,ED10,EXPLICIT,VERIFIED,"ED10 parts manual page 203, item 19; ED10 parts manual page 240, item 12",ACTIVE
PN-000621,A2U220-471074,Sandvik / EIMCO,Underground LHD,ED10,EXPLICIT,VERIFIED,"ED10 parts manual page 203, item 20",ACTIVE
PN-000628,A2U220-491241,Sandvik / EIMCO,Underground LHD,ED10,EXPLICIT,VERIFIED,"ED10 parts manual page 203, item 21; ED10 parts manual page 304, item 17",ACTIVE
PN-000629,A2U220-491242,Sandvik / EIMCO,Underground LHD,ED10,EXPLICIT,VERIFIED,"ED10 parts manual page 203, item 22; ED10 parts manual page 304, item 18",ACTIVE
PN-001784,DA81-020707,Sandvik / EIMCO,Underground LHD,ED10,EXPLICIT,VERIFIED,"ED10 parts manual page 203, item 25",ACTIVE
PN-001557,D21-0402,Sandvik / EIMCO,Underground LHD,ED10,EXPLICIT,VERIFIED,"ED10 parts manual page 203, item 26; SANDVIK LS190-B2285 SPARE PARTS LIST_Mining India_24.03.2026.xlsx, Sheet1, row 40",ACTIVE
PN-000760,A2U900-471093,Sandvik / EIMCO,Underground LHD,ED10,EXPLICIT,VERIFIED,"ED10 parts manual page 203, item 27; ED10 parts manual page 304, item 16",ACTIVE
PN-000407,A2U130-411029,Sandvik / EIMCO,Underground LHD,ED10,EXPLICIT,VERIFIED,"ED10 parts manual page 205, item 1",ACTIVE
PN-000619,A2U220-413051,Sandvik / EIMCO,Underground LHD,ED10,EXPLICIT,VERIFIED,"ED10 parts manual page 205, item 2",ACTIVE
PN-000852,A2U913-412006,Sandvik / EIMCO,Underground LHD,ED10,EXPLICIT,VERIFIED,"ED10 parts manual page 205, item 3",ACTIVE
PN-000854,A2U913-413001,Sandvik / EIMCO,Underground LHD,ED10,EXPLICIT,VERIFIED,"ED10 parts manual page 207, item 1",ACTIVE
PN-000855,A2U913-413002,Sandvik / EIMCO,Underground LHD,ED10,EXPLICIT,VERIFIED,"ED10 parts manual page 207, item 2",ACTIVE
PN-000856,A2U913-413003,Sandvik / EIMCO,Underground LHD,ED10,EXPLICIT,VERIFIED,"ED10 parts manual page 207, item 3",ACTIVE
PN-000857,A2U913-413004,Sandvik / EIMCO,Underground LHD,ED10,EXPLICIT,VERIFIED,"ED10 parts manual page 207, item 4",ACTIVE
PN-000858,A2U913-413005,Sandvik / EIMCO,Underground LHD,ED10,EXPLICIT,VERIFIED,"ED10 parts manual page 207, item 5",ACTIVE
PN-000859,A2U913-413006,Sandvik / EIMCO,Underground LHD,ED10,EXPLICIT,VERIFIED,"ED10 parts manual page 207, item 6",ACTIVE
PN-000860,A2U913-413007,Sandvik / EIMCO,Underground LHD,ED10,EXPLICIT,VERIFIED,"ED10 parts manual page 207, item 7; SANDVIK LS190-B2285 SPARE PARTS LIST_Mining India_24.03.2026.xlsx, Sheet1, row 470",ACTIVE
PN-000861,A2U913-413008,Sandvik / EIMCO,Underground LHD,ED10,EXPLICIT,VERIFIED,"ED10 parts manual page 207, item 8",ACTIVE
PN-000862,A2U913-413009,Sandvik / EIMCO,Underground LHD,ED10,EXPLICIT,VERIFIED,"ED10 parts manual page 207, item 9",ACTIVE
PN-001868,T6GG,Sandvik / EIMCO,Underground LHD,ED10,EXPLICIT,VERIFIED,"ED10 parts manual page 207, item 10",ACTIVE
PN-000863,A2U913-413010,Sandvik / EIMCO,Underground LHD,ED10,EXPLICIT,VERIFIED,"ED10 parts manual page 207, item 11",ACTIVE
PN-000864,A2U913-413011,Sandvik / EIMCO,Underground LHD,ED10,EXPLICIT,VERIFIED,"ED10 parts manual page 207, item 12",ACTIVE
PN-001872,T6GG24,Sandvik / EIMCO,Underground LHD,ED10,EXPLICIT,VERIFIED,"ED10 parts manual page 207, item 13; ED10 parts manual page 225, item 6; ED10 parts manual page 283, item 6",ACTIVE
PN-000865,A2U913-413013,Sandvik / EIMCO,Underground LHD,ED10,EXPLICIT,VERIFIED,"ED10 parts manual page 207, item 14",ACTIVE
PN-000866,A2U913-413014,Sandvik / EIMCO,Underground LHD,ED10,EXPLICIT,VERIFIED,"ED10 parts manual page 207, item 15",ACTIVE
PN-001907,W8GF,Sandvik / EIMCO,Underground LHD,ED10,EXPLICIT,VERIFIED,"ED10 parts manual page 207, item 16; ED10 parts manual page 216, item 21; ED10 parts manual page 223, item 21; ED10 parts manual page 235, item 19; ED10 parts manual page 254, item 9; ED10 parts manual page 257, item 15; ED10 parts manual page 319, item 15",ACTIVE
PN-000853,A2U913-412007,Sandvik / EIMCO,Underground LHD,ED10,EXPLICIT,VERIFIED,"ED10 parts manual page 207, item 17",ACTIVE
PN-001900,W2MWM397F,Sandvik / EIMCO,Underground LHD,ED10,EXPLICIT,VERIFIED,"ED10 parts manual page 207, item 18",ACTIVE
PN-000867,A2U913-413044,Sandvik / EIMCO,Underground LHD,ED10,EXPLICIT,VERIFIED,"ED10 parts manual page 207, item 19; SANDVIK LS190-B2285 SPARE PARTS LIST_Mining India_24.03.2026.xlsx, Sheet1, row 469",ACTIVE
PN-000868,A2U913-413045,Sandvik / EIMCO,Underground LHD,ED10,EXPLICIT,VERIFIED,"ED10 parts manual page 207, item 20",ACTIVE
PN-000383,A2U130-194285,Sandvik / EIMCO,Underground LHD,ED10,EXPLICIT,VERIFIED,"ED10 parts manual page 209, item 1; SANDVIK LS190-B2285 SPARE PARTS LIST_Mining India_24.03.2026.xlsx, Sheet1, row 181; Purchase Order-Shanxi.xlsx, Sheet1, row 32",ACTIVE
PN-000383,A2U130-194285,Sandvik / EIMCO,Underground LHD,LS190,EXPLICIT,VERIFIED,"ED10 parts manual page 209, item 1; SANDVIK LS190-B2285 SPARE PARTS LIST_Mining India_24.03.2026.xlsx, Sheet1, row 181; Purchase Order-Shanxi.xlsx, Sheet1, row 32",ACTIVE
PN-000410,A2U130-487079,Sandvik / EIMCO,Underground LHD,ED10,EXPLICIT,VERIFIED,"ED10 parts manual page 209, item 2",ACTIVE
PN-000411,A2U130-491132,Sandvik / EIMCO,Underground LHD,ED10,EXPLICIT,VERIFIED,"ED10 parts manual page 209, item 3",ACTIVE
PN-000413,A2U130-491175,Sandvik / EIMCO,Underground LHD,ED10,EXPLICIT,VERIFIED,"ED10 parts manual page 209, item 4",ACTIVE
PN-000412,A2U130-491134,Sandvik / EIMCO,Underground LHD,ED10,EXPLICIT,VERIFIED,"ED10 parts manual page 209, item 5",ACTIVE
PN-000196,450065518,Sandvik / EIMCO,Underground LHD,ED10,EXPLICIT,VERIFIED,"ED10 parts manual page 209, item 6",ACTIVE
PN-000154,445403089,Sandvik / EIMCO,Underground LHD,ED10,EXPLICIT,VERIFIED,"ED10 parts manual page 209, item 9",ACTIVE
PN-000182,445503070,Sandvik / EIMCO,Underground LHD,ED10,EXPLICIT,VERIFIED,"ED10 parts manual page 209, item 10",ACTIVE
PN-000395,A2U130-255294,Sandvik / EIMCO,Underground LHD,ED10,EXPLICIT,VERIFIED,"ED10 parts manual page 211, item 1",ACTIVE
PN-000393,A2U130-255220,Sandvik / EIMCO,Underground LHD,ED10,EXPLICIT,VERIFIED,"ED10 parts manual page 211, item 2",ACTIVE
PN-001523,D15-27,Sandvik / EIMCO,Underground LHD,ED10,EXPLICIT,VERIFIED,"ED10 parts manual page 211, item 3",ACTIVE
PN-001675,D41-27,Sandvik / EIMCO,Underground LHD,ED10,EXPLICIT,VERIFIED,"ED10 parts manual page 211, item 5; ED10 parts manual page 294, item 9",ACTIVE
PN-001847,P1FGC,Sandvik / EIMCO,Underground LHD,ED10,EXPLICIT,VERIFIED,"ED10 parts manual page 211, item 7",ACTIVE
PN-000437,A2U130-599417,Sandvik / EIMCO,Underground LHD,ED10,EXPLICIT,VERIFIED,"ED10 parts manual page 211, item 8",ACTIVE
PN-000002,64804381,Sandvik / EIMCO,Underground LHD,ED10,EXPLICIT,VERIFIED,"ED10 parts manual page 214, item 1; SANDVIK LS 190-312 PARTS20260228.xlsx, Sheet1, row 4; SANDVIK LS190-B2285 SPARE PARTS LIST_Mining India_24.03.2026.xlsx, Sheet1, row 70",ACTIVE
PN-000604,A2U220-331062,Sandvik / EIMCO,Underground LHD,ED10,EXPLICIT,VERIFIED,"ED10 parts manual page 214, item 2",ACTIVE
PN-000632,A2U220-510052,Sandvik / EIMCO,Underground LHD,ED10,EXPLICIT,VERIFIED,"ED10 parts manual page 214, item 3",ACTIVE
PN-000633,A2U220-510053,Sandvik / EIMCO,Underground LHD,ED10,EXPLICIT,VERIFIED,"ED10 parts manual page 214, item 4",ACTIVE
PN-000636,A2U220-511064,Sandvik / EIMCO,Underground LHD,ED10,EXPLICIT,VERIFIED,"ED10 parts manual page 214, item 5",ACTIVE
PN-000637,A2U220-511066,Sandvik / EIMCO,Underground LHD,ED10,EXPLICIT,VERIFIED,"ED10 parts manual page 214, item 6",ACTIVE
PN-000638,A2U220-511067,Sandvik / EIMCO,Underground LHD,ED10,EXPLICIT,VERIFIED,"ED10 parts manual page 214, item 7",ACTIVE
PN-000639,A2U220-511073,Sandvik / EIMCO,Underground LHD,ED10,EXPLICIT,VERIFIED,"ED10 parts manual page 214, item 8",ACTIVE
PN-001297,CL233125,Sandvik / EIMCO,Underground LHD,ED10,EXPLICIT,VERIFIED,"ED10 parts manual page 214, item 10",ACTIVE
PN-001489,CL801346,Sandvik / EIMCO,Underground LHD,ED10,EXPLICIT,VERIFIED,"ED10 parts manual page 214, item 12; SANDVIK LS190-B2285 SPARE PARTS LIST_Mining India_24.03.2026.xlsx, Sheet1, row 73",ACTIVE
PN-001539,D17-1212,Sandvik / EIMCO,Underground LHD,ED10,EXPLICIT,VERIFIED,"ED10 parts manual page 214, item 14; ED10 parts manual page 296, item 7",ACTIVE
PN-001542,D17-1621,Sandvik / EIMCO,Underground LHD,ED10,EXPLICIT,VERIFIED,"ED10 parts manual page 214, item 15; ED10 parts manual page 294, item 5",ACTIVE
PN-001560,D21-1612,Sandvik / EIMCO,Underground LHD,ED10,EXPLICIT,VERIFIED,"ED10 parts manual page 214, item 16",ACTIVE
PN-001681,D50-0707,Sandvik / EIMCO,Underground LHD,ED10,EXPLICIT,VERIFIED,"ED10 parts manual page 214, item 17; ED10 parts manual page 230, item 15",ACTIVE
PN-001721,D53-1717,Sandvik / EIMCO,Underground LHD,ED10,EXPLICIT,VERIFIED,"ED10 parts manual page 214, item 19; ED10 parts manual page 216, item 10; ED10 parts manual page 218, item 11; ED10 parts manual page 220, item 5; ED10 parts manual page 251, item 17; ED10 parts manual page 262, item 10",ACTIVE
PN-001723,D53-2121,Sandvik / EIMCO,Underground LHD,ED10,EXPLICIT,VERIFIED,"ED10 parts manual page 214, item 20; ED10 parts manual page 285, item 10",ACTIVE
PN-001724,D53-2621,Sandvik / EIMCO,Underground LHD,ED10,EXPLICIT,VERIFIED,"ED10 parts manual page 214, item 21",ACTIVE
PN-001791,DA82-212121,Sandvik / EIMCO,Underground LHD,ED10,EXPLICIT,VERIFIED,"ED10 parts manual page 214, item 22; ED10 parts manual page 230, item 24",ACTIVE
PN-001877,T6HG,Sandvik / EIMCO,Underground LHD,ED10,EXPLICIT,VERIFIED,"ED10 parts manual page 214, item 23",ACTIVE
PN-001879,T6VH16,Sandvik / EIMCO,Underground LHD,ED10,EXPLICIT,VERIFIED,"ED10 parts manual page 214, item 24",ACTIVE
PN-001880,T6VH24,Sandvik / EIMCO,Underground LHD,ED10,EXPLICIT,VERIFIED,"ED10 parts manual page 214, item 25",ACTIVE
PN-001887,T8GG28,Sandvik / EIMCO,Underground LHD,ED10,EXPLICIT,VERIFIED,"ED10 parts manual page 214, item 26",ACTIVE
PN-000124,28GF,Sandvik / EIMCO,Underground LHD,ED10,EXPLICIT,VERIFIED,"ED10 parts manual page 214, item 29",ACTIVE
PN-000768,A2U900-511074,Sandvik / EIMCO,Underground LHD,ED10,EXPLICIT,VERIFIED,"ED10 parts manual page 216, item 1; ED10 parts manual page 218, item 2; SANDVIK LS190-B2285 SPARE PARTS LIST_Mining India_24.03.2026.xlsx, Sheet1, row 75; SANDVIK LS190-B2285 SPARE PARTS LIST_Mining India_24.03.2026.xlsx, Sheet1, row 79",ACTIVE
PN-000769,A2U900-511075,Sandvik / EIMCO,Underground LHD,ED10,EXPLICIT,VERIFIED,"ED10 parts manual page 216, item 2",ACTIVE
PN-000772,A2U900-511078,Sandvik / EIMCO,Underground LHD,ED10,EXPLICIT,VERIFIED,"ED10 parts manual page 216, item 3",ACTIVE
PN-000798,A2U900-594548,Sandvik / EIMCO,Underground LHD,ED10,EXPLICIT,VERIFIED,"ED10 parts manual page 216, item 4; ED10 parts manual page 218, item 5",ACTIVE
PN-000801,A2U900-594555,Sandvik / EIMCO,Underground LHD,ED10,EXPLICIT,VERIFIED,"ED10 parts manual page 216, item 5",ACTIVE
PN-001554,D188-1716,Sandvik / EIMCO,Underground LHD,ED10,EXPLICIT,VERIFIED,"ED10 parts manual page 216, item 6",ACTIVE
PN-001556,D206-16,Sandvik / EIMCO,Underground LHD,ED10,EXPLICIT,VERIFIED,"ED10 parts manual page 216, item 7",ACTIVE
PN-001684,D50-2121,Sandvik / EIMCO,Underground LHD,ED10,EXPLICIT,VERIFIED,"ED10 parts manual page 216, item 9; ED10 parts manual page 230, item 17; ED10 parts manual page 243, item 18; ED10 parts manual page 247, item 7",ACTIVE
PN-001769,D90-16,Sandvik / EIMCO,Underground LHD,ED10,EXPLICIT,VERIFIED,"ED10 parts manual page 216, item 11",ACTIVE
PN-001770,D90-24,Sandvik / EIMCO,Underground LHD,ED10,EXPLICIT,VERIFIED,"ED10 parts manual page 216, item 12; ED10 parts manual page 235, item 12",ACTIVE
PN-001811,DR524,Sandvik / EIMCO,Underground LHD,ED10,EXPLICIT,VERIFIED,"ED10 parts manual page 216, item 13; ED10 parts manual page 235, item 14; SANDVIK LS190-B2285 SPARE PARTS LIST_Mining India_24.03.2026.xlsx, Sheet1, row 165",ACTIVE
PN-001814,DSK13-2424,Sandvik / EIMCO,Underground LHD,ED10,EXPLICIT,VERIFIED,"ED10 parts manual page 216, item 14",ACTIVE
PN-001821,FF5540-1616S,Sandvik / EIMCO,Underground LHD,ED10,EXPLICIT,VERIFIED,"ED10 parts manual page 216, item 15",ACTIVE
PN-001881,T6VH44,Sandvik / EIMCO,Underground LHD,ED10,EXPLICIT,VERIFIED,"ED10 parts manual page 216, item 16",ACTIVE
PN-001883,T7VH56,Sandvik / EIMCO,Underground LHD,ED10,EXPLICIT,VERIFIED,"ED10 parts manual page 216, item 17",ACTIVE
PN-001886,T8GG24,Sandvik / EIMCO,Underground LHD,ED10,EXPLICIT,VERIFIED,"ED10 parts manual page 216, item 18",ACTIVE
PN-001891,T8VH24,Sandvik / EIMCO,Underground LHD,ED10,EXPLICIT,VERIFIED,"ED10 parts manual page 216, item 19; ED10 parts manual page 218, item 19; ED10 parts manual page 235, item 16; ED10 parts manual page 254, item 8",ACTIVE
PN-001809,DR516,Sandvik / EIMCO,Underground LHD,ED10,EXPLICIT,VERIFIED,"ED10 parts manual page 216, item 22; SANDVIK LS190-B2285 SPARE PARTS LIST_Mining India_24.03.2026.xlsx, Sheet1, row 81",ACTIVE
PN-000354,A2FYEB1616,Sandvik / EIMCO,Underground LHD,ED10,EXPLICIT,VERIFIED,"ED10 parts manual page 218, item 1",ACTIVE
PN-000770,A2U900-511076,Sandvik / EIMCO,Underground LHD,ED10,EXPLICIT,VERIFIED,"ED10 parts manual page 218, item 3; 山特维克ls190-20260806.xlsx, Sheet1, row 19; SANDVIK LS190-B2285 SPARE PARTS LIST_Mining India_24.03.2026.xlsx, Sheet1, row 76",ACTIVE
PN-000771,A2U900-511077,Sandvik / EIMCO,Underground LHD,ED10,EXPLICIT,VERIFIED,"ED10 parts manual page 218, item 4",ACTIVE
PN-001538,D17-0812,Sandvik / EIMCO,Underground LHD,ED10,EXPLICIT,VERIFIED,"ED10 parts manual page 218, item 6",ACTIVE
PN-001543,D17-2026,Sandvik / EIMCO,Underground LHD,ED10,EXPLICIT,VERIFIED,"ED10 parts manual page 218, item 7",ACTIVE
PN-001574,D256-1621,Sandvik / EIMCO,Underground LHD,ED10,EXPLICIT,VERIFIED,"ED10 parts manual page 218, item 8",ACTIVE
PN-001696,D51-2626,Sandvik / EIMCO,Underground LHD,ED10,EXPLICIT,VERIFIED,"ED10 parts manual page 218, item 9; ED10 parts manual page 220, item 7; ED10 parts manual page 230, item 19",ACTIVE
PN-001771,D90-32,Sandvik / EIMCO,Underground LHD,ED10,EXPLICIT,VERIFIED,"ED10 parts manual page 218, item 12; ED10 parts manual page 235, item 13; ED10 parts manual page 254, item 6",ACTIVE
PN-001787,DA81-212121,Sandvik / EIMCO,Underground LHD,ED10,EXPLICIT,VERIFIED,"ED10 parts manual page 218, item 13",ACTIVE
PN-001810,DR520,Sandvik / EIMCO,Underground LHD,ED10,EXPLICIT,VERIFIED,"ED10 parts manual page 218, item 14; SANDVIK LS190-B2285 SPARE PARTS LIST_Mining India_24.03.2026.xlsx, Sheet1, row 77",ACTIVE
PN-001807,DR-532,Sandvik / EIMCO,Underground LHD,ED10,EXPLICIT,VERIFIED,"ED10 parts manual page 218, item 15",ACTIVE
PN-001815,DSK13-3232,Sandvik / EIMCO,Underground LHD,ED10,EXPLICIT,VERIFIED,"ED10 parts manual page 218, item 16",ACTIVE
PN-001884,T7VH80,Sandvik / EIMCO,Underground LHD,ED10,EXPLICIT,VERIFIED,"ED10 parts manual page 218, item 18",ACTIVE
PN-001055,C2A6D1004,Sandvik / EIMCO,Underground LHD,ED10,EXPLICIT,VERIFIED,"ED10 parts manual page 220, item 1",ACTIVE
PN-000634,A2U220-511053,Sandvik / EIMCO,Underground LHD,ED10,EXPLICIT,VERIFIED,"ED10 parts manual page 220, item 2",ACTIVE
PN-000130,445202801,Sandvik / EIMCO,Underground LHD,ED10,EXPLICIT,VERIFIED,"ED10 parts manual page 220, item 3",ACTIVE
PN-001706,D52-2126,Sandvik / EIMCO,Underground LHD,ED10,EXPLICIT,VERIFIED,"ED10 parts manual page 220, item 4",ACTIVE
PN-001685,D50-2626,Sandvik / EIMCO,Underground LHD,ED10,EXPLICIT,VERIFIED,"ED10 parts manual page 220, item 6",ACTIVE
PN-001767,D800-20-210-26,Sandvik / EIMCO,Underground LHD,ED10,EXPLICIT,VERIFIED,"ED10 parts manual page 220, item 8",ACTIVE
PN-000881,A2U913-593006,Sandvik / EIMCO,Underground LHD,ED10,EXPLICIT,VERIFIED,"ED10 parts manual page 223, item 1; LS_190_-REQUIREMENT20260107.xlsx, Sheet1, row 17; SANDVIK LS190-B2285 SPARE PARTS LIST_Mining India_24.03.2026.xlsx, Sheet1, row 163",ACTIVE
PN-000882,A2U913-596126,Sandvik / EIMCO,Underground LHD,ED10,EXPLICIT,VERIFIED,"ED10 parts manual page 223, item 3",ACTIVE
PN-001731,D53/1712,Sandvik / EIMCO,Underground LHD,ED10,EXPLICIT,VERIFIED,"ED10 parts manual page 223, item 4",ACTIVE
PN-001729,D53/1212,Sandvik / EIMCO,Underground LHD,ED10,EXPLICIT,VERIFIED,"ED10 parts manual page 223, item 5",ACTIVE
PN-001727,D53/0707,Sandvik / EIMCO,Underground LHD,ED10,EXPLICIT,VERIFIED,"ED10 parts manual page 223, item 6",ACTIVE
PN-001690,D50/1212,Sandvik / EIMCO,Underground LHD,ED10,EXPLICIT,VERIFIED,"ED10 parts manual page 223, item 7",ACTIVE
PN-001688,D50/0707,Sandvik / EIMCO,Underground LHD,ED10,EXPLICIT,VERIFIED,"ED10 parts manual page 223, item 8; ED10 parts manual page 257, item 4",ACTIVE
PN-001710,D52/0707,Sandvik / EIMCO,Underground LHD,ED10,EXPLICIT,VERIFIED,"ED10 parts manual page 223, item 9",ACTIVE
PN-001713,D52/1212,Sandvik / EIMCO,Underground LHD,ED10,EXPLICIT,VERIFIED,"ED10 parts manual page 223, item 10",ACTIVE
PN-001798,DD52/1217,Sandvik / EIMCO,Underground LHD,ED10,EXPLICIT,VERIFIED,"ED10 parts manual page 223, item 11",ACTIVE
PN-001698,D51/1717,Sandvik / EIMCO,Underground LHD,ED10,EXPLICIT,VERIFIED,"ED10 parts manual page 223, item 12",ACTIVE
PN-001764,D80/121212,Sandvik / EIMCO,Underground LHD,ED10,EXPLICIT,VERIFIED,"ED10 parts manual page 223, item 13",ACTIVE
PN-001596,D2900-12-360-12,Sandvik / EIMCO,Underground LHD,ED10,EXPLICIT,VERIFIED,"ED10 parts manual page 223, item 14",ACTIVE
PN-001588,D2900-08-60-12,Sandvik / EIMCO,Underground LHD,ED10,EXPLICIT,VERIFIED,"ED10 parts manual page 223, item 16",ACTIVE
PN-001586,D2900-04-140-07,Sandvik / EIMCO,Underground LHD,ED10,EXPLICIT,VERIFIED,"ED10 parts manual page 223, item 17",ACTIVE
PN-001585,D2900-04-110-07,Sandvik / EIMCO,Underground LHD,ED10,EXPLICIT,VERIFIED,"ED10 parts manual page 223, item 18",ACTIVE
PN-001600,D2900-12-80-17,Sandvik / EIMCO,Underground LHD,ED10,EXPLICIT,VERIFIED,"ED10 parts manual page 223, item 19",ACTIVE
PN-001889,T8HG32,Sandvik / EIMCO,Underground LHD,ED10,EXPLICIT,VERIFIED,"ED10 parts manual page 223, item 20; ED10 parts manual page 257, item 14",ACTIVE
PN-000833,A2U900-694099,Sandvik / EIMCO,Underground LHD,ED10,EXPLICIT,VERIFIED,"ED10 parts manual page 223, item 23",ACTIVE
PN-000128,359-450002,Sandvik / EIMCO,Underground LHD,ED10,EXPLICIT,VERIFIED,"ED10 parts manual page 225, item 1; SANDVIK LS190-B2285 SPARE PARTS LIST_Mining India_24.03.2026.xlsx, Sheet1, row 192",ACTIVE
PN-000349,913-2971563,Sandvik / EIMCO,Underground LHD,ED10,EXPLICIT,VERIFIED,"ED10 parts manual page 225, item 2; ED10 parts manual page 228, item 12",ACTIVE
PN-000408,A2U130-421002,Sandvik / EIMCO,Underground LHD,ED10,EXPLICIT,VERIFIED,"ED10 parts manual page 225, item 3",ACTIVE
PN-000416,A2U130-492018,Sandvik / EIMCO,Underground LHD,ED10,EXPLICIT,VERIFIED,"ED10 parts manual page 225, item 4",ACTIVE
PN-001861,T12HJ,Sandvik / EIMCO,Underground LHD,ED10,EXPLICIT,VERIFIED,"ED10 parts manual page 225, item 5",ACTIVE
PN-001079,C2L844,Sandvik / EIMCO,Underground LHD,ED10,EXPLICIT,VERIFIED,"ED10 parts manual page 228, item 1",ACTIVE
PN-001067,C2L14317,Sandvik / EIMCO,Underground LHD,ED10,EXPLICIT,VERIFIED,"ED10 parts manual page 228, item 2",ACTIVE
PN-000127,359-1003458,Sandvik / EIMCO,Underground LHD,ED10,EXPLICIT,VERIFIED,"ED10 parts manual page 228, item 3",ACTIVE
PN-000087,102010,Sandvik / EIMCO,Underground LHD,ED10,EXPLICIT,VERIFIED,"ED10 parts manual page 228, item 4",ACTIVE
PN-001075,C2L60524,Sandvik / EIMCO,Underground LHD,ED10,EXPLICIT,VERIFIED,"ED10 parts manual page 228, item 5",ACTIVE
PN-001076,C2L64006,Sandvik / EIMCO,Underground LHD,ED10,EXPLICIT,VERIFIED,"ED10 parts manual page 228, item 6",ACTIVE
PN-001078,C2L8329,Sandvik / EIMCO,Underground LHD,ED10,EXPLICIT,VERIFIED,"ED10 parts manual page 228, item 7",ACTIVE
PN-001073,C2L5544,Sandvik / EIMCO,Underground LHD,ED10,EXPLICIT,VERIFIED,"ED10 parts manual page 228, item 8",ACTIVE
PN-001070,C2L15007,Sandvik / EIMCO,Underground LHD,ED10,EXPLICIT,VERIFIED,"ED10 parts manual page 228, item 9",ACTIVE
PN-001077,C2L8318,Sandvik / EIMCO,Underground LHD,ED10,EXPLICIT,VERIFIED,"ED10 parts manual page 228, item 10",ACTIVE
PN-001069,C2L15006,Sandvik / EIMCO,Underground LHD,ED10,EXPLICIT,VERIFIED,"ED10 parts manual page 228, item 11",ACTIVE
PN-001071,C2L370,Sandvik / EIMCO,Underground LHD,ED10,EXPLICIT,VERIFIED,"ED10 parts manual page 228, item 13",ACTIVE
PN-001068,C2L15,Sandvik / EIMCO,Underground LHD,ED10,EXPLICIT,VERIFIED,"ED10 parts manual page 228, item 17",ACTIVE
PN-001074,C2L5776,Sandvik / EIMCO,Underground LHD,ED10,EXPLICIT,VERIFIED,"ED10 parts manual page 228, item 18",ACTIVE
PN-001072,C2L5126,Sandvik / EIMCO,Underground LHD,ED10,EXPLICIT,VERIFIED,"ED10 parts manual page 228, item 19",ACTIVE
PN-000783,A2U900-591643,Sandvik / EIMCO,Underground LHD,ED10,EXPLICIT,VERIFIED,"ED10 parts manual page 230, item 4; Legacy XLS extracted cell strings; model not inferred from filename",ACTIVE
PN-001531,D16-1717,Sandvik / EIMCO,Underground LHD,ED10,EXPLICIT,VERIFIED,"ED10 parts manual page 230, item 5; ED10 parts manual page 251, item 27",ACTIVE
PN-001532,D16-2117,Sandvik / EIMCO,Underground LHD,ED10,EXPLICIT,VERIFIED,"ED10 parts manual page 230, item 6",ACTIVE
PN-001536,D17-0409,Sandvik / EIMCO,Underground LHD,ED10,EXPLICIT,VERIFIED,"ED10 parts manual page 230, item 8; ED10 parts manual page 237, item 10",ACTIVE
PN-001564,D226-0407,Sandvik / EIMCO,Underground LHD,ED10,EXPLICIT,VERIFIED,"ED10 parts manual page 230, item 9",ACTIVE
PN-001566,D226-1217,Sandvik / EIMCO,Underground LHD,ED10,EXPLICIT,VERIFIED,"ED10 parts manual page 230, item 10",ACTIVE
PN-001567,D226-1221,Sandvik / EIMCO,Underground LHD,ED10,EXPLICIT,VERIFIED,"ED10 parts manual page 230, item 11",ACTIVE
PN-001568,D226-1621,Sandvik / EIMCO,Underground LHD,ED10,EXPLICIT,VERIFIED,"ED10 parts manual page 230, item 12",ACTIVE
PN-001569,D226-1626,Sandvik / EIMCO,Underground LHD,ED10,EXPLICIT,VERIFIED,"ED10 parts manual page 230, item 13",ACTIVE
PN-001576,D257-1221,Sandvik / EIMCO,Underground LHD,ED10,EXPLICIT,VERIFIED,"ED10 parts manual page 230, item 14",ACTIVE
PN-001695,D51-2121,Sandvik / EIMCO,Underground LHD,ED10,EXPLICIT,VERIFIED,"ED10 parts manual page 230, item 18",ACTIVE
PN-001774,DA226-1217,Sandvik / EIMCO,Underground LHD,ED10,EXPLICIT,VERIFIED,"ED10 parts manual page 230, item 20",ACTIVE
PN-000103,222325,Sandvik / EIMCO,Underground LHD,ED10,EXPLICIT,VERIFIED,"ED10 parts manual page 232, item 1",ACTIVE
PN-000471,A2U220-193420,Sandvik / EIMCO,Underground LHD,ED10,EXPLICIT,VERIFIED,"ED10 parts manual page 232, item 2",ACTIVE
PN-000652,A2U220-591348,Sandvik / EIMCO,Underground LHD,ED10,EXPLICIT,VERIFIED,"ED10 parts manual page 232, item 3",ACTIVE
PN-000751,A2U900-392107,Sandvik / EIMCO,Underground LHD,ED10,EXPLICIT,VERIFIED,"ED10 parts manual page 232, item 5; ED10 parts manual page 262, item 14; ED10 parts manual page 271, item 5",ACTIVE
PN-000378,A2U130-193435,Sandvik / EIMCO,Underground LHD,ED10,EXPLICIT,VERIFIED,"ED10 parts manual page 232, item 8",ACTIVE
PN-000752,A2U900-392110,Sandvik / EIMCO,Underground LHD,ED10,EXPLICIT,VERIFIED,"ED10 parts manual page 232, item 9; ED10 parts manual page 262, item 13",ACTIVE
PN-000195,450063010,Sandvik / EIMCO,Underground LHD,ED10,EXPLICIT,VERIFIED,"ED10 parts manual page 232, item 10",ACTIVE
PN-000080,06575109,Sandvik / EIMCO,Underground LHD,ED10,EXPLICIT,VERIFIED,"ED10 parts manual page 232, item 11",ACTIVE
PN-000144,445402859,Sandvik / EIMCO,Underground LHD,ED10,EXPLICIT,VERIFIED,"ED10 parts manual page 232, item 12",ACTIVE
PN-000153,445403077,Sandvik / EIMCO,Underground LHD,ED10,EXPLICIT,VERIFIED,"ED10 parts manual page 232, item 13",ACTIVE
PN-000081,06575111,Sandvik / EIMCO,Underground LHD,ED10,EXPLICIT,VERIFIED,"ED10 parts manual page 232, item 14",ACTIVE
PN-000028,A2U130-596154,Sandvik / EIMCO,Underground LHD,ED10,EXPLICIT,VERIFIED,ED10 manual page 232 item 15 explicitly lists A2U130-596154 as 弯头，球铰接; other source descriptions 'ELBOW SWIVEL' / 'SWIVEL ELBOW' are equivalent terminology.,ACTIVE
PN-000643,A2U220-534057,Sandvik / EIMCO,Underground LHD,ED10,EXPLICIT,VERIFIED,"ED10 parts manual page 235, item 4",ACTIVE
PN-000644,A2U220-534058,Sandvik / EIMCO,Underground LHD,ED10,EXPLICIT,VERIFIED,"ED10 parts manual page 235, item 5",ACTIVE
PN-000645,A2U220-534059,Sandvik / EIMCO,Underground LHD,ED10,EXPLICIT,VERIFIED,"ED10 parts manual page 235, item 6",ACTIVE
PN-000646,A2U220-534060,Sandvik / EIMCO,Underground LHD,ED10,EXPLICIT,VERIFIED,"ED10 parts manual page 235, item 7",ACTIVE
PN-001678,D4700-24-55,Sandvik / EIMCO,Underground LHD,ED10,EXPLICIT,VERIFIED,"ED10 parts manual page 235, item 8",ACTIVE
PN-001679,D4700-32-45,Sandvik / EIMCO,Underground LHD,ED10,EXPLICIT,VERIFIED,"ED10 parts manual page 235, item 9",ACTIVE
PN-001680,D4700-32-60,Sandvik / EIMCO,Underground LHD,ED10,EXPLICIT,VERIFIED,"ED10 parts manual page 235, item 10",ACTIVE
PN-001812,DR532,Sandvik / EIMCO,Underground LHD,ED10,EXPLICIT,VERIFIED,"ED10 parts manual page 235, item 15; ED10 parts manual page 254, item 7; SANDVIK LS190-B2285 SPARE PARTS LIST_Mining India_24.03.2026.xlsx, Sheet1, row 78; SANDVIK LS190-B2285 SPARE PARTS LIST_Mining India_24.03.2026.xlsx, Sheet1, row 82; SANDVIK LS190-B2285 SPARE PARTS LIST_Mining India_24.03.2026.xlsx, Sheet1, row 166",ACTIVE
PN-001892,TTBS-52-55,Sandvik / EIMCO,Underground LHD,ED10,EXPLICIT,VERIFIED,"ED10 parts manual page 235, item 17",ACTIVE
PN-001893,TTBS-67-73,Sandvik / EIMCO,Underground LHD,ED10,EXPLICIT,VERIFIED,"ED10 parts manual page 235, item 18",ACTIVE
PN-000426,A2U130-591243,Sandvik / EIMCO,Underground LHD,ED10,EXPLICIT,VERIFIED,"ED10 parts manual page 237, item 1",ACTIVE
PN-000434,A2U130-594180,Sandvik / EIMCO,Underground LHD,ED10,EXPLICIT,VERIFIED,"ED10 parts manual page 237, item 2",ACTIVE
PN-001781,DA4-88,Sandvik / EIMCO,Underground LHD,ED10,EXPLICIT,VERIFIED,"ED10 parts manual page 237, item 4",ACTIVE
PN-001080,CB3-1208,Sandvik / EIMCO,Underground LHD,ED10,EXPLICIT,VERIFIED,"ED10 parts manual page 237, item 5",ACTIVE
PN-001577,D257-47,Sandvik / EIMCO,Underground LHD,ED10,EXPLICIT,VERIFIED,"ED10 parts manual page 237, item 6",ACTIVE
PN-001527,D15-812,Sandvik / EIMCO,Underground LHD,ED10,EXPLICIT,VERIFIED,"ED10 parts manual page 237, item 7",ACTIVE
PN-001551,D17-817,Sandvik / EIMCO,Underground LHD,ED10,EXPLICIT,VERIFIED,"ED10 parts manual page 237, item 9",ACTIVE
PN-001755,D66-128,Sandvik / EIMCO,Underground LHD,ED10,EXPLICIT,VERIFIED,"ED10 parts manual page 237, item 11",ACTIVE
PN-001718,D53-1217,Sandvik / EIMCO,Underground LHD,ED10,EXPLICIT,VERIFIED,"ED10 parts manual page 237, item 12",ACTIVE
PN-001676,D41-812,Sandvik / EIMCO,Underground LHD,ED10,EXPLICIT,VERIFIED,"ED10 parts manual page 237, item 13; ED10 parts manual page 251, item 33",ACTIVE
PN-001733,D54-1212,Sandvik / EIMCO,Underground LHD,ED10,EXPLICIT,VERIFIED,"ED10 parts manual page 237, item 14; ED10 parts manual page 251, item 39",ACTIVE
PN-001528,D15-817,Sandvik / EIMCO,Underground LHD,ED10,EXPLICIT,VERIFIED,"ED10 parts manual page 237, item 15; ED10 parts manual page 240, item 13",ACTIVE
PN-001817,E2HSM252,Sandvik / EIMCO,Underground LHD,ED10,EXPLICIT,VERIFIED,"ED10 parts manual page 237, item 16; SANDVIK LS190-B2285 SPARE PARTS LIST_Mining India_24.03.2026.xlsx, Sheet1, row 132; SANDVIK LS190-B2285 SPARE PARTS LIST_Mining India_24.03.2026.xlsx, Sheet1, row 247",ACTIVE
PN-001816,E2HSM251,Sandvik / EIMCO,Underground LHD,ED10,EXPLICIT,VERIFIED,"ED10 parts manual page 237, item 17; SANDVIK LS190-B2285 SPARE PARTS LIST_Mining India_24.03.2026.xlsx, Sheet1, row 131; SANDVIK LS190-B2285 SPARE PARTS LIST_Mining India_24.03.2026.xlsx, Sheet1, row 246",ACTIVE
PN-000810,A2U900-596145,Sandvik / EIMCO,Underground LHD,ED10,EXPLICIT,VERIFIED,"ED10 parts manual page 237, item 18; SANDVIK LS190-B2285 SPARE PARTS LIST_Mining India_24.03.2026.xlsx, Sheet1, row 127; SANDVIK LS190-B2285 SPARE PARTS LIST_Mining India_24.03.2026.xlsx, Sheet1, row 243",ACTIVE
PN-000811,A2U900-596146,Sandvik / EIMCO,Underground LHD,ED10,EXPLICIT,VERIFIED,"ED10 parts manual page 237, item 19; SANDVIK LS190-B2285 SPARE PARTS LIST_Mining India_24.03.2026.xlsx, Sheet1, row 128; Purchase Order-Shanxi.xlsx, Sheet1, row 26",ACTIVE
PN-000811,A2U900-596146,Sandvik / EIMCO,Underground LHD,LS190,EXPLICIT,VERIFIED,"ED10 parts manual page 237, item 19; SANDVIK LS190-B2285 SPARE PARTS LIST_Mining India_24.03.2026.xlsx, Sheet1, row 128; Purchase Order-Shanxi.xlsx, Sheet1, row 26",ACTIVE
PN-000814,A2U900-596153,Sandvik / EIMCO,Underground LHD,ED10,EXPLICIT,VERIFIED,"ED10 parts manual page 237, item 20; ED10 parts manual page 247, item 4",ACTIVE
PN-001666,D38-88,Sandvik / EIMCO,Underground LHD,ED10,EXPLICIT,VERIFIED,"ED10 parts manual page 237, item 21",ACTIVE
PN-001524,D15-47,Sandvik / EIMCO,Underground LHD,ED10,EXPLICIT,VERIFIED,"ED10 parts manual page 237, item 23",ACTIVE
PN-001779,DA4-44,Sandvik / EIMCO,Underground LHD,ED10,EXPLICIT,VERIFIED,"ED10 parts manual page 237, item 24",ACTIVE
PN-001582,D29-4-210-7A,Sandvik / EIMCO,Underground LHD,ED10,EXPLICIT,VERIFIED,"ED10 parts manual page 237, item 25",ACTIVE
PN-001583,D29-4-370-7,Sandvik / EIMCO,Underground LHD,ED10,EXPLICIT,VERIFIED,"ED10 parts manual page 237, item 26",ACTIVE
PN-001584,D29-8-112-12A,Sandvik / EIMCO,Underground LHD,ED10,EXPLICIT,VERIFIED,"ED10 parts manual page 237, item 27",ACTIVE
PN-001581,D29-12-240-17A,Sandvik / EIMCO,Underground LHD,ED10,EXPLICIT,VERIFIED,"ED10 parts manual page 237, item 28",ACTIVE
PN-001612,D2900-4-130-7,Sandvik / EIMCO,Underground LHD,ED10,EXPLICIT,VERIFIED,"ED10 parts manual page 237, item 29",ACTIVE
PN-001614,D2900-4-160-7,Sandvik / EIMCO,Underground LHD,ED10,EXPLICIT,VERIFIED,"ED10 parts manual page 237, item 30",ACTIVE
PN-001611,D2900-4-120-9,Sandvik / EIMCO,Underground LHD,ED10,EXPLICIT,VERIFIED,"ED10 parts manual page 237, item 31",ACTIVE
PN-000357,A2U130-171438,Sandvik / EIMCO,Underground LHD,ED10,EXPLICIT,VERIFIED,"ED10 parts manual page 237, item 32; ED10 parts manual page 237, item 33",ACTIVE
PN-001691,D50/77,Sandvik / EIMCO,Underground LHD,ED10,EXPLICIT,VERIFIED,"ED10 parts manual page 237, item 34",ACTIVE
PN-001601,D2900-120-17,Sandvik / EIMCO,Underground LHD,ED10,EXPLICIT,VERIFIED,"ED10 parts manual page 240, item 1",ACTIVE
PN-001806,DN258-276-21A,Sandvik / EIMCO,Underground LHD,ED10,EXPLICIT,VERIFIED,"ED10 parts manual page 240, item 2",ACTIVE
PN-001592,D2900-12-220-17,Sandvik / EIMCO,Underground LHD,ED10,EXPLICIT,VERIFIED,"ED10 parts manual page 240, item 4",ACTIVE
PN-001610,D2900-4-113-9,Sandvik / EIMCO,Underground LHD,ED10,EXPLICIT,VERIFIED,"ED10 parts manual page 240, item 5",ACTIVE
PN-000648,A2U220-590092,Sandvik / EIMCO,Underground LHD,ED10,EXPLICIT,VERIFIED,"ED10 parts manual page 240, item 6",ACTIVE
PN-001624,D2900-6-100-9,Sandvik / EIMCO,Underground LHD,ED10,EXPLICIT,VERIFIED,"ED10 parts manual page 240, item 7; ED10 parts manual page 257, item 29; ED10 parts manual page 257, item 38",ACTIVE
PN-000662,A2U220-594392,Sandvik / EIMCO,Underground LHD,ED10,EXPLICIT,VERIFIED,"ED10 parts manual page 240, item 8",ACTIVE
PN-001575,D257-0409,Sandvik / EIMCO,Underground LHD,ED10,EXPLICIT,VERIFIED,"ED10 parts manual page 240, item 10",ACTIVE
PN-001571,D25-0409,Sandvik / EIMCO,Underground LHD,ED10,EXPLICIT,VERIFIED,"ED10 parts manual page 240, item 11",ACTIVE
PN-000654,A2U220-591357,Sandvik / EIMCO,Underground LHD,ED10,EXPLICIT,VERIFIED,"ED10 parts manual page 240, item 14",ACTIVE
PN-000655,A2U220-591358,Sandvik / EIMCO,Underground LHD,ED10,EXPLICIT,VERIFIED,"ED10 parts manual page 240, item 15",ACTIVE
PN-000302,495502845,Sandvik / EIMCO,Underground LHD,ED10,EXPLICIT,VERIFIED,"ED10 parts manual page 240, item 16",ACTIVE
PN-001783,DA8-2999,Sandvik / EIMCO,Underground LHD,ED10,EXPLICIT,VERIFIED,"ED10 parts manual page 240, item 20",ACTIVE
PN-001622,D2900-4-50-9,Sandvik / EIMCO,Underground LHD,ED10,EXPLICIT,VERIFIED,"ED10 parts manual page 240, item 21",ACTIVE
PN-000101,14 14,Sandvik / EIMCO,Underground LHD,ED10,EXPLICIT,VERIFIED,"ED10 parts manual page 242, item 3",ACTIVE
PN-000660,A2U220-594388,Sandvik / EIMCO,Underground LHD,ED10,EXPLICIT,VERIFIED,"ED10 parts manual page 243, item 1",ACTIVE
PN-001704,D52-1717,Sandvik / EIMCO,Underground LHD,ED10,EXPLICIT,VERIFIED,"ED10 parts manual page 243, item 2",ACTIVE
PN-001514,D15 67,Sandvik / EIMCO,Underground LHD,ED10,EXPLICIT,VERIFIED,"ED10 parts manual page 243, item 3",ACTIVE
PN-001753,D62-7,Sandvik / EIMCO,Underground LHD,ED10,EXPLICIT,VERIFIED,"ED10 parts manual page 243, item 5",ACTIVE
PN-001693,D51-1212,Sandvik / EIMCO,Underground LHD,ED10,EXPLICIT,VERIFIED,"ED10 parts manual page 243, item 9",ACTIVE
PN-001751,D62-14,Sandvik / EIMCO,Underground LHD,ED10,EXPLICIT,VERIFIED,"ED10 parts manual page 243, item 11",ACTIVE
PN-001703,D52-1412,Sandvik / EIMCO,Underground LHD,ED10,EXPLICIT,VERIFIED,"ED10 parts manual page 243, item 12; ED10 parts manual page 243, item 16",ACTIVE
PN-001705,D52-21-26,Sandvik / EIMCO,Underground LHD,ED10,EXPLICIT,VERIFIED,"ED10 parts manual page 243, item 13",ACTIVE
PN-001715,D53-0909,Sandvik / EIMCO,Underground LHD,ED10,EXPLICIT,VERIFIED,"ED10 parts manual page 243, item 15; ED10 parts manual page 285, item 7",ACTIVE
PN-001722,D53-1721,Sandvik / EIMCO,Underground LHD,ED10,EXPLICIT,VERIFIED,"ED10 parts manual page 243, item 17; ED10 parts manual page 251, item 13",ACTIVE
PN-001801,DE52-1717,Sandvik / EIMCO,Underground LHD,ED10,EXPLICIT,VERIFIED,"ED10 parts manual page 243, item 19",ACTIVE
PN-001719,D53-1414,Sandvik / EIMCO,Underground LHD,ED10,EXPLICIT,VERIFIED,"ED10 parts manual page 243, item 21",ACTIVE
PN-001803,DE53-1717,Sandvik / EIMCO,Underground LHD,ED10,EXPLICIT,VERIFIED,"ED10 parts manual page 243, item 22",ACTIVE
PN-001786,DA81-171717,Sandvik / EIMCO,Underground LHD,ED10,EXPLICIT,VERIFIED,"ED10 parts manual page 243, item 23",ACTIVE
PN-001732,D54-0707,Sandvik / EIMCO,Underground LHD,ED10,EXPLICIT,VERIFIED,"ED10 parts manual page 243, item 24",ACTIVE
PN-001714,D53-0707,Sandvik / EIMCO,Underground LHD,ED10,EXPLICIT,VERIFIED,"ED10 parts manual page 243, item 25; ED10 parts manual page 285, item 6",ACTIVE
PN-001692,D51-0707,Sandvik / EIMCO,Underground LHD,ED10,EXPLICIT,VERIFIED,"ED10 parts manual page 243, item 26",ACTIVE
PN-001503,CMX100-C-FX,Sandvik / EIMCO,Underground LHD,ED10,EXPLICIT,VERIFIED,"ED10 parts manual page 245, item 1",ACTIVE
PN-000649,A2U220-591340,Sandvik / EIMCO,Underground LHD,ED10,EXPLICIT,VERIFIED,"ED10 parts manual page 245, item 3",ACTIVE
PN-000665,A2U220-594427,Sandvik / EIMCO,Underground LHD,ED10,EXPLICIT,VERIFIED,"ED10 parts manual page 245, item 4",ACTIVE
PN-000666,A2U220-594441,Sandvik / EIMCO,Underground LHD,ED10,EXPLICIT,VERIFIED,"ED10 parts manual page 245, item 5",ACTIVE
PN-000667,A2U220-594442,Sandvik / EIMCO,Underground LHD,ED10,EXPLICIT,VERIFIED,"ED10 parts manual page 245, item 6",ACTIVE
PN-000677,A2U2220-594443,Sandvik / EIMCO,Underground LHD,ED10,EXPLICIT,VERIFIED,"ED10 parts manual page 245, item 7",ACTIVE
PN-000678,A2U2220-594444,Sandvik / EIMCO,Underground LHD,ED10,EXPLICIT,VERIFIED,"ED10 parts manual page 245, item 8",ACTIVE
PN-000353,A2130-591303,Sandvik / EIMCO,Underground LHD,ED10,EXPLICIT,VERIFIED,"ED10 parts manual page 247, item 1",ACTIVE
PN-001597,D2900-12-490-17,Sandvik / EIMCO,Underground LHD,ED10,EXPLICIT,VERIFIED,"ED10 parts manual page 247, item 3",ACTIVE
PN-001541,D17-1221,Sandvik / EIMCO,Underground LHD,ED10,EXPLICIT,VERIFIED,"ED10 parts manual page 247, item 5",ACTIVE
PN-001606,D2900-16-440-21,Sandvik / EIMCO,Underground LHD,ED10,EXPLICIT,VERIFIED,"ED10 parts manual page 247, item 6",ACTIVE
PN-001707,D52-2621,Sandvik / EIMCO,Underground LHD,ED10,EXPLICIT,VERIFIED,"ED10 parts manual page 247, item 8",ACTIVE
PN-000112,229917,Sandvik / EIMCO,Underground LHD,ED10,EXPLICIT,VERIFIED,"ED10 parts manual page 251, item 1",ACTIVE
PN-000115,244676,Sandvik / EIMCO,Underground LHD,ED10,EXPLICIT,VERIFIED,"ED10 parts manual page 251, item 2",ACTIVE
PN-001735,D54-2121,Sandvik / EIMCO,Underground LHD,ED10,EXPLICIT,VERIFIED,"ED10 parts manual page 251, item 4",ACTIVE
PN-001660,D37-1616,Sandvik / EIMCO,Underground LHD,ED10,EXPLICIT,VERIFIED,"ED10 parts manual page 251, item 5",ACTIVE
PN-001780,DA4-66,Sandvik / EIMCO,Underground LHD,ED10,EXPLICIT,VERIFIED,"ED10 parts manual page 251, item 6",ACTIVE
PN-001761,D71-666,Sandvik / EIMCO,Underground LHD,ED10,EXPLICIT,VERIFIED,"ED10 parts manual page 251, item 7",ACTIVE
PN-001526,D15-612,Sandvik / EIMCO,Underground LHD,ED10,EXPLICIT,VERIFIED,"ED10 parts manual page 251, item 8",ACTIVE
PN-001802,DE53-1214,Sandvik / EIMCO,Underground LHD,ED10,EXPLICIT,VERIFIED,"ED10 parts manual page 251, item 9",ACTIVE
PN-001804,DE53-2121,Sandvik / EIMCO,Underground LHD,ED10,EXPLICIT,VERIFIED,"ED10 parts manual page 251, item 10",ACTIVE
PN-001521,D15-1617,Sandvik / EIMCO,Underground LHD,ED10,EXPLICIT,VERIFIED,"ED10 parts manual page 251, item 11",ACTIVE
PN-001765,D800-12-160-17,Sandvik / EIMCO,Underground LHD,ED10,EXPLICIT,VERIFIED,"ED10 parts manual page 251, item 15",ACTIVE
PN-001605,D2900-16-250-21,Sandvik / EIMCO,Underground LHD,ED10,EXPLICIT,VERIFIED,"ED10 parts manual page 251, item 19; ED10 parts manual page 251, item 20",ACTIVE
PN-000617,A2U220-391163,Sandvik / EIMCO,Underground LHD,ED10,EXPLICIT,VERIFIED,"ED10 parts manual page 251, item 21",ACTIVE
PN-001639,D2900-8-250-12,Sandvik / EIMCO,Underground LHD,ED10,EXPLICIT,VERIFIED,"ED10 parts manual page 251, item 22",ACTIVE
PN-001621,D2900-4-40-7,Sandvik / EIMCO,Underground LHD,ED10,EXPLICIT,VERIFIED,"ED10 parts manual page 251, item 23",ACTIVE
PN-001595,D2900-12-250-17,Sandvik / EIMCO,Underground LHD,ED10,EXPLICIT,VERIFIED,"ED10 parts manual page 251, item 25",ACTIVE
PN-001618,D2900-4-210-7,Sandvik / EIMCO,Underground LHD,ED10,EXPLICIT,VERIFIED,"ED10 parts manual page 251, item 26",ACTIVE
PN-001669,D39-12-220-17,Sandvik / EIMCO,Underground LHD,ED10,EXPLICIT,VERIFIED,"ED10 parts manual page 251, item 28",ACTIVE
PN-001745,D600-8-160-12,Sandvik / EIMCO,Underground LHD,ED10,EXPLICIT,VERIFIED,"ED10 parts manual page 251, item 29",ACTIVE
PN-001549,D17-812,Sandvik / EIMCO,Underground LHD,ED10,EXPLICIT,VERIFIED,"ED10 parts manual page 251, item 32; ED10 parts manual page 296, item 2",ACTIVE
PN-001726,D53-99,Sandvik / EIMCO,Underground LHD,ED10,EXPLICIT,VERIFIED,"ED10 parts manual page 251, item 36",ACTIVE
PN-001736,D54-99,Sandvik / EIMCO,Underground LHD,ED10,EXPLICIT,VERIFIED,"ED10 parts manual page 251, item 38",ACTIVE
PN-001609,D2900-4-100-9,Sandvik / EIMCO,Underground LHD,ED10,EXPLICIT,VERIFIED,"ED10 parts manual page 251, item 40",ACTIVE
PN-001634,D2900-6-68-12,Sandvik / EIMCO,Underground LHD,ED10,EXPLICIT,VERIFIED,"ED10 parts manual page 251, item 41",ACTIVE
PN-001623,D2900-6-100-12,Sandvik / EIMCO,Underground LHD,ED10,EXPLICIT,VERIFIED,"ED10 parts manual page 251, item 42",ACTIVE
PN-001663,D37-88,Sandvik / EIMCO,Underground LHD,ED10,EXPLICIT,VERIFIED,"ED10 parts manual page 251, item 43",ACTIVE
PN-001573,D25-812,Sandvik / EIMCO,Underground LHD,ED10,EXPLICIT,VERIFIED,"ED10 parts manual page 251, item 44",ACTIVE
PN-000815,A2U900-596167,Sandvik / EIMCO,Underground LHD,ED10,EXPLICIT,VERIFIED,"ED10 parts manual page 252, item 45",ACTIVE
PN-000177,445502933,Sandvik / EIMCO,Underground LHD,ED10,EXPLICIT,VERIFIED,"ED10 parts manual page 252, item 46",ACTIVE
PN-001694,D51-1621,Sandvik / EIMCO,Underground LHD,ED10,EXPLICIT,VERIFIED,"ED10 parts manual page 252, item 47",ACTIVE
PN-000593,A2U220-318002,Sandvik / EIMCO,Underground LHD,ED10,EXPLICIT,VERIFIED,"ED10 parts manual page 252, item 48",ACTIVE
PN-001602,D2900-16-110-21,Sandvik / EIMCO,Underground LHD,ED10,EXPLICIT,VERIFIED,"ED10 parts manual page 252, item 51",ACTIVE
PN-001590,D2900-12-130-17,Sandvik / EIMCO,Underground LHD,ED10,EXPLICIT,VERIFIED,"ED10 parts manual page 252, item 55",ACTIVE
PN-000642,A2U220-534056,Sandvik / EIMCO,Underground LHD,ED10,EXPLICIT,VERIFIED,"ED10 parts manual page 254, item 4",ACTIVE
PN-000880,A2U913-593005,Sandvik / EIMCO,Underground LHD,ED10,EXPLICIT,VERIFIED,"ED10 parts manual page 257, item 1",ACTIVE
PN-000883,A2U913-596127,Sandvik / EIMCO,Underground LHD,ED10,EXPLICIT,VERIFIED,"ED10 parts manual page 257, item 2",ACTIVE
PN-001795,DB17/0409,Sandvik / EIMCO,Underground LHD,ED10,EXPLICIT,VERIFIED,"ED10 parts manual page 257, item 3",ACTIVE
PN-001689,D50/0909,Sandvik / EIMCO,Underground LHD,ED10,EXPLICIT,VERIFIED,"ED10 parts manual page 257, item 5",ACTIVE
PN-001697,D51/0909,Sandvik / EIMCO,Underground LHD,ED10,EXPLICIT,VERIFIED,"ED10 parts manual page 257, item 6",ACTIVE
PN-001730,D53/121212,Sandvik / EIMCO,Underground LHD,ED10,EXPLICIT,VERIFIED,"ED10 parts manual page 257, item 7",ACTIVE
PN-001793,DA82/090909,Sandvik / EIMCO,Underground LHD,ED10,EXPLICIT,VERIFIED,"ED10 parts manual page 257, item 8",ACTIVE
PN-001608,D2900-4-100-7,Sandvik / EIMCO,Underground LHD,ED10,EXPLICIT,VERIFIED,"ED10 parts manual page 257, item 9",ACTIVE
PN-001636,D2900-6-80-9,Sandvik / EIMCO,Underground LHD,ED10,EXPLICIT,VERIFIED,"ED10 parts manual page 257, item 10",ACTIVE
PN-001625,D2900-6-140-9,Sandvik / EIMCO,Underground LHD,ED10,EXPLICIT,VERIFIED,"ED10 parts manual page 257, item 11",ACTIVE
PN-001628,D2900-6-160-9,Sandvik / EIMCO,Underground LHD,ED10,EXPLICIT,VERIFIED,"ED10 parts manual page 257, item 12",ACTIVE
PN-000668,A2U220-594445,Sandvik / EIMCO,Underground LHD,ED10,EXPLICIT,VERIFIED,"ED10 parts manual page 257, item 13",ACTIVE
PN-000427,A2U130-591293,Sandvik / EIMCO,Underground LHD,ED10,EXPLICIT,VERIFIED,"ED10 parts manual page 257, item 17",ACTIVE
PN-000435,A2U130-594273,Sandvik / EIMCO,Underground LHD,ED10,EXPLICIT,VERIFIED,"ED10 parts manual page 257, item 18",ACTIVE
PN-000903,A2U936-596103,Sandvik / EIMCO,Underground LHD,ED10,EXPLICIT,VERIFIED,"ED10 parts manual page 257, item 19",ACTIVE
PN-000902,A2U936-596102,Sandvik / EIMCO,Underground LHD,ED10,EXPLICIT,VERIFIED,"ED10 parts manual page 257, item 20",ACTIVE
PN-001805,DE53/0909,Sandvik / EIMCO,Underground LHD,ED10,EXPLICIT,VERIFIED,"ED10 parts manual page 257, item 21",ACTIVE
PN-001728,D53/0909,Sandvik / EIMCO,Underground LHD,ED10,EXPLICIT,VERIFIED,"ED10 parts manual page 257, item 22",ACTIVE
PN-001800,DE17/0407,Sandvik / EIMCO,Underground LHD,ED10,EXPLICIT,VERIFIED,"ED10 parts manual page 257, item 23",ACTIVE
PN-001712,D52/1209,Sandvik / EIMCO,Underground LHD,ED10,EXPLICIT,VERIFIED,"ED10 parts manual page 257, item 24",ACTIVE
PN-001530,D15/0609,Sandvik / EIMCO,Underground LHD,ED10,EXPLICIT,VERIFIED,"ED10 parts manual page 257, item 25",ACTIVE
PN-001552,D17/0407,Sandvik / EIMCO,Underground LHD,ED10,EXPLICIT,VERIFIED,"ED10 parts manual page 257, item 26",ACTIVE
PN-001782,DA4/0606,Sandvik / EIMCO,Underground LHD,ED10,EXPLICIT,VERIFIED,"ED10 parts manual page 257, item 27",ACTIVE
PN-001613,D2900-4-150-7,Sandvik / EIMCO,Underground LHD,ED10,EXPLICIT,VERIFIED,"ED10 parts manual page 257, item 28",ACTIVE
PN-001630,D2900-6-290-9,Sandvik / EIMCO,Underground LHD,ED10,EXPLICIT,VERIFIED,"ED10 parts manual page 257, item 30",ACTIVE
PN-001754,D62/09,Sandvik / EIMCO,Underground LHD,ED10,EXPLICIT,VERIFIED,"ED10 parts manual page 257, item 31",ACTIVE
PN-001529,D15/0607,Sandvik / EIMCO,Underground LHD,ED10,EXPLICIT,VERIFIED,"ED10 parts manual page 257, item 32",ACTIVE
PN-001762,D71/060606,Sandvik / EIMCO,Underground LHD,ED10,EXPLICIT,VERIFIED,"ED10 parts manual page 257, item 33",ACTIVE
PN-001553,D17/0609,Sandvik / EIMCO,Underground LHD,ED10,EXPLICIT,VERIFIED,"ED10 parts manual page 257, item 34",ACTIVE
PN-001711,D52/0809,Sandvik / EIMCO,Underground LHD,ED10,EXPLICIT,VERIFIED,"ED10 parts manual page 257, item 35",ACTIVE
PN-000428,A2U130-591300,Sandvik / EIMCO,Underground LHD,ED10,EXPLICIT,VERIFIED,"ED10 parts manual page 257, item 36",ACTIVE
PN-001633,D2900-6-65-9A,Sandvik / EIMCO,Underground LHD,ED10,EXPLICIT,VERIFIED,"ED10 parts manual page 257, item 37",ACTIVE
PN-001635,D2900-6-70-9A,Sandvik / EIMCO,Underground LHD,ED10,EXPLICIT,VERIFIED,"ED10 parts manual page 257, item 39",ACTIVE
PN-001629,D2900-6-180-9,Sandvik / EIMCO,Underground LHD,ED10,EXPLICIT,VERIFIED,"ED10 parts manual page 257, item 40",ACTIVE
PN-001677,D41/0409,Sandvik / EIMCO,Underground LHD,ED10,EXPLICIT,VERIFIED,"ED10 parts manual page 257, item 41",ACTIVE
PN-001796,DB47/0409,Sandvik / EIMCO,Underground LHD,ED10,EXPLICIT,VERIFIED,"ED10 parts manual page 257, item 42",ACTIVE
PN-001637,D2900-6-90-9,Sandvik / EIMCO,Underground LHD,ED10,EXPLICIT,VERIFIED,"ED10 parts manual page 257, item 43",ACTIVE
PN-000800,A2U900-594551,Sandvik / EIMCO,Underground LHD,ED10,EXPLICIT,VERIFIED,"ED10 parts manual page 257, item 44; ED10 parts manual page 281, item 3; ED10 parts manual page 287, item 7; SANDVIK LS 190-312 PARTS20260228.xlsx, Sheet1, row 139",ACTIVE
PN-000806,A2U900-594591,Sandvik / EIMCO,Underground LHD,ED10,EXPLICIT,VERIFIED,"ED10 parts manual page 258, item 45; ED10 parts manual page 281, item 1",ACTIVE
PN-001831,J/W. 62-300,Sandvik / EIMCO,Underground LHD,ED10,EXPLICIT,VERIFIED,"ED10 parts manual page 260, item 2",ACTIVE
PN-000419,A2U130-552024,Sandvik / EIMCO,Underground LHD,ED10,EXPLICIT,VERIFIED,"ED10 parts manual page 262, item 1",ACTIVE
PN-000380,A2U130-193437,Sandvik / EIMCO,Underground LHD,ED10,EXPLICIT,VERIFIED,"ED10 parts manual page 262, item 2",ACTIVE
PN-000473,A2U220-193446,Sandvik / EIMCO,Underground LHD,ED10,EXPLICIT,VERIFIED,"ED10 parts manual page 262, item 3",ACTIVE
PN-000433,A2U130-594168,Sandvik / EIMCO,Underground LHD,ED10,EXPLICIT,VERIFIED,"ED10 parts manual page 262, item 4",ACTIVE
PN-001853,S2719,Sandvik / EIMCO,Underground LHD,ED10,EXPLICIT,VERIFIED,"ED10 parts manual page 262, item 5",ACTIVE
PN-001875,T6GH28,Sandvik / EIMCO,Underground LHD,ED10,EXPLICIT,VERIFIED,"ED10 parts manual page 262, item 6",ACTIVE
PN-000145,445402861,Sandvik / EIMCO,Underground LHD,ED10,EXPLICIT,VERIFIED,"ED10 parts manual page 262, item 7",ACTIVE
PN-000146,445402863,Sandvik / EIMCO,Underground LHD,ED10,EXPLICIT,VERIFIED,"ED10 parts manual page 262, item 8",ACTIVE
PN-000082,06575124,Sandvik / EIMCO,Underground LHD,ED10,EXPLICIT,VERIFIED,"ED10 parts manual page 262, item 9",ACTIVE
PN-001619,D2900-4-22-7,Sandvik / EIMCO,Underground LHD,ED10,EXPLICIT,VERIFIED,"ED10 parts manual page 262, item 12",ACTIVE
PN-000420,A2U130-561101,Sandvik / EIMCO,Underground LHD,ED10,EXPLICIT,VERIFIED,"ED10 parts manual page 264, item 1",ACTIVE
PN-000422,A2U130-561121,Sandvik / EIMCO,Underground LHD,ED10,EXPLICIT,VERIFIED,"ED10 parts manual page 264, item 2",ACTIVE
PN-000423,A2U130-561149,Sandvik / EIMCO,Underground LHD,ED10,EXPLICIT,VERIFIED,"ED10 parts manual page 264, item 3",ACTIVE
PN-000421,A2U130-561105,Sandvik / EIMCO,Underground LHD,ED10,EXPLICIT,VERIFIED,"ED10 parts manual page 264, item 4",ACTIVE
PN-000424,A2U130-561151,Sandvik / EIMCO,Underground LHD,ED10,EXPLICIT,VERIFIED,"ED10 parts manual page 264, item 5",ACTIVE
PN-000090,103805,Sandvik / EIMCO,Underground LHD,ED10,EXPLICIT,VERIFIED,"ED10 parts manual page 264, item 6",ACTIVE
PN-000318,64253186,Sandvik / EIMCO,Underground LHD,ED10,EXPLICIT,VERIFIED,"ED10 parts manual page 264, item 7",ACTIVE
PN-000123,263083200,Sandvik / EIMCO,Underground LHD,ED10,EXPLICIT,VERIFIED,"ED10 parts manual page 264, item 8",ACTIVE
PN-000384,A2U130-194369,Sandvik / EIMCO,Underground LHD,ED10,EXPLICIT,VERIFIED,"ED10 parts manual page 264, item 9",ACTIVE
PN-000086,101552,Sandvik / EIMCO,Underground LHD,ED10,EXPLICIT,VERIFIED,"ED10 parts manual page 266, item 1",ACTIVE
PN-000432,A2U130-594167,Sandvik / EIMCO,Underground LHD,ED10,EXPLICIT,VERIFIED,"ED10 parts manual page 268, item 1",ACTIVE
PN-000425,A2U130-591189,Sandvik / EIMCO,Underground LHD,ED10,EXPLICIT,VERIFIED,"ED10 parts manual page 268, item 2",ACTIVE
PN-000647,A2U220-551026,Sandvik / EIMCO,Underground LHD,ED10,EXPLICIT,VERIFIED,"ED10 parts manual page 271, item 1",ACTIVE
PN-000320,64400345,Sandvik / EIMCO,Underground LHD,ED10,EXPLICIT,VERIFIED,"ED10 parts manual page 271, item 2; ED10 parts manual page 319, item 7",ACTIVE
PN-000364,A2U130-191798,Sandvik / EIMCO,Underground LHD,ED10,EXPLICIT,VERIFIED,"ED10 parts manual page 271, item 3",ACTIVE
PN-000372,A2U130-193336,Sandvik / EIMCO,Underground LHD,ED10,EXPLICIT,VERIFIED,"ED10 parts manual page 271, item 4",ACTIVE
PN-000322,64404002,Sandvik / EIMCO,Underground LHD,ED10,EXPLICIT,VERIFIED,"ED10 parts manual page 271, item 8",ACTIVE
PN-000469,A2U220-193388,Sandvik / EIMCO,Underground LHD,ED10,EXPLICIT,VERIFIED,"ED10 parts manual page 271, item 9",ACTIVE
PN-000475,A2U220-194400,Sandvik / EIMCO,Underground LHD,ED10,EXPLICIT,VERIFIED,"ED10 parts manual page 271, item 10",ACTIVE
PN-001833,JAMES WALKER JW63-350,Sandvik / EIMCO,Underground LHD,ED10,EXPLICIT,VERIFIED,"ED10 parts manual page 273, item 2",ACTIVE
PN-001008,BS-238,Sandvik / EIMCO,Underground LHD,ED10,EXPLICIT,VERIFIED,"ED10 parts manual page 273, item 3",ACTIVE
PN-001828,HALLITE 605-4337100,Sandvik / EIMCO,Underground LHD,ED10,EXPLICIT,VERIFIED,"ED10 parts manual page 273, item 4",ACTIVE
PN-001832,JAMES WALKER JW62-200,Sandvik / EIMCO,Underground LHD,ED10,EXPLICIT,VERIFIED,"ED10 parts manual page 273, item 5",ACTIVE
PN-000099,117867,Sandvik / EIMCO,Underground LHD,ED10,EXPLICIT,VERIFIED,"ED10 parts manual page 275, item 1; SANDVIK LS190-B2285 SPARE PARTS LIST_Mining India_24.03.2026.xlsx, Sheet1, row 260",ACTIVE
PN-000100,117900,Sandvik / EIMCO,Underground LHD,ED10,EXPLICIT,VERIFIED,"ED10 parts manual page 275, item 2",ACTIVE
PN-000116,246362,Sandvik / EIMCO,Underground LHD,ED10,EXPLICIT,VERIFIED,"ED10 parts manual page 275, item 3",ACTIVE
PN-000313,64112654,Sandvik / EIMCO,Underground LHD,ED10,EXPLICIT,VERIFIED,"ED10 parts manual page 275, item 12",ACTIVE
PN-000333,65320029,Sandvik / EIMCO,Underground LHD,ED10,EXPLICIT,VERIFIED,"ED10 parts manual page 275, item 13",ACTIVE
PN-000389,A2U130-197432,Sandvik / EIMCO,Underground LHD,ED10,EXPLICIT,VERIFIED,"ED10 parts manual page 275, item 14",ACTIVE
PN-000641,A2U220-531033,Sandvik / EIMCO,Underground LHD,ED10,EXPLICIT,VERIFIED,"ED10 parts manual page 275, item 15",ACTIVE
PN-000050,A2U220-592056,Sandvik / EIMCO,Underground LHD,ED10,EXPLICIT,VERIFIED,"ED10 parts manual page 275, item 16; SANDVIK LS 190-312 PARTS20260228.xlsx, Sheet1, row 107; SANDVIK LS190-B2285 SPARE PARTS LIST_Mining India_24.03.2026.xlsx, Sheet1, row 253",ACTIVE
PN-000732,A2U900-255336,Sandvik / EIMCO,Underground LHD,ED10,EXPLICIT,VERIFIED,"ED10 parts manual page 275, item 17; SANDVIK LS190-B2285 SPARE PARTS LIST_Mining India_24.03.2026.xlsx, Sheet1, row 257; Purchase Order-Shanxi.xlsx, Sheet1, row 38",ACTIVE
PN-000732,A2U900-255336,Sandvik / EIMCO,Underground LHD,LS190,EXPLICIT,VERIFIED,"ED10 parts manual page 275, item 17; SANDVIK LS190-B2285 SPARE PARTS LIST_Mining India_24.03.2026.xlsx, Sheet1, row 257; Purchase Order-Shanxi.xlsx, Sheet1, row 38",ACTIVE
PN-000777,A2U900-531034,Sandvik / EIMCO,Underground LHD,ED10,EXPLICIT,VERIFIED,"ED10 parts manual page 275, item 19",ACTIVE
PN-000778,A2U900-531035,Sandvik / EIMCO,Underground LHD,ED10,EXPLICIT,VERIFIED,"ED10 parts manual page 275, item 20",ACTIVE
PN-000779,A2U900-532024,Sandvik / EIMCO,Underground LHD,ED10,EXPLICIT,VERIFIED,"ED10 parts manual page 275, item 21",ACTIVE
PN-000787,A2U900-592078,Sandvik / EIMCO,Underground LHD,ED10,EXPLICIT,VERIFIED,"ED10 parts manual page 275, item 22",ACTIVE
PN-000791,A2U900-592085,Sandvik / EIMCO,Underground LHD,ED10,EXPLICIT,VERIFIED,"ED10 parts manual page 275, item 23",ACTIVE
PN-000049,A2U900-534055,Sandvik / EIMCO,Underground LHD,ED10,EXPLICIT,VERIFIED,"ED10 parts manual page 275, item 24; SANDVIK LS 190-312 PARTS20260228.xlsx, Sheet1, row 106; SANDVIK LS190-B2285 SPARE PARTS LIST_Mining India_24.03.2026.xlsx, Sheet1, row 476; Purchase Order-Shanxi.xlsx, Sheet1, row 63",ACTIVE
PN-000049,A2U900-534055,Sandvik / EIMCO,Underground LHD,LS190,EXPLICIT,VERIFIED,"ED10 parts manual page 275, item 24; SANDVIK LS 190-312 PARTS20260228.xlsx, Sheet1, row 106; SANDVIK LS190-B2285 SPARE PARTS LIST_Mining India_24.03.2026.xlsx, Sheet1, row 476; Purchase Order-Shanxi.xlsx, Sheet1, row 63",ACTIVE
PN-000817,A2U900-597014,Sandvik / EIMCO,Underground LHD,ED10,EXPLICIT,VERIFIED,"ED10 parts manual page 275, item 25",ACTIVE
PN-001671,D4-0202,Sandvik / EIMCO,Underground LHD,ED10,EXPLICIT,VERIFIED,"ED10 parts manual page 275, item 28",ACTIVE
PN-001797,DB67-02,Sandvik / EIMCO,Underground LHD,ED10,EXPLICIT,VERIFIED,"ED10 parts manual page 275, item 29",ACTIVE
PN-000315,64117540,Sandvik / EIMCO,Underground LHD,ED10,EXPLICIT,VERIFIED,"ED10 parts manual page 277, item 1; SANDVIK LS 190-312 PARTS20260228.xlsx, Sheet1, row 126; SANDVIK LS190-B2285 SPARE PARTS LIST_Mining India_24.03.2026.xlsx, Sheet1, row 255",ACTIVE
PN-000635,A2U220-511062,Sandvik / EIMCO,Underground LHD,ED10,EXPLICIT,VERIFIED,"ED10 parts manual page 279, item 1; SANDVIK LS190-B2285 SPARE PARTS LIST_Mining India_24.03.2026.xlsx, Sheet1, row 240",ACTIVE
PN-001562,D21-2420,Sandvik / EIMCO,Underground LHD,ED10,EXPLICIT,VERIFIED,"ED10 parts manual page 279, item 2",ACTIVE
PN-001773,DA13-1209,Sandvik / EIMCO,Underground LHD,ED10,EXPLICIT,VERIFIED,"ED10 parts manual page 279, item 3",ACTIVE
PN-001537,D17-0809,Sandvik / EIMCO,Underground LHD,ED10,EXPLICIT,VERIFIED,"ED10 parts manual page 279, item 4",ACTIVE
PN-001776,DA4-0404,Sandvik / EIMCO,Underground LHD,ED10,EXPLICIT,VERIFIED,"ED10 parts manual page 279, item 5",ACTIVE
PN-000780,A2U900-591363,Sandvik / EIMCO,Underground LHD,ED10,EXPLICIT,VERIFIED,"ED10 parts manual page 279, item 7",ACTIVE
PN-001558,D21-0804,Sandvik / EIMCO,Underground LHD,ED10,EXPLICIT,VERIFIED,"ED10 parts manual page 279, item 8",ACTIVE
PN-001515,D15 812,Sandvik / EIMCO,Underground LHD,ED10,EXPLICIT,VERIFIED,"ED10 parts manual page 279, item 9",ACTIVE
PN-000689,A2U900-171979,Sandvik / EIMCO,Underground LHD,ED10,EXPLICIT,VERIFIED,"ED10 parts manual page 279, item 10",ACTIVE
PN-000781,A2U900-591428,Sandvik / EIMCO,Underground LHD,ED10,EXPLICIT,VERIFIED,"ED10 parts manual page 279, item 11",ACTIVE
PN-000657,A2U220-591429,Sandvik / EIMCO,Underground LHD,ED10,EXPLICIT,VERIFIED,"ED10 parts manual page 279, item 16",ACTIVE
PN-001766,D800-16-13-21,Sandvik / EIMCO,Underground LHD,ED10,EXPLICIT,VERIFIED,"ED10 parts manual page 279, item 23",ACTIVE
PN-001580,D2800W-6-550-9,Sandvik / EIMCO,Underground LHD,ED10,EXPLICIT,VERIFIED,"ED10 parts manual page 279, item 24",ACTIVE
PN-001579,D2800W-6-230-9,Sandvik / EIMCO,Underground LHD,ED10,EXPLICIT,VERIFIED,"ED10 parts manual page 279, item 25",ACTIVE
PN-000303,500400,Sandvik / EIMCO,Underground LHD,ED10,EXPLICIT,VERIFIED,"ED10 parts manual page 279, item 26; SANDVIK LS190-B2285 SPARE PARTS LIST_Mining India_24.03.2026.xlsx, Sheet1, row 148; SANDVIK LS190-B2285 SPARE PARTS LIST_Mining India_24.03.2026.xlsx, Sheet1, row 174",ACTIVE
PN-000802,A2U900-594568,Sandvik / EIMCO,Underground LHD,ED10,EXPLICIT,VERIFIED,"ED10 parts manual page 281, item 2",ACTIVE
PN-000418,A2U130-494012,Sandvik / EIMCO,Underground LHD,ED10,EXPLICIT,VERIFIED,"ED10 parts manual page 283, item 1",ACTIVE
PN-000624,A2U220-491225,Sandvik / EIMCO,Underground LHD,ED10,EXPLICIT,VERIFIED,"ED10 parts manual page 283, item 2",ACTIVE
PN-000326,64544447,Sandvik / EIMCO,Underground LHD,ED10,EXPLICIT,VERIFIED,"ED10 parts manual page 283, item 3; SANDVIK LS 190-312 PARTS20260228.xlsx, Sheet1, row 10; SANDVIK LS190-B2285 SPARE PARTS LIST_Mining India_24.03.2026.xlsx, Sheet1, row 171",ACTIVE
PN-001825,G770,Sandvik / EIMCO,Underground LHD,ED10,EXPLICIT,VERIFIED,"ED10 parts manual page 283, item 4; SANDVIK LS 190-312 PARTS20260228.xlsx, Sheet1, row 156; SANDVIK LS190-B2285 SPARE PARTS LIST_Mining India_24.03.2026.xlsx, Sheet1, row 186",ACTIVE
PN-000187,445520802,Sandvik / EIMCO,Underground LHD,ED10,EXPLICIT,VERIFIED,"ED10 parts manual page 283, item 5",ACTIVE
PN-000200,45008112,Sandvik / EIMCO,Underground LHD,ED10,EXPLICIT,VERIFIED,"ED10 parts manual page 283, item 8",ACTIVE
PN-000767,A2U900-493023,Sandvik / EIMCO,Underground LHD,ED10,EXPLICIT,VERIFIED,"ED10 parts manual page 283, item 9",ACTIVE
PN-000658,A2U220-591638,Sandvik / EIMCO,Underground LHD,ED10,EXPLICIT,VERIFIED,"ED10 parts manual page 285, item 3",ACTIVE
PN-000671,A2U220-594598,Sandvik / EIMCO,Underground LHD,ED10,EXPLICIT,VERIFIED,"ED10 parts manual page 285, item 4",ACTIVE
PN-001701,D52-0707,Sandvik / EIMCO,Underground LHD,ED10,EXPLICIT,VERIFIED,"ED10 parts manual page 285, item 5",ACTIVE
PN-001716,D53-1209,Sandvik / EIMCO,Underground LHD,ED10,EXPLICIT,VERIFIED,"ED10 parts manual page 285, item 8",ACTIVE
PN-001734,D54-1717,Sandvik / EIMCO,Underground LHD,ED10,EXPLICIT,VERIFIED,"ED10 parts manual page 285, item 11",ACTIVE
PN-000132,445208600,Sandvik / EIMCO,Underground LHD,ED10,EXPLICIT,VERIFIED,"ED10 parts manual page 287, item 1",ACTIVE
PN-000659,A2U220-591711,Sandvik / EIMCO,Underground LHD,ED10,EXPLICIT,VERIFIED,"ED10 parts manual page 287, item 2",ACTIVE
PN-000670,A2U220-594589,Sandvik / EIMCO,Underground LHD,ED10,EXPLICIT,VERIFIED,"ED10 parts manual page 287, item 3",ACTIVE
PN-000782,A2U900-591642,Sandvik / EIMCO,Underground LHD,ED10,EXPLICIT,VERIFIED,"ED10 parts manual page 287, item 4",ACTIVE
PN-000797,A2U900-594533,Sandvik / EIMCO,Underground LHD,ED10,EXPLICIT,VERIFIED,"ED10 parts manual page 287, item 5",ACTIVE
PN-000799,A2U900-594549,Sandvik / EIMCO,Underground LHD,ED10,EXPLICIT,VERIFIED,"ED10 parts manual page 287, item 6",ACTIVE
PN-000803,A2U900-594571,Sandvik / EIMCO,Underground LHD,ED10,EXPLICIT,VERIFIED,"ED10 parts manual page 287, item 8",ACTIVE
PN-000804,A2U900-594577,Sandvik / EIMCO,Underground LHD,ED10,EXPLICIT,VERIFIED,"ED10 parts manual page 287, item 9",ACTIVE
PN-000816,A2U900-596201,Sandvik / EIMCO,Underground LHD,ED10,EXPLICIT,VERIFIED,"ED10 parts manual page 287, item 10",ACTIVE
PN-000661,A2U220-594391,Sandvik / EIMCO,Underground LHD,ED10,EXPLICIT,VERIFIED,"ED10 parts manual page 289, item 1",ACTIVE
PN-000134,445208662,Sandvik / EIMCO,Underground LHD,ED10,EXPLICIT,VERIFIED,"ED10 parts manual page 289, item 3",ACTIVE
PN-001578,D259-6,Sandvik / EIMCO,Underground LHD,ED10,EXPLICIT,VERIFIED,"ED10 parts manual page 289, item 5",ACTIVE
PN-001617,D2900-4-2000-7,Sandvik / EIMCO,Underground LHD,ED10,EXPLICIT,VERIFIED,"ED10 parts manual page 289, item 6",ACTIVE
PN-001615,D2900-4-1750-7,Sandvik / EIMCO,Underground LHD,ED10,EXPLICIT,VERIFIED,"ED10 parts manual page 289, item 7",ACTIVE
PN-001620,D2900-4-350-7,Sandvik / EIMCO,Underground LHD,ED10,EXPLICIT,VERIFIED,"ED10 parts manual page 289, item 8",ACTIVE
PN-000664,A2U220-594394,Sandvik / EIMCO,Underground LHD,ED10,EXPLICIT,VERIFIED,"ED10 parts manual page 291, item 1",ACTIVE
PN-000653,A2U220-591353,Sandvik / EIMCO,Underground LHD,ED10,EXPLICIT,VERIFIED,"ED10 parts manual page 291, item 2",ACTIVE
PN-000656,A2U220-591361,Sandvik / EIMCO,Underground LHD,ED10,EXPLICIT,VERIFIED,"ED10 parts manual page 291, item 3",ACTIVE
PN-001572,D25-1621,Sandvik / EIMCO,Underground LHD,ED10,EXPLICIT,VERIFIED,"ED10 parts manual page 294, item 6",ACTIVE
PN-001512,D15 1621,Sandvik / EIMCO,Underground LHD,ED10,EXPLICIT,VERIFIED,"ED10 parts manual page 294, item 8",ACTIVE
PN-001607,D2900-16-80-21,Sandvik / EIMCO,Underground LHD,ED10,EXPLICIT,VERIFIED,"ED10 parts manual page 294, item 13",ACTIVE
PN-001658,D37-0808,Sandvik / EIMCO,Underground LHD,ED10,EXPLICIT,VERIFIED,"ED10 parts manual page 296, item 3",ACTIVE
PN-001668,D39-0808,Sandvik / EIMCO,Underground LHD,ED10,EXPLICIT,VERIFIED,"ED10 parts manual page 296, item 4",ACTIVE
PN-001672,D4-1208,Sandvik / EIMCO,Underground LHD,ED10,EXPLICIT,VERIFIED,"ED10 parts manual page 296, item 5",ACTIVE
PN-000429,A2U130-591380,Sandvik / EIMCO,Underground LHD,ED10,EXPLICIT,VERIFIED,"ED10 parts manual page 300, item 1",ACTIVE
PN-000834,A2U900-711009,Sandvik / EIMCO,Underground LHD,ED10,EXPLICIT,VERIFIED,"ED10 parts manual page 300, item 2",ACTIVE
PN-000430,A2U130-591387,Sandvik / EIMCO,Underground LHD,ED10,EXPLICIT,VERIFIED,"ED10 parts manual page 300, item 3",ACTIVE
PN-000029,A2U913-522006,Sandvik / EIMCO,Underground LHD,ED10,EXPLICIT,VERIFIED,"ED10 parts manual page 300, item 7; SANDVIK LS 190-312 PARTS20260228.xlsx, Sheet1, row 66",ACTIVE
PN-000774,A2U900-521030,Sandvik / EIMCO,Underground LHD,ED10,EXPLICIT,VERIFIED,"ED10 parts manual page 300, item 9",ACTIVE
PN-000776,A2U900-522024,Sandvik / EIMCO,Underground LHD,ED10,EXPLICIT,VERIFIED,"ED10 parts manual page 300, item 10",ACTIVE
PN-001720,D53-1712,Sandvik / EIMCO,Underground LHD,ED10,EXPLICIT,VERIFIED,"ED10 parts manual page 300, item 14",ACTIVE
PN-001708,D52-77,Sandvik / EIMCO,Underground LHD,ED10,EXPLICIT,VERIFIED,"ED10 parts manual page 300, item 15",ACTIVE
PN-000835,A2U900-713015,Sandvik / EIMCO,Underground LHD,ED10,EXPLICIT,VERIFIED,"ED10 parts manual page 300, item 16",ACTIVE
PN-000916,AFP1012-1,Sandvik / EIMCO,Underground LHD,ED10,EXPLICIT,VERIFIED,"ED10 parts manual page 302, item 1",ACTIVE
PN-000084,100202,Sandvik / EIMCO,Underground LHD,ED10,EXPLICIT,VERIFIED,"ED10 parts manual page 302, item 2",ACTIVE
PN-000409,A2U130-472026,Sandvik / EIMCO,Underground LHD,ED10,EXPLICIT,VERIFIED,"ED10 parts manual page 302, item 3",ACTIVE
PN-000317,64119919,Sandvik / EIMCO,Underground LHD,ED10,EXPLICIT,VERIFIED,"ED10 parts manual page 302, item 5",ACTIVE
PN-001894,VGB6,Sandvik / EIMCO,Underground LHD,ED10,EXPLICIT,VERIFIED,"ED10 parts manual page 302, item 6",ACTIVE
PN-000316,64119126,Sandvik / EIMCO,Underground LHD,ED10,EXPLICIT,VERIFIED,"ED10 parts manual page 302, item 7",ACTIVE
PN-000620,A2U220-471066,Sandvik / EIMCO,Underground LHD,ED10,EXPLICIT,VERIFIED,"ED10 parts manual page 302, item 8",ACTIVE
PN-000352,919-620002,Sandvik / EIMCO,Underground LHD,ED10,EXPLICIT,VERIFIED,"ED10 parts manual page 302, item 9",ACTIVE
PN-000625,A2U220-491226,Sandvik / EIMCO,Underground LHD,ED10,EXPLICIT,VERIFIED,"ED10 parts manual page 302, item 10",ACTIVE
PN-001866,T5GG,Sandvik / EIMCO,Underground LHD,ED10,EXPLICIT,VERIFIED,"ED10 parts manual page 302, item 11",ACTIVE
PN-001867,T5YN,Sandvik / EIMCO,Underground LHD,ED10,EXPLICIT,VERIFIED,"ED10 parts manual page 302, item 12",ACTIVE
PN-001902,W5GA,Sandvik / EIMCO,Underground LHD,ED10,EXPLICIT,VERIFIED,"ED10 parts manual page 302, item 13",ACTIVE
PN-001903,W5GF,Sandvik / EIMCO,Underground LHD,ED10,EXPLICIT,VERIFIED,"ED10 parts manual page 302, item 14",ACTIVE
PN-000414,A2U130-491219,Sandvik / EIMCO,Underground LHD,ED10,EXPLICIT,VERIFIED,"ED10 parts manual page 302, item 15",ACTIVE
PN-000839,A2U900-775042,Sandvik / EIMCO,Underground LHD,ED10,EXPLICIT,VERIFIED,"ED10 parts manual page 304, item 1",ACTIVE
PN-000684,A2U900-1711072,Sandvik / EIMCO,Underground LHD,ED10,EXPLICIT,VERIFIED,"ED10 parts manual page 304, item 2",ACTIVE
PN-000685,A2U900-1711073,Sandvik / EIMCO,Underground LHD,ED10,EXPLICIT,VERIFIED,"ED10 parts manual page 304, item 3",ACTIVE
PN-000683,A2U900-1711071,Sandvik / EIMCO,Underground LHD,ED10,EXPLICIT,VERIFIED,"ED10 parts manual page 304, item 4",ACTIVE
PN-000828,A2U900-692010,Sandvik / EIMCO,Underground LHD,ED10,EXPLICIT,VERIFIED,"ED10 parts manual page 304, item 5; SANDVIK LS190-B2285 SPARE PARTS LIST_Mining India_24.03.2026.xlsx, Sheet1, row 473",ACTIVE
PN-000467,A2U220-1911110,Sandvik / EIMCO,Underground LHD,ED10,EXPLICIT,VERIFIED,"ED10 parts manual page 304, item 7",ACTIVE
PN-000837,A2U900-735007,Sandvik / EIMCO,Underground LHD,ED10,EXPLICIT,VERIFIED,"ED10 parts manual page 304, item 8",ACTIVE
PN-000838,A2U900-735015,Sandvik / EIMCO,Underground LHD,ED10,EXPLICIT,VERIFIED,"ED10 parts manual page 304, item 9",ACTIVE
PN-000840,A2U900-793006,Sandvik / EIMCO,Underground LHD,ED10,EXPLICIT,VERIFIED,"ED10 parts manual page 304, item 10",ACTIVE
PN-000836,A2U900-731033,Sandvik / EIMCO,Underground LHD,ED10,EXPLICIT,VERIFIED,"ED10 parts manual page 304, item 11; ED10 parts manual page 308, item 3",ACTIVE
PN-000912,AFP1008-40,Sandvik / EIMCO,Underground LHD,ED10,EXPLICIT,VERIFIED,"ED10 parts manual page 304, item 12; ED10 parts manual page 308, item 7; SANDVIK LS190-B2285 SPARE PARTS LIST_Mining India_24.03.2026.xlsx, Sheet1, row 271",ACTIVE
PN-000630,A2U220-491246,Sandvik / EIMCO,Underground LHD,ED10,EXPLICIT,VERIFIED,"ED10 parts manual page 304, item 13",ACTIVE
PN-000915,AFP1009-9,Sandvik / EIMCO,Underground LHD,ED10,EXPLICIT,VERIFIED,"ED10 parts manual page 304, item 14; SANDVIK LS190-B2285 SPARE PARTS LIST_Mining India_24.03.2026.xlsx, Sheet1, row 115; SANDVIK LS190-B2285 SPARE PARTS LIST_Mining India_24.03.2026.xlsx, Sheet1, row 212",ACTIVE
PN-001768,D817,Sandvik / EIMCO,Underground LHD,ED10,EXPLICIT,VERIFIED,"ED10 parts manual page 304, item 19; ED10 parts manual page 308, item 2",ACTIVE
PN-000893,A2U921-792030,Sandvik / EIMCO,Underground LHD,ED10,EXPLICIT,VERIFIED,"ED10 parts manual page 308, item 1",ACTIVE
PN-000870,A2U913-472024,Sandvik / EIMCO,Underground LHD,ED10,EXPLICIT,VERIFIED,"ED10 parts manual page 308, item 4",ACTIVE
PN-000909,AFP1001-7,Sandvik / EIMCO,Underground LHD,ED10,EXPLICIT,VERIFIED,"ED10 parts manual page 308, item 6",ACTIVE
PN-000690,A2U900-191723,Sandvik / EIMCO,Underground LHD,ED10,EXPLICIT,VERIFIED,"ED10 parts manual page 308, item 8",ACTIVE
PN-000894,A2U921-792032,Sandvik / EIMCO,Underground LHD,ED10,EXPLICIT,VERIFIED,"ED10 parts manual page 308, item 9",ACTIVE
PN-000905,A2U936-791123,Sandvik / EIMCO,Underground LHD,ED10,EXPLICIT,VERIFIED,"ED10 parts manual page 308, item 10",ACTIVE
PN-000892,A2U921-791105,Sandvik / EIMCO,Underground LHD,ED10,EXPLICIT,VERIFIED,"ED10 parts manual page 310, item 1",ACTIVE
PN-000890,A2U921-723008,Sandvik / EIMCO,Underground LHD,ED10,EXPLICIT,VERIFIED,"ED10 parts manual page 310, item 2",ACTIVE
PN-000891,A2U921-790081,Sandvik / EIMCO,Underground LHD,ED10,EXPLICIT,VERIFIED,"ED10 parts manual page 310, item 3",ACTIVE
PN-000764,A2U900-486015,Sandvik / EIMCO,Underground LHD,ED10,EXPLICIT,VERIFIED,"ED10 parts manual page 313, item 1; SANDVIK LS 190-312 PARTS20260228.xlsx, Sheet1, row 133",ACTIVE
PN-000362,A2U130-191455,Sandvik / EIMCO,Underground LHD,ED10,EXPLICIT,VERIFIED,"ED10 parts manual page 315, item 1",ACTIVE
PN-000367,A2U130-192034,Sandvik / EIMCO,Underground LHD,ED10,EXPLICIT,VERIFIED,"ED10 parts manual page 315, item 2",ACTIVE
PN-000442,A2U220-112012,Sandvik / EIMCO,Underground LHD,ED10,EXPLICIT,VERIFIED,"ED10 parts manual page 317, item 1",ACTIVE
PN-000470,A2U220-193397,Sandvik / EIMCO,Underground LHD,ED10,EXPLICIT,VERIFIED,"ED10 parts manual page 317, item 2",ACTIVE
PN-000896,A2U936-191525,Sandvik / EIMCO,Underground LHD,ED10,EXPLICIT,VERIFIED,"ED10 parts manual page 317, item 3",ACTIVE
PN-000474,A2U220-193463,Sandvik / EIMCO,Underground LHD,ED10,EXPLICIT,VERIFIED,"ED10 parts manual page 317, item 4",ACTIVE
PN-000149,445402941,Sandvik / EIMCO,Underground LHD,ED10,EXPLICIT,VERIFIED,"ED10 parts manual page 317, item 8",ACTIVE
PN-001058,C2A7B0863,Sandvik / EIMCO,Underground LHD,ED10,EXPLICIT,VERIFIED,"ED10 parts manual page 317, item 9",ACTIVE
PN-001046,C2A4M4649,Sandvik / EIMCO,Underground LHD,ED10,EXPLICIT,VERIFIED,"ED10 parts manual page 317, item 12",ACTIVE
PN-000089,103-04399,Sandvik / EIMCO,Underground LHD,ED10,EXPLICIT,VERIFIED,"ED10 parts manual page 319, item 1",ACTIVE
PN-000346,911-33018,Sandvik / EIMCO,Underground LHD,ED10,EXPLICIT,VERIFIED,"ED10 parts manual page 319, item 2",ACTIVE
PN-001839,LPA17,Sandvik / EIMCO,Underground LHD,ED10,EXPLICIT,VERIFIED,"ED10 parts manual page 319, item 4",ACTIVE
PN-001550,D17-814,Sandvik / EIMCO,Underground LHD,ED10,EXPLICIT,VERIFIED,"ED10 parts manual page 319, item 5",ACTIVE
PN-000373,A2U130-193340,Sandvik / EIMCO,Underground LHD,ED10,EXPLICIT,VERIFIED,"ED10 parts manual page 319, item 8",ACTIVE
PN-001854,S2724,Sandvik / EIMCO,Underground LHD,ED10,EXPLICIT,VERIFIED,"ED10 parts manual page 319, item 10",ACTIVE
PN-001873,T6GG28,Sandvik / EIMCO,Underground LHD,ED10,EXPLICIT,VERIFIED,"ED10 parts manual page 319, item 11",ACTIVE
PN-000041,A2U900-472061,Sandvik / EIMCO,Underground LHD,ED10,EXPLICIT,VERIFIED,ED10 hydraulic schematic explicitly labels A2U900-472061 as BRAKE ACC. GAUGE; historical LS190 PO/RFQs call it ACCUM BRAKE PRESSURE GAUGE / GAUGE PRESSURE BRAKE ACC.,ACTIVE
PN-000933,BD00005741,Sandvik / EIMCO,Underground LHD,LS190,EXPLICIT,VERIFIED,V2.2: 5 independent historical files; repeated description 'TRANSMISSION OIL TEMP GAUGE 0 120DEG C'; at least one PO explicitly requires fitment to Sandvik LS190.,ACTIVE
PN-000901,A2U936-594165,Sandvik / EIMCO,Underground LHD,ED10,EXPLICIT,VERIFIED,"山特维克ls190-20260806.xlsx, Sheet1, row 14; ED10 manual exact PN match found during V2.1 AI second-pass review.",ACTIVE
PN-000348,912-63008,Sandvik / EIMCO,Underground LHD,ED10,EXPLICIT,VERIFIED,"山特维克ls190-20260806.xlsx, Sheet1, row 16; SANDVIK LS 190-312 PARTS20260228.xlsx, Sheet1, row 157; ED10 manual exact PN match found during V2.1 AI second-pass review.",ACTIVE
PN-000012,AFP1009-3,Sandvik / EIMCO,Underground LHD,ED10,EXPLICIT,VERIFIED,"山特维克ls190-20260806.xlsx, Sheet1, row 23; SANDVIK LS 190-312 PARTS20260228.xlsx, Sheet1, row 25; SANDVIK LS190-B2285 SPARE PARTS LIST_Mining India_24.03.2026.xlsx, Sheet1, row 207; ED10 manual exact PN match found during V2.1 AI second-pass review.",ACTIVE
PN-000889,A2U921-694008,Sandvik / EIMCO,Underground LHD,ED10,EXPLICIT,VERIFIED,"山特维克ls190-20260806.xlsx, Sheet1, row 27; SANDVIK LS190-B2285 SPARE PARTS LIST_Mining India_24.03.2026.xlsx, Sheet1, row 265; ED10 manual exact PN match found during V2.1 AI second-pass review.",ACTIVE
PN-000042,BD00024890,Sandvik / EIMCO,Underground LHD,LS190,EXPLICIT,VERIFIED,V2.2: 4 independent historical files; repeated description 'AIR PRESSURE GUAGE'; at least one PO explicitly requires fitment to Sandvik LS190.,ACTIVE
PN-001012,BU00005478,Sandvik / EIMCO,Underground LHD,LS190,EXPLICIT,VERIFIED,V2.2: 4 independent historical files; repeated description 'TEST HOSE 1000LG'; at least one PO explicitly requires fitment to Sandvik LS190.,ACTIVE
PN-001013,BU00005521,Sandvik / EIMCO,Underground LHD,LS190,EXPLICIT,VERIFIED,V2.2: 3 independent historical files; repeated description 'TEST HOSE 1500LG'; at least one PO explicitly requires fitment to Sandvik LS190.,ACTIVE
PN-001015,BU00005523,Sandvik / EIMCO,Underground LHD,LS190,EXPLICIT,VERIFIED,V2.2: 3 independent historical files; repeated description 'TEST HOSE 2750LG'; at least one PO explicitly requires fitment to Sandvik LS190.,ACTIVE
PN-000014,AFP1007-12,Sandvik / EIMCO,Underground LHD,ED10,EXPLICIT,VERIFIED,"LS 190-PO.xlsx, Table1, row 16; LS_190_-REQUIREMENT20260107.xlsx, Sheet1, row 15; SANDVIK LS 190-312 PARTS20260228.xlsx, Sheet1, row 28; SANDVIK LS190-B2285 SPARE PARTS LIST_Mining India_24.03.2026.xlsx, Sheet1, row 114; SANDVIK LS190-B2285 SPARE PARTS LIST_Mining India_24.03.2026.xlsx, Sheet1, row 187; ED10 manual exact PN match found during V2.1 AI second-pass review.",ACTIVE
PN-000015,016-63028,Sandvik / EIMCO,Underground LHD,LS190,EXPLICIT,VERIFIED,V2.2: 3 independent historical files; repeated description 'HORN'; at least one PO explicitly requires fitment to Sandvik LS190.,ACTIVE
PN-000765,A2U900-490053,Sandvik / EIMCO,Underground LHD,LS190,EXPLICIT,VERIFIED,V2.2: 2 independent historical files; repeated description 'HEX SOC PHCS M6X1X12MM LG'; at least one PO explicitly requires fitment to Sandvik LS190.,ACTIVE
PN-001032,BU00016457,Sandvik / EIMCO,Underground LHD,LS190,EXPLICIT,VERIFIED,V2.2: 2 independent historical files; repeated description 'CONTROL VALVE PCL4'; at least one PO explicitly requires fitment to Sandvik LS190.,ACTIVE
PN-000964,BD00024891,Sandvik / EIMCO,Underground LHD,LS190,EXPLICIT,VERIFIED,V2.2: 3 independent historical files; repeated description 'BRAKE PRESSURE GAUGE'; at least one PO explicitly requires fitment to Sandvik LS190.,ACTIVE
PN-000052,A2U900-521064,Sandvik / EIMCO,Underground LHD,LS190,EXPLICIT,VERIFIED,V2.2: 4 independent historical files; repeated description 'HYDRAULIC MOTOR'; at least one PO explicitly requires fitment to Sandvik LS190.,ACTIVE
PN-000813,A2U900-596148,Sandvik / EIMCO,Underground LHD,LS190,EXPLICIT,VERIFIED,V2.2: 3 independent historical files; repeated description 'COUPLING FEMALE'; at least one PO explicitly requires fitment to Sandvik LS190.,ACTIVE
PN-000805,A2U900-594589,Sandvik / EIMCO,Underground LHD,ED10,EXPLICIT,VERIFIED,"LS_190_-REQUIREMENT20260107.xlsx, Sheet1, row 37; SANDVIK LS 190-312 PARTS20260228.xlsx, Sheet1, row 8; ED10 manual exact PN match found during V2.1 AI second-pass review.",ACTIVE
PN-000580,A2U220-267122,Sandvik / EIMCO,Underground LHD,ED10,EXPLICIT,VERIFIED,V2.2 resolved: uploaded ED10 manual radiator/fan drive assembly identifies A2U220-267122 as FAN SUCKER DIA 800 x 9 BLADE; independent AGA catalog and mining tenders also identify it as fan assembly/sucker fan.,ACTIVE
PN-000006,A2U900-694062,Sandvik / EIMCO,Underground LHD,ED10,EXPLICIT,VERIFIED,"SANDVIK LS 190-312 PARTS20260228.xlsx, Sheet1, row 14; SANDVIK LS190-B2285 SPARE PARTS LIST_Mining India_24.03.2026.xlsx, Sheet1, row 44; ED10 manual exact PN match found during V2.1 AI second-pass review.",ACTIVE
PN-000904,A2U936-694025,Sandvik / EIMCO,Underground LHD,ED10,EXPLICIT,VERIFIED,"SANDVIK LS 190-312 PARTS20260228.xlsx, Sheet1, row 18; SANDVIK LS190-B2285 SPARE PARTS LIST_Mining India_24.03.2026.xlsx, Sheet1, row 268; ED10 manual exact PN match found during V2.1 AI second-pass review.",ACTIVE
PN-000009,A2U936-694027,Sandvik / EIMCO,Underground LHD,ED10,EXPLICIT,VERIFIED,"SANDVIK LS 190-312 PARTS20260228.xlsx, Sheet1, row 22; ED10 manual exact PN match found during V2.1 AI second-pass review.",ACTIVE
PN-000010,A2U900-694059,Sandvik / EIMCO,Underground LHD,LS190,EXPLICIT,VERIFIED,V2.2: 3 independent historical files; repeated description 'PRESSURE REGULATOR ADJUSTABLE'; at least one PO explicitly requires fitment to Sandvik LS190.,ACTIVE
PN-000016,A2U913-651005,Sandvik / EIMCO,Underground LHD,,NOT_EXPLICIT,VERIFIED,"SANDVIK LS 190-312 PARTS20260228.xlsx, Sheet1, row 32",MODEL_PENDING
PN-000035,A2U130-694057,Sandvik / EIMCO,Underground LHD,ED10,EXPLICIT,VERIFIED,"ED10 pneumatic schematic places A2U130-694057 at COOLANT LOSS TEST; RFQ calls it 3 WAY BALL VALVE 1/4 NPT. These describe component type + circuit function, not a substantive contradiction.",ACTIVE
PN-000036,A2U913-694007,Sandvik / EIMCO,Underground LHD,ED10,EXPLICIT,VERIFIED,"SANDVIK LS 190-312 PARTS20260228.xlsx, Sheet1, row 77; SANDVIK LS190-B2285 SPARE PARTS LIST_Mining India_24.03.2026.xlsx, Sheet1, row 237; Purchase Order-Shanxi.xlsx, Sheet1, row 61; ED10 manual exact PN match found during V2.1 AI second-pass review.",ACTIVE
PN-000038,A2U220-193386,Sandvik / EIMCO,Underground LHD,,NOT_EXPLICIT,VERIFIED,"SANDVIK LS 190-312 PARTS20260228.xlsx, Sheet1, row 82",MODEL_PENDING
PN-000040,A2U900-472060,Sandvik / EIMCO,Underground LHD,,NOT_EXPLICIT,VERIFIED,"SANDVIK LS 190-312 PARTS20260228.xlsx, Sheet1, row 84; SANDVIK LS190-B2285 SPARE PARTS LIST_Mining India_24.03.2026.xlsx, Sheet1, row 200",MODEL_PENDING
PN-000045,A2U900-472057,Sandvik / EIMCO,Underground LHD,LS190,EXPLICIT,VERIFIED,"SANDVIK LS 190-312 PARTS20260228.xlsx, Sheet1, row 90; SANDVIK LS190-B2285 SPARE PARTS LIST_Mining India_24.03.2026.xlsx, Sheet1, row 150; Purchase Order-Shanxi.xlsx, Sheet1, row 62",ACTIVE
PN-000046,A2U900-472055,Sandvik / EIMCO,Underground LHD,,NOT_EXPLICIT,VERIFIED,"SANDVIK LS 190-312 PARTS20260228.xlsx, Sheet1, row 91; SANDVIK LS190-B2285 SPARE PARTS LIST_Mining India_24.03.2026.xlsx, Sheet1, row 199",MODEL_PENDING
PN-000051,A2U900-472047,Sandvik / EIMCO,Underground LHD,ED10,EXPLICIT,VERIFIED,"SANDVIK LS 190-312 PARTS20260228.xlsx, Sheet1, row 110; SANDVIK LS190-B2285 SPARE PARTS LIST_Mining India_24.03.2026.xlsx, Sheet1, row 113; Purchase Order-Shanxi.xlsx, Sheet1, row 24; ED10 manual exact PN match found during V2.1 AI second-pass review.",ACTIVE
PN-000054,A2U913-694052,Sandvik / EIMCO,Underground LHD,ED10,EXPLICIT,VERIFIED,"SANDVIK LS 190-312 PARTS20260228.xlsx, Sheet1, row 114; SANDVIK LS190-B2285 SPARE PARTS LIST_Mining India_24.03.2026.xlsx, Sheet1, row 463; SANDVIK LS190-B2285 SPARE PARTS LIST_Mining India_24.03.2026.xlsx, Sheet1, row 479; ED10 manual exact PN match found during V2.1 AI second-pass review.",ACTIVE
PN-001018,BU00008111,Sandvik / EIMCO,Underground LHD,LS190,EXPLICIT,VERIFIED,V2.2: 3 independent historical files; repeated description 'BREATHER 3 4 FILTERED'; at least one PO explicitly requires fitment to Sandvik LS190.,ACTIVE
PN-000063,A2U936-694048,Sandvik / EIMCO,Underground LHD,ED10,EXPLICIT,VERIFIED,"SANDVIK LS 190-312 PARTS20260228.xlsx, Sheet1, row 138; SANDVIK LS190-B2285 SPARE PARTS LIST_Mining India_24.03.2026.xlsx, Sheet1, row 46; ED10 manual exact PN match found during V2.1 AI second-pass review.",ACTIVE
PN-000351,918-2978402,Sandvik / EIMCO,Underground LHD,ED10,EXPLICIT,VERIFIED,"SANDVIK LS 190-312 PARTS20260228.xlsx, Sheet1, row 140; SANDVIK LS190-B2285 SPARE PARTS LIST_Mining India_24.03.2026.xlsx, Sheet1, row 112; SANDVIK LS190-B2285 SPARE PARTS LIST_Mining India_24.03.2026.xlsx, Sheet1, row 172; ED10 manual exact PN match found during V2.1 AI second-pass review.",ACTIVE
PN-000067,016-63012,Sandvik / EIMCO,Underground LHD,ED10,EXPLICIT,VERIFIED,"SANDVIK LS 190-312 PARTS20260228.xlsx, Sheet1, row 142; SANDVIK LS190-B2285 SPARE PARTS LIST_Mining India_24.03.2026.xlsx, Sheet1, row 466; ED10 manual exact PN match found during V2.1 AI second-pass review.",ACTIVE
PN-000788,A2U900-592080,Sandvik / EIMCO,Underground LHD,ED10,EXPLICIT,VERIFIED,"SANDVIK LS190-B2285 SPARE PARTS LIST_Mining India_24.03.2026.xlsx, Sheet1, row 37; Purchase Order-Shanxi.xlsx, Sheet1, row 15; ED10 manual exact PN match found during V2.1 AI second-pass review.",ACTIVE
PN-000832,A2U900-694095,Sandvik / EIMCO,Underground LHD,ED10,EXPLICIT,VERIFIED,"SANDVIK LS190-B2285 SPARE PARTS LIST_Mining India_24.03.2026.xlsx, Sheet1, row 45; ED10 manual exact PN match found during V2.1 AI second-pass review.",ACTIVE
PN-000775,A2U900-521049,Sandvik / EIMCO,Underground LHD,ED10,EXPLICIT,VERIFIED,"SANDVIK LS190-B2285 SPARE PARTS LIST_Mining India_24.03.2026.xlsx, Sheet1, row 89; ED10 manual exact PN match found during V2.1 AI second-pass review.",ACTIVE
PN-000984,BR00064923,Sandvik / EIMCO,Underground LHD,LS190,EXPLICIT,VERIFIED,V2.2: 2 independent historical files; repeated description '3 8 BSPP HYD BALL VALVE'; at least one PO explicitly requires fitment to Sandvik LS190.,ACTIVE
PN-000936,BD00005952,Sandvik / EIMCO,Underground LHD,LS190,EXPLICIT,VERIFIED,V2.2: 2 independent historical files; repeated description 'CLEVIS 2406417S'; at least one PO explicitly requires fitment to Sandvik LS190.,ACTIVE
PN-001034,BU00016861,Sandvik / EIMCO,Underground LHD,LS190,EXPLICIT,VERIFIED,V2.2: 2 independent historical files; repeated description 'FILTER SERVICE INDICATOR'; at least one PO explicitly requires fitment to Sandvik LS190.,ACTIVE
PN-000885,A2U913-694056,Sandvik / EIMCO,Underground LHD,ED10,EXPLICIT,VERIFIED,"SANDVIK LS190-B2285 SPARE PARTS LIST_Mining India_24.03.2026.xlsx, Sheet1, row 267; ED10 manual exact PN match found during V2.1 AI second-pass review.",ACTIVE
PN-000265,4699377,Sandvik / EIMCO,Underground LHD,LS190,EXPLICIT,VERIFIED,V2.2: 2 independent historical files; repeated description 'O RING'; at least one PO explicitly requires fitment to Sandvik LS190.,ACTIVE
PN-000233,4697280,Sandvik / EIMCO,Underground LHD,LS190,EXPLICIT,VERIFIED,V2.2: 2 independent historical files; repeated description 'O RING'; at least one PO explicitly requires fitment to Sandvik LS190.,ACTIVE
PN-000308,56006630,Sandvik / EIMCO,Underground LHD,LS190,EXPLICIT,VERIFIED,V2.2: 2 independent historical files; repeated description 'DISC FRICTION'; at least one PO explicitly requires fitment to Sandvik LS190.,ACTIVE
PN-000306,55025218,Sandvik / EIMCO,Underground LHD,LS190,EXPLICIT,VERIFIED,V2.2: 2 independent historical files; repeated description 'RING BACKING'; at least one PO explicitly requires fitment to Sandvik LS190.,ACTIVE
PN-000675,A2U220-694096,Sandvik / EIMCO,Underground LHD,ED10,EXPLICIT,VERIFIED,"SANDVIK LS190-B2285 SPARE PARTS LIST_Mining India_24.03.2026.xlsx, Sheet1, row 482; ED10 manual exact PN match found during V2.1 AI second-pass review.",ACTIVE
PN-000796,A2U900-594356,Sandvik / EIMCO,Underground LHD,ED10,EXPLICIT,VERIFIED,"SANDVIK LS190-B2285 SPARE PARTS LIST_Mining India_24.03.2026.xlsx, Sheet1, row 490; ED10 manual exact PN match found during V2.1 AI second-pass review.",ACTIVE
