pn_id,part_number,slug,brand,equipment,confirmed_models,category,description,original_description_en,original_description_cn,model_evidence,verification,confidence,evidence_summary,source_files,page_h1,seo_title,meta_description,canonical_path,cta_text,rfq_path,import_status,last_verified_date
PN-000508,A2U220-211044,a2u220-211044,Sandvik / EIMCO,Underground LHD,ED10,Engine,改进型发动机，CAT3126A,,改进型发动机，CAT3126A,EXPLICIT,VERIFIED,HIGH,"ED10 parts manual page 5, item 1",伊泰LS190-ED10配件手册.pdf,A2U220-211044 — 改进型发动机，CAT3126A,A2U220-211044 改进型发动机，CAT3126A | ED10 Spare Part,Verified part number A2U220-211044: 改进型发动机，CAT3126A for ED10. Check equipment compatibility and submit an RFQ to qualified mining spare parts suppliers on ,/part-number/a2u220-211044,Request Quote,/rfq/new?partNumber=A2U220-211044,PUBLISHED_READY,2026-09-18
PN-000512,A2U220-213059,a2u220-213059,Sandvik / EIMCO,Underground LHD,ED10,Engine,发动机安装，驾驶员一侧后面,,发动机安装，驾驶员一侧后面,EXPLICIT,VERIFIED,HIGH,"ED10 parts manual page 5, item 2",伊泰LS190-ED10配件手册.pdf,A2U220-213059 — 发动机安装，驾驶员一侧后面,A2U220-213059 发动机安装，驾驶员一侧后面 | ED10 Spare Part,Verified part number A2U220-213059: 发动机安装，驾驶员一侧后面 for ED10. Check equipment compatibility and submit an RFQ to qualified mining spare parts suppliers on Ku,/part-number/a2u220-213059,Request Quote,/rfq/new?partNumber=A2U220-213059,PUBLISHED_READY,2026-09-18
PN-000513,A2U220-213060,a2u220-213060,Sandvik / EIMCO,Underground LHD,ED10,Engine,发动机安装，驾驶员另一侧后面,,发动机安装，驾驶员另一侧后面,EXPLICIT,VERIFIED,HIGH,"ED10 parts manual page 5, item 3",伊泰LS190-ED10配件手册.pdf,A2U220-213060 — 发动机安装，驾驶员另一侧后面,A2U220-213060 发动机安装，驾驶员另一侧后面 | ED10 Spare Part,Verified part number A2U220-213060: 发动机安装，驾驶员另一侧后面 for ED10. Check equipment compatibility and submit an RFQ to qualified mining spare parts suppliers on K,/part-number/a2u220-213060,Request Quote,/rfq/new?partNumber=A2U220-213060,PUBLISHED_READY,2026-09-18
PN-000514,A2U220-213061,a2u220-213061,Sandvik / EIMCO,Underground LHD,ED10,Engine,发动机安装，驾驶员一侧前面,,发动机安装，驾驶员一侧前面,EXPLICIT,VERIFIED,HIGH,"ED10 parts manual page 5, item 4",伊泰LS190-ED10配件手册.pdf,A2U220-213061 — 发动机安装，驾驶员一侧前面,A2U220-213061 发动机安装，驾驶员一侧前面 | ED10 Spare Part,Verified part number A2U220-213061: 发动机安装，驾驶员一侧前面 for ED10. Check equipment compatibility and submit an RFQ to qualified mining spare parts suppliers on Ku,/part-number/a2u220-213061,Request Quote,/rfq/new?partNumber=A2U220-213061,PUBLISHED_READY,2026-09-18
PN-000515,A2U220-213062,a2u220-213062,Sandvik / EIMCO,Underground LHD,ED10,Engine,发动机安装，驾驶员另一侧前面,,发动机安装，驾驶员另一侧前面,EXPLICIT,VERIFIED,HIGH,"ED10 parts manual page 5, item 5",伊泰LS190-ED10配件手册.pdf,A2U220-213062 — 发动机安装，驾驶员另一侧前面,A2U220-213062 发动机安装，驾驶员另一侧前面 | ED10 Spare Part,Verified part number A2U220-213062: 发动机安装，驾驶员另一侧前面 for ED10. Check equipment compatibility and submit an RFQ to qualified mining spare parts suppliers on K,/part-number/a2u220-213062,Request Quote,/rfq/new?partNumber=A2U220-213062,PUBLISHED_READY,2026-09-18
PN-000138,445210937,445210937,Sandvik / EIMCO,Underground LHD,ED10,Fastener,六角螺钉,,六角螺钉,EXPLICIT,VERIFIED,HIGH,"ED10 parts manual page 5, item 6",伊泰LS190-ED10配件手册.pdf,445210937 — 六角螺钉,445210937 六角螺钉 | ED10 Spare Part,Verified part number 445210937: 六角螺钉 for ED10. Check equipment compatibility and submit an RFQ to qualified mining spare parts suppliers on KuangpeiYun.,/part-number/445210937,Request Quote,/rfq/new?partNumber=445210937,PUBLISHED_READY,2026-09-18
PN-000091,106-03455,106-03455,Sandvik / EIMCO,Underground LHD,"ED10, LS190",Engine,"ENGINE MOUNTING, CENTRE BONDED","ENGINE MOUNTING, CENTRE BONDED | ENGINE MOUNTING, CENTREBONDED -",安装，中央粘结,EXPLICIT,VERIFIED,HIGH,"ED10 parts manual page 5, item 9; SANDVIK LS190-B2285 SPARE PARTS LIST_Mining India_24.03.2026.xlsx, Sheet1, row 3; Purchase Order-Shanxi.xlsx, Sheet1, row 10",Purchase Order-Shanxi.xlsx | SANDVIK LS190-B2285 SPARE PARTS LIST_Mining India_24.03.2026.xlsx | 伊泰LS190-ED10配件手册.pdf,"106-03455 — ENGINE MOUNTING, CENTRE BONDED","106-03455 ENGINE MOUNTING, CENTRE BONDED | ED10, LS190 Spare","Verified part number 106-03455: ENGINE MOUNTING, CENTRE BONDED for ED10, LS190. Check equipment compatibility and submit an RFQ to qualified mining spare p",/part-number/106-03455,Request Quote,/rfq/new?partNumber=106-03455,PUBLISHED_READY,2026-09-18
PN-000332,65083507,65083507,Sandvik / EIMCO,Underground LHD,ED10,Fastener,垫圈，安装,,垫圈，安装,EXPLICIT,VERIFIED,HIGH,"ED10 parts manual page 5, item 10",伊泰LS190-ED10配件手册.pdf,65083507 — 垫圈，安装,65083507 垫圈，安装 | ED10 Spare Part,Verified part number 65083507: 垫圈，安装 for ED10. Check equipment compatibility and submit an RFQ to qualified mining spare parts suppliers on KuangpeiYun.,/part-number/65083507,Request Quote,/rfq/new?partNumber=65083507,PUBLISHED_READY,2026-09-18
PN-000122,255305,255305,Sandvik / EIMCO,Underground LHD,ED10,Structure,安装，后部,,安装，后部,EXPLICIT,VERIFIED,HIGH,"ED10 parts manual page 5, item 12",伊泰LS190-ED10配件手册.pdf,255305 — 安装，后部,255305 安装，后部 | ED10 Spare Part,Verified part number 255305: 安装，后部 for ED10. Check equipment compatibility and submit an RFQ to qualified mining spare parts suppliers on KuangpeiYun.,/part-number/255305,Request Quote,/rfq/new?partNumber=255305,PUBLISHED_READY,2026-09-18
PN-000516,A2U220-213063,a2u220-213063,Sandvik / EIMCO,Underground LHD,ED10,Structure,安装，前面,,安装，前面,EXPLICIT,VERIFIED,HIGH,"ED10 parts manual page 5, item 13",伊泰LS190-ED10配件手册.pdf,A2U220-213063 — 安装，前面,A2U220-213063 安装，前面 | ED10 Spare Part,Verified part number A2U220-213063: 安装，前面 for ED10. Check equipment compatibility and submit an RFQ to qualified mining spare parts suppliers on KuangpeiYu,/part-number/a2u220-213063,Request Quote,/rfq/new?partNumber=A2U220-213063,PUBLISHED_READY,2026-09-18
PN-000179,445502937,445502937,Sandvik / EIMCO,Underground LHD,ED10,Fastener,六角头螺栓,,六角头螺栓,EXPLICIT,VERIFIED,HIGH,"ED10 parts manual page 5, item 17; ED10 parts manual page 176, item 12",伊泰LS190-ED10配件手册.pdf,445502937 — 六角头螺栓,445502937 六角头螺栓 | ED10 Spare Part,Verified part number 445502937: 六角头螺栓 for ED10. Check equipment compatibility and submit an RFQ to qualified mining spare parts suppliers on KuangpeiYun.,/part-number/445502937,Request Quote,/rfq/new?partNumber=445502937,PUBLISHED_READY,2026-09-18
PN-000148,445402939,445402939,Sandvik / EIMCO,Underground LHD,ED10,Fastener,六角头螺栓,,六角头螺栓,EXPLICIT,VERIFIED,HIGH,"ED10 parts manual page 5, item 18",伊泰LS190-ED10配件手册.pdf,445402939 — 六角头螺栓,445402939 六角头螺栓 | ED10 Spare Part,Verified part number 445402939: 六角头螺栓 for ED10. Check equipment compatibility and submit an RFQ to qualified mining spare parts suppliers on KuangpeiYun.,/part-number/445402939,Request Quote,/rfq/new?partNumber=445402939,PUBLISHED_READY,2026-09-18
PN-000172,445502843,445502843,Sandvik / EIMCO,Underground LHD,ED10,Fastener,六角头螺栓,,六角头螺栓,EXPLICIT,VERIFIED,HIGH,"ED10 parts manual page 5, item 19; ED10 parts manual page 49, item 30; ED10 parts manual page 173, item 21; ED10 parts manual page 176, item 30; ED10 parts manual page 183, item 28; ED10 parts manual page 230, item 1; ED10 parts manual page 235, item 1; ED10 parts manual page 254, item 1; ED10 parts manual page 275, item 7; ED10 parts manual page 317, item 5",伊泰LS190-ED10配件手册.pdf,445502843 — 六角头螺栓,445502843 六角头螺栓 | ED10 Spare Part,Verified part number 445502843: 六角头螺栓 for ED10. Check equipment compatibility and submit an RFQ to qualified mining spare parts suppliers on KuangpeiYun.,/part-number/445502843,Request Quote,/rfq/new?partNumber=445502843,PUBLISHED_READY,2026-09-18
PN-000526,A2U220-241041,a2u220-241041,Sandvik / EIMCO,Underground LHD,ED10,Other,后冷器/阻火器腔室,,后冷器/阻火器腔室 | A/C/改进型阻火器,EXPLICIT,VERIFIED,HIGH,"ED10 parts manual page 8, item 1; ED10 parts manual page 69, item 1",伊泰LS190-ED10配件手册.pdf,A2U220-241041 — 后冷器/阻火器腔室,A2U220-241041 后冷器/阻火器腔室 | ED10 Spare Part,Verified part number A2U220-241041: 后冷器/阻火器腔室 for ED10. Check equipment compatibility and submit an RFQ to qualified mining spare parts suppliers on Kuangp,/part-number/a2u220-241041,Request Quote,/rfq/new?partNumber=A2U220-241041,PUBLISHED_READY,2026-09-18
PN-000527,A2U220-241042,a2u220-241042,Sandvik / EIMCO,Underground LHD,ED10,Other,进口阻火器罩,,进口阻火器罩 | 进口/阻火器罩,EXPLICIT,VERIFIED,HIGH,"ED10 parts manual page 8, item 2; ED10 parts manual page 35, item 22; ED10 parts manual page 69, item 2",伊泰LS190-ED10配件手册.pdf,A2U220-241042 — 进口阻火器罩,A2U220-241042 进口阻火器罩 | ED10 Spare Part,Verified part number A2U220-241042: 进口阻火器罩 for ED10. Check equipment compatibility and submit an RFQ to qualified mining spare parts suppliers on KuangpeiY,/part-number/a2u220-241042,Request Quote,/rfq/new?partNumber=A2U220-241042,PUBLISHED_READY,2026-09-18
PN-001042,C2A1R0716,c2a1r0716,Sandvik / EIMCO,Underground LHD,ED10,Filter,油过滤器,,油过滤器,EXPLICIT,VERIFIED,HIGH,"ED10 parts manual page 8, item 3",伊泰LS190-ED10配件手册.pdf,C2A1R0716 — 油过滤器,C2A1R0716 油过滤器 | ED10 Spare Part,Verified part number C2A1R0716: 油过滤器 for ED10. Check equipment compatibility and submit an RFQ to qualified mining spare parts suppliers on KuangpeiYun.,/part-number/c2a1r0716,Request Quote,/rfq/new?partNumber=C2A1R0716,PUBLISHED_READY,2026-09-18
PN-000673,A2U220-670033,a2u220-670033,Sandvik / EIMCO,Underground LHD,ED10,Other,空气启动装置组,,空气启动装置组,EXPLICIT,VERIFIED,HIGH,"ED10 parts manual page 8, item 4",伊泰LS190-ED10配件手册.pdf,A2U220-670033 — 空气启动装置组,A2U220-670033 空气启动装置组 | ED10 Spare Part,Verified part number A2U220-670033: 空气启动装置组 for ED10. Check equipment compatibility and submit an RFQ to qualified mining spare parts suppliers on Kuangpei,/part-number/a2u220-670033,Request Quote,/rfq/new?partNumber=A2U220-670033,PUBLISHED_READY,2026-09-18
PN-000511,A2U220-212010,a2u220-212010,Sandvik / EIMCO,Underground LHD,ED10,Seal/Gasket,改进垫片,,改进垫片 | 垫片，改进,EXPLICIT,VERIFIED,HIGH,"ED10 parts manual page 8, item 5; ED10 parts manual page 114, item 4",伊泰LS190-ED10配件手册.pdf,A2U220-212010 — 改进垫片,A2U220-212010 改进垫片 | ED10 Spare Part,Verified part number A2U220-212010: 改进垫片 for ED10. Check equipment compatibility and submit an RFQ to qualified mining spare parts suppliers on KuangpeiYun,/part-number/a2u220-212010,Request Quote,/rfq/new?partNumber=A2U220-212010,PUBLISHED_READY,2026-09-18
PN-000672,A2U220-610011,a2u220-610011,Sandvik / EIMCO,Underground LHD,ED10,Other,空气压缩机组,,空气压缩机组,EXPLICIT,VERIFIED,HIGH,"ED10 parts manual page 8, item 6",伊泰LS190-ED10配件手册.pdf,A2U220-610011 — 空气压缩机组,A2U220-610011 空气压缩机组 | ED10 Spare Part,Verified part number A2U220-610011: 空气压缩机组 for ED10. Check equipment compatibility and submit an RFQ to qualified mining spare parts suppliers on KuangpeiY,/part-number/a2u220-610011,Request Quote,/rfq/new?partNumber=A2U220-610011,PUBLISHED_READY,2026-09-18
PN-000631,A2U220-510038,a2u220-510038,Sandvik / EIMCO,Underground LHD,ED10,Hydraulic,泵及安装组,,泵及安装组,EXPLICIT,VERIFIED,HIGH,"ED10 parts manual page 8, item 7",伊泰LS190-ED10配件手册.pdf,A2U220-510038 — 泵及安装组,A2U220-510038 泵及安装组 | ED10 Spare Part,Verified part number A2U220-510038: 泵及安装组 for ED10. Check equipment compatibility and submit an RFQ to qualified mining spare parts suppliers on KuangpeiYu,/part-number/a2u220-510038,Request Quote,/rfq/new?partNumber=A2U220-510038,PUBLISHED_READY,2026-09-18
PN-001051,C2A5P8245,c2a5p8245,Sandvik / EIMCO,Underground LHD,ED10,Fastener,平垫圈,,平垫圈,EXPLICIT,VERIFIED,HIGH,"ED10 parts manual page 8, item 8",伊泰LS190-ED10配件手册.pdf,C2A5P8245 — 平垫圈,C2A5P8245 平垫圈 | ED10 Spare Part,Verified part number C2A5P8245: 平垫圈 for ED10. Check equipment compatibility and submit an RFQ to qualified mining spare parts suppliers on KuangpeiYun.,/part-number/c2a5p8245,Request Quote,/rfq/new?partNumber=C2A5P8245,PUBLISHED_READY,2026-09-18
PN-000911,AFP1008-20,afp1008-20,Sandvik / EIMCO,Underground LHD,ED10,Electrical,托架，油压力表,,托架，油压力表,EXPLICIT,VERIFIED,HIGH,"ED10 parts manual page 8, item 9",伊泰LS190-ED10配件手册.pdf,AFP1008-20 — 托架，油压力表,AFP1008-20 托架，油压力表 | ED10 Spare Part,Verified part number AFP1008-20: 托架，油压力表 for ED10. Check equipment compatibility and submit an RFQ to qualified mining spare parts suppliers on KuangpeiYun,/part-number/afp1008-20,Request Quote,/rfq/new?partNumber=AFP1008-20,PUBLISHED_READY,2026-09-18
PN-000591,A2U220-294004,a2u220-294004,Sandvik / EIMCO,Underground LHD,ED10,Structure,油管路安装,,油管路安装,EXPLICIT,VERIFIED,HIGH,"ED10 parts manual page 8, item 10",伊泰LS190-ED10配件手册.pdf,A2U220-294004 — 油管路安装,A2U220-294004 油管路安装 | ED10 Spare Part,Verified part number A2U220-294004: 油管路安装 for ED10. Check equipment compatibility and submit an RFQ to qualified mining spare parts suppliers on KuangpeiYu,/part-number/a2u220-294004,Request Quote,/rfq/new?partNumber=A2U220-294004,PUBLISHED_READY,2026-09-18
PN-001760,D71-121212,d71-121212,Sandvik / EIMCO,Underground LHD,ED10,Other,三通,,三通,EXPLICIT,VERIFIED,HIGH,"ED10 parts manual page 8, item 11",伊泰LS190-ED10配件手册.pdf,D71-121212 — 三通,D71-121212 三通 | ED10 Spare Part,Verified part number D71-121212: 三通 for ED10. Check equipment compatibility and submit an RFQ to qualified mining spare parts suppliers on KuangpeiYun.,/part-number/d71-121212,Request Quote,/rfq/new?partNumber=D71-121212,PUBLISHED_READY,2026-09-18
PN-000869,A2U913-472011,a2u913-472011,Sandvik / EIMCO,Underground LHD,ED10,Electrical,压力表,,压力表,EXPLICIT,VERIFIED,HIGH,"ED10 parts manual page 8, item 12",伊泰LS190-ED10配件手册.pdf,A2U913-472011 — 压力表,A2U913-472011 压力表 | ED10 Spare Part,Verified part number A2U913-472011: 压力表 for ED10. Check equipment compatibility and submit an RFQ to qualified mining spare parts suppliers on KuangpeiYun.,/part-number/a2u913-472011,Request Quote,/rfq/new?partNumber=A2U913-472011,PUBLISHED_READY,2026-09-18
PN-001061,C2A7X3344,c2a7x3344,Sandvik / EIMCO,Underground LHD,ED10,Fastener,六角头螺栓,,六角头螺栓,EXPLICIT,VERIFIED,HIGH,"ED10 parts manual page 8, item 13",伊泰LS190-ED10配件手册.pdf,C2A7X3344 — 六角头螺栓,C2A7X3344 六角头螺栓 | ED10 Spare Part,Verified part number C2A7X3344: 六角头螺栓 for ED10. Check equipment compatibility and submit an RFQ to qualified mining spare parts suppliers on KuangpeiYun.,/part-number/c2a7x3344,Request Quote,/rfq/new?partNumber=C2A7X3344,PUBLISHED_READY,2026-09-18
PN-001717,D53-1212,d53-1212,Sandvik / EIMCO,Underground LHD,ED10,Hose/Fitting,弯头,,弯头,EXPLICIT,VERIFIED,HIGH,"ED10 parts manual page 8, item 14; ED10 parts manual page 214, item 18; ED10 parts manual page 218, item 10; ED10 parts manual page 237, item 22; ED10 parts manual page 243, item 7; ED10 parts manual page 251, item 37; ED10 parts manual page 285, item 9",伊泰LS190-ED10配件手册.pdf,D53-1212 — 弯头,D53-1212 弯头 | ED10 Spare Part,Verified part number D53-1212: 弯头 for ED10. Check equipment compatibility and submit an RFQ to qualified mining spare parts suppliers on KuangpeiYun.,/part-number/d53-1212,Request Quote,/rfq/new?partNumber=D53-1212,PUBLISHED_READY,2026-09-18
PN-001589,D2900-12-110-17,d2900-12-110-17,Sandvik / EIMCO,Underground LHD,ED10,Hydraulic,液压软管,,液压软管,EXPLICIT,VERIFIED,HIGH,"ED10 parts manual page 8, item 15",伊泰LS190-ED10配件手册.pdf,D2900-12-110-17 — 液压软管,D2900-12-110-17 液压软管 | ED10 Spare Part,Verified part number D2900-12-110-17: 液压软管 for ED10. Check equipment compatibility and submit an RFQ to qualified mining spare parts suppliers on KuangpeiY,/part-number/d2900-12-110-17,Request Quote,/rfq/new?partNumber=D2900-12-110-17,PUBLISHED_READY,2026-09-18
PN-001763,D74-121717,d74-121717,Sandvik / EIMCO,Underground LHD,ED10,Other,三通,,三通,EXPLICIT,VERIFIED,HIGH,"ED10 parts manual page 8, item 16",伊泰LS190-ED10配件手册.pdf,D74-121717 — 三通,D74-121717 三通 | ED10 Spare Part,Verified part number D74-121717: 三通 for ED10. Check equipment compatibility and submit an RFQ to qualified mining spare parts suppliers on KuangpeiYun.,/part-number/d74-121717,Request Quote,/rfq/new?partNumber=D74-121717,PUBLISHED_READY,2026-09-18
PN-001758,D67-2,d67-2,Sandvik / EIMCO,Underground LHD,ED10,Other,插座,,插座,EXPLICIT,VERIFIED,HIGH,"ED10 parts manual page 8, item 17",伊泰LS190-ED10配件手册.pdf,D67-2 — 插座,D67-2 插座 | ED10 Spare Part,Verified part number D67-2: 插座 for ED10. Check equipment compatibility and submit an RFQ to qualified mining spare parts suppliers on KuangpeiYun.,/part-number/d67-2,Request Quote,/rfq/new?partNumber=D67-2,PUBLISHED_READY,2026-09-18
PN-000587,A2U220-291247,a2u220-291247,Sandvik / EIMCO,Underground LHD,ED10,Engine,托架，添加发动机油,,托架，添加发动机油,EXPLICIT,VERIFIED,HIGH,"ED10 parts manual page 8, item 18",伊泰LS190-ED10配件手册.pdf,A2U220-291247 — 托架，添加发动机油,A2U220-291247 托架，添加发动机油 | ED10 Spare Part,Verified part number A2U220-291247: 托架，添加发动机油 for ED10. Check equipment compatibility and submit an RFQ to qualified mining spare parts suppliers on Kuangp,/part-number/a2u220-291247,Request Quote,/rfq/new?partNumber=A2U220-291247,PUBLISHED_READY,2026-09-18
PN-000586,A2U220-291243,a2u220-291243,Sandvik / EIMCO,Underground LHD,ED10,Structure,托架，快速加油,,托架，快速加油,EXPLICIT,VERIFIED,HIGH,"ED10 parts manual page 8, item 19",伊泰LS190-ED10配件手册.pdf,A2U220-291243 — 托架，快速加油,A2U220-291243 托架，快速加油 | ED10 Spare Part,Verified part number A2U220-291243: 托架，快速加油 for ED10. Check equipment compatibility and submit an RFQ to qualified mining spare parts suppliers on Kuangpei,/part-number/a2u220-291243,Request Quote,/rfq/new?partNumber=A2U220-291243,PUBLISHED_READY,2026-09-18
PN-001048,C2A4W-7594,c2a4w-7594,Sandvik / EIMCO,Underground LHD,ED10,Other,套管,,套管,EXPLICIT,VERIFIED,HIGH,"ED10 parts manual page 8, item 20",伊泰LS190-ED10配件手册.pdf,C2A4W-7594 — 套管,C2A4W-7594 套管 | ED10 Spare Part,Verified part number C2A4W-7594: 套管 for ED10. Check equipment compatibility and submit an RFQ to qualified mining spare parts suppliers on KuangpeiYun.,/part-number/c2a4w-7594,Request Quote,/rfq/new?partNumber=C2A4W-7594,PUBLISHED_READY,2026-09-18
PN-001066,C2A9Y9274,c2a9y9274,Sandvik / EIMCO,Underground LHD,ED10,Other,飞轮,,飞轮,EXPLICIT,VERIFIED,HIGH,"ED10 parts manual page 8, item 21",伊泰LS190-ED10配件手册.pdf,C2A9Y9274 — 飞轮,C2A9Y9274 飞轮 | ED10 Spare Part,Verified part number C2A9Y9274: 飞轮 for ED10. Check equipment compatibility and submit an RFQ to qualified mining spare parts suppliers on KuangpeiYun.,/part-number/c2a9y9274,Request Quote,/rfq/new?partNumber=C2A9Y9274,PUBLISHED_READY,2026-09-18
PN-001749,D605-74,d605-74,Sandvik / EIMCO,Underground LHD,ED10,Hose/Fitting,软管安装，推进,,软管安装，推进,EXPLICIT,VERIFIED,HIGH,"ED10 parts manual page 8, item 22; ED10 parts manual page 35, item 13",伊泰LS190-ED10配件手册.pdf,D605-74 — 软管安装，推进,D605-74 软管安装，推进 | ED10 Spare Part,Verified part number D605-74: 软管安装，推进 for ED10. Check equipment compatibility and submit an RFQ to qualified mining spare parts suppliers on KuangpeiYun.,/part-number/d605-74,Request Quote,/rfq/new?partNumber=D605-74,PUBLISHED_READY,2026-09-18
PN-001043,C2A1R0751,c2a1r0751,Sandvik / EIMCO,Underground LHD,ED10,Engine,燃油过滤器，辅助,,燃油过滤器，辅助,EXPLICIT,VERIFIED,HIGH,"ED10 parts manual page 8, item 23",伊泰LS190-ED10配件手册.pdf,C2A1R0751 — 燃油过滤器，辅助,C2A1R0751 燃油过滤器，辅助 | ED10 Spare Part,Verified part number C2A1R0751: 燃油过滤器，辅助 for ED10. Check equipment compatibility and submit an RFQ to qualified mining spare parts suppliers on KuangpeiYun,/part-number/c2a1r0751,Request Quote,/rfq/new?partNumber=C2A1R0751,PUBLISHED_READY,2026-09-18
PN-000590,A2U220-294003,a2u220-294003,Sandvik / EIMCO,Underground LHD,ED10,Other,RESTRICTOR OIL SAFETY CIRCUIT,RESTRICTOR OIL SAFETY CIRCUIT | RESTRICTOR,节气门,EXPLICIT,VERIFIED,HIGH,"ED10 parts manual page 8, item 24; SANDVIK LS 190-312 PARTS20260228.xlsx, Sheet1, row 79; SANDVIK LS190-B2285 SPARE PARTS LIST_Mining India_24.03.2026.xlsx, Sheet1, row 238",SANDVIK LS 190-312 PARTS20260228.xlsx | SANDVIK LS190-B2285 SPARE PARTS LIST_Mining India_24.03.2026.xlsx | 伊泰LS190-ED10配件手册.pdf,A2U220-294003 — RESTRICTOR OIL SAFETY CIRCUIT,A2U220-294003 RESTRICTOR OIL SAFETY CIRCUIT | ED10 Spare Par,Verified part number A2U220-294003: RESTRICTOR OIL SAFETY CIRCUIT for ED10. Check equipment compatibility and submit an RFQ to qualified mining spare parts,/part-number/a2u220-294003,Request Quote,/rfq/new?partNumber=A2U220-294003,PUBLISHED_READY,2026-09-18
PN-001516,D15-0207,d15-0207,Sandvik / EIMCO,Underground LHD,ED10,Hose/Fitting,接头,,接头,EXPLICIT,VERIFIED,HIGH,"ED10 parts manual page 8, item 25; ED10 parts manual page 57, item 13; ED10 parts manual page 203, item 8; ED10 parts manual page 214, item 13",伊泰LS190-ED10配件手册.pdf,D15-0207 — 接头,D15-0207 接头 | ED10 Spare Part,Verified part number D15-0207: 接头 for ED10. Check equipment compatibility and submit an RFQ to qualified mining spare parts suppliers on KuangpeiYun.,/part-number/d15-0207,Request Quote,/rfq/new?partNumber=D15-0207,PUBLISHED_READY,2026-09-18
PN-001546,D17-47,d17-47,Sandvik / EIMCO,Underground LHD,ED10,Hose/Fitting,弯头,,弯头 | 90度弯头 | 90 度弯头,EXPLICIT,VERIFIED,HIGH,"ED10 parts manual page 8, item 26; ED10 parts manual page 24, item 15; ED10 parts manual page 35, item 19; ED10 parts manual page 77, item 2; ED10 parts manual page 203, item 1; ED10 parts manual page 237, item 8; ED10 parts manual page 294, item 12",伊泰LS190-ED10配件手册.pdf,D17-47 — 弯头,D17-47 弯头 | ED10 Spare Part,Verified part number D17-47: 弯头 for ED10. Check equipment compatibility and submit an RFQ to qualified mining spare parts suppliers on KuangpeiYun.,/part-number/d17-47,Request Quote,/rfq/new?partNumber=D17-47,PUBLISHED_READY,2026-09-18
PN-001741,D60-4,d60-4,Sandvik / EIMCO,Underground LHD,ED10,Other,塞子,,塞子,EXPLICIT,VERIFIED,HIGH,"ED10 parts manual page 8, item 27; ED10 parts manual page 35, item 40",伊泰LS190-ED10配件手册.pdf,D60-4 — 塞子,D60-4 塞子 | ED10 Spare Part,Verified part number D60-4: 塞子 for ED10. Check equipment compatibility and submit an RFQ to qualified mining spare parts suppliers on KuangpeiYun.,/part-number/d60-4,Request Quote,/rfq/new?partNumber=D60-4,PUBLISHED_READY,2026-09-18
PN-001047,C2A4P5153,c2a4p5153,Sandvik / EIMCO,Underground LHD,ED10,Other,塞子,,塞子,EXPLICIT,VERIFIED,HIGH,"ED10 parts manual page 8, item 28",伊泰LS190-ED10配件手册.pdf,C2A4P5153 — 塞子,C2A4P5153 塞子 | ED10 Spare Part,Verified part number C2A4P5153: 塞子 for ED10. Check equipment compatibility and submit an RFQ to qualified mining spare parts suppliers on KuangpeiYun.,/part-number/c2a4p5153,Request Quote,/rfq/new?partNumber=C2A4P5153,PUBLISHED_READY,2026-09-18
PN-001520,D15-1217,d15-1217,Sandvik / EIMCO,Underground LHD,ED10,Hose/Fitting,接头,,接头,EXPLICIT,VERIFIED,HIGH,"ED10 parts manual page 8, item 29; ED10 parts manual page 251, item 24",伊泰LS190-ED10配件手册.pdf,D15-1217 — 接头,D15-1217 接头 | ED10 Spare Part,Verified part number D15-1217: 接头 for ED10. Check equipment compatibility and submit an RFQ to qualified mining spare parts suppliers on KuangpeiYun.,/part-number/d15-1217,Request Quote,/rfq/new?partNumber=D15-1217,PUBLISHED_READY,2026-09-18
PN-000622,A2U220-472051,a2u220-472051,Sandvik / EIMCO,Underground LHD,"ED10, LS190",Engine,"GAUGE, FUEL PRESSURE","GAUGE, FUEL PRESSURE | FUEL GAUGE 0-600KPA -",燃油压力表,EXPLICIT,VERIFIED,HIGH,"ED10 parts manual page 8, item 30; SANDVIK LS190-B2285 SPARE PARTS LIST_Mining India_24.03.2026.xlsx, Sheet1, row 149; Purchase Order-Shanxi.xlsx, Sheet1, row 28",Purchase Order-Shanxi.xlsx | SANDVIK LS190-B2285 SPARE PARTS LIST_Mining India_24.03.2026.xlsx | 伊泰LS190-ED10配件手册.pdf,"A2U220-472051 — GAUGE, FUEL PRESSURE","A2U220-472051 GAUGE, FUEL PRESSURE | ED10, LS190 Spare Part","Verified part number A2U220-472051: GAUGE, FUEL PRESSURE for ED10, LS190. Check equipment compatibility and submit an RFQ to qualified mining spare parts s",/part-number/a2u220-472051,Request Quote,/rfq/new?partNumber=A2U220-472051,PUBLISHED_READY,2026-09-18
PN-001665,D38-44,d38-44,Sandvik / EIMCO,Underground LHD,ED10,Hose/Fitting,弯头,,弯头,EXPLICIT,VERIFIED,HIGH,"ED10 parts manual page 8, item 31",伊泰LS190-ED10配件手册.pdf,D38-44 — 弯头,D38-44 弯头 | ED10 Spare Part,Verified part number D38-44: 弯头 for ED10. Check equipment compatibility and submit an RFQ to qualified mining spare parts suppliers on KuangpeiYun.,/part-number/d38-44,Request Quote,/rfq/new?partNumber=D38-44,PUBLISHED_READY,2026-09-18
PN-001505,CN3-0904,cn3-0904,Sandvik / EIMCO,Underground LHD,ED10,Hose/Fitting,接头,,接头,EXPLICIT,VERIFIED,HIGH,"ED10 parts manual page 8, item 32",伊泰LS190-ED10配件手册.pdf,CN3-0904 — 接头,CN3-0904 接头 | ED10 Spare Part,Verified part number CN3-0904: 接头 for ED10. Check equipment compatibility and submit an RFQ to qualified mining spare parts suppliers on KuangpeiYun.,/part-number/cn3-0904,Request Quote,/rfq/new?partNumber=CN3-0904,PUBLISHED_READY,2026-09-18
PN-001049,C2A4W8661,c2a4w8661,Sandvik / EIMCO,Underground LHD,ED10,Hydraulic,进口阀块,,进口阀块,EXPLICIT,VERIFIED,HIGH,"ED10 parts manual page 8, item 33",伊泰LS190-ED10配件手册.pdf,C2A4W8661 — 进口阀块,C2A4W8661 进口阀块 | ED10 Spare Part,Verified part number C2A4W8661: 进口阀块 for ED10. Check equipment compatibility and submit an RFQ to qualified mining spare parts suppliers on KuangpeiYun.,/part-number/c2a4w8661,Request Quote,/rfq/new?partNumber=C2A4W8661,PUBLISHED_READY,2026-09-18
PN-001740,D60-12,d60-12,Sandvik / EIMCO,Underground LHD,ED10,Other,塞子,,塞子,EXPLICIT,VERIFIED,HIGH,"ED10 parts manual page 8, item 34; ED10 parts manual page 35, item 12",伊泰LS190-ED10配件手册.pdf,D60-12 — 塞子,D60-12 塞子 | ED10 Spare Part,Verified part number D60-12: 塞子 for ED10. Check equipment compatibility and submit an RFQ to qualified mining spare parts suppliers on KuangpeiYun.,/part-number/d60-12,Request Quote,/rfq/new?partNumber=D60-12,PUBLISHED_READY,2026-09-18
PN-000194,450062508,450062508,Sandvik / EIMCO,Underground LHD,ED10,Fastener,平垫圈,,平垫圈 | 垫圈 | M10平垫圈 | 平垫圈，10毫米,EXPLICIT,VERIFIED,HIGH,"ED10 parts manual page 8, item 35; ED10 parts manual page 13, item 16; ED10 parts manual page 18, item 12; ED10 parts manual page 26, item 13; ED10 parts manual page 39, item 29; ED10 parts manual page 42, item 8; ED10 parts manual page 46, item 2; ED10 parts manual page 49, item 15; ED10 parts manual page 57, item 21; ED10 parts manual page 67, item 15; ED10 parts manual page 69, item 12; ED10 parts manual page 173, item 22; ED10 parts manual page 183, item 33; ED10 parts manual page 192, item 20; ED10 parts manual page 275, item 9; ED10 parts manual page 283, item 7",伊泰LS190-ED10配件手册.pdf,450062508 — 平垫圈,450062508 平垫圈 | ED10 Spare Part,Verified part number 450062508: 平垫圈 for ED10. Check equipment compatibility and submit an RFQ to qualified mining spare parts suppliers on KuangpeiYun.,/part-number/450062508,Request Quote,/rfq/new?partNumber=450062508,PUBLISHED_READY,2026-09-18
PN-000197,450081022,450081022,Sandvik / EIMCO,Underground LHD,ED10,Fastener,弹簧垫圈,,弹簧垫圈 | 垫圈 | 弹簧垫圈，10毫米,EXPLICIT,VERIFIED,HIGH,"ED10 parts manual page 8, item 36; ED10 parts manual page 13, item 17; ED10 parts manual page 18, item 13; ED10 parts manual page 26, item 14; ED10 parts manual page 28, item 16; ED10 parts manual page 46, item 3; ED10 parts manual page 49, item 16; ED10 parts manual page 67, item 16; ED10 parts manual page 173, item 19; ED10 parts manual page 176, item 21; ED10 parts manual page 176, item 31; ED10 parts manual page 183, item 16; ED10 parts manual page 183, item 36; ED10 parts manual page 192, item 21; ED10 parts manual page 275, item 10; ED10 parts manual page 285, item 2; ED10 parts manual page 294, item 3",伊泰LS190-ED10配件手册.pdf,450081022 — 弹簧垫圈,450081022 弹簧垫圈 | ED10 Spare Part,Verified part number 450081022: 弹簧垫圈 for ED10. Check equipment compatibility and submit an RFQ to qualified mining spare parts suppliers on KuangpeiYun.,/part-number/450081022,Request Quote,/rfq/new?partNumber=450081022,PUBLISHED_READY,2026-09-18
PN-000166,445502801,445502801,Sandvik / EIMCO,Underground LHD,ED10,Fastener,六角头螺栓,,六角头螺栓,EXPLICIT,VERIFIED,HIGH,"ED10 parts manual page 8, item 37; ED10 parts manual page 42, item 7; ED10 parts manual page 67, item 14; ED10 parts manual page 183, item 39; ED10 parts manual page 283, item 10; ED10 parts manual page 285, item 1",伊泰LS190-ED10配件手册.pdf,445502801 — 六角头螺栓,445502801 六角头螺栓 | ED10 Spare Part,Verified part number 445502801: 六角头螺栓 for ED10. Check equipment compatibility and submit an RFQ to qualified mining spare parts suppliers on KuangpeiYun.,/part-number/445502801,Request Quote,/rfq/new?partNumber=445502801,PUBLISHED_READY,2026-09-18
PN-000588,A2U220-291248,a2u220-291248,Sandvik / EIMCO,Underground LHD,ED10,Structure,油尺，安装组,,油尺，安装组,EXPLICIT,VERIFIED,HIGH,"ED10 parts manual page 8, item 38",伊泰LS190-ED10配件手册.pdf,A2U220-291248 — 油尺，安装组,A2U220-291248 油尺，安装组 | ED10 Spare Part,Verified part number A2U220-291248: 油尺，安装组 for ED10. Check equipment compatibility and submit an RFQ to qualified mining spare parts suppliers on KuangpeiY,/part-number/a2u220-291248,Request Quote,/rfq/new?partNumber=A2U220-291248,PUBLISHED_READY,2026-09-18
PN-001598,D2900-12-50-17,d2900-12-50-17,Sandvik / EIMCO,Underground LHD,ED10,Hydraulic,液压软管,,液压软管,EXPLICIT,VERIFIED,HIGH,"ED10 parts manual page 8, item 39",伊泰LS190-ED10配件手册.pdf,D2900-12-50-17 — 液压软管,D2900-12-50-17 液压软管 | ED10 Spare Part,Verified part number D2900-12-50-17: 液压软管 for ED10. Check equipment compatibility and submit an RFQ to qualified mining spare parts suppliers on KuangpeiYu,/part-number/d2900-12-50-17,Request Quote,/rfq/new?partNumber=D2900-12-50-17,PUBLISHED_READY,2026-09-18
PN-001659,D37-1212,d37-1212,Sandvik / EIMCO,Underground LHD,ED10,Hose/Fitting,90度弯头,,90度弯头,EXPLICIT,VERIFIED,HIGH,"ED10 parts manual page 8, item 40; ED10 parts manual page 35, item 44; ED10 parts manual page 44, item 5",伊泰LS190-ED10配件手册.pdf,D37-1212 — 90度弯头,D37-1212 90度弯头 | ED10 Spare Part,Verified part number D37-1212: 90度弯头 for ED10. Check equipment compatibility and submit an RFQ to qualified mining spare parts suppliers on KuangpeiYun.,/part-number/d37-1212,Request Quote,/rfq/new?partNumber=D37-1212,PUBLISHED_READY,2026-09-18
PN-000738,A2U900-293002,a2u900-293002,Sandvik / EIMCO,Underground LHD,ED10,Hose/Fitting,Banlaw 接头,"Banlaw 接头 | Quick Fill Fitting, BANLAW AUS27W",紧急加油 | 快速加油接头,EXPLICIT,VERIFIED,HIGH,"ED10 parts manual page 8, item 41; ED10 parts manual page 30, item 7; ED10 parts manual page 251, item 16; SANDVIK LS190-B2285 SPARE PARTS LIST_Mining India_24.03.2026.xlsx, Sheet1, row 483",SANDVIK LS190-B2285 SPARE PARTS LIST_Mining India_24.03.2026.xlsx | 伊泰LS190-ED10配件手册.pdf,A2U900-293002 — Banlaw 接头,A2U900-293002 Banlaw 接头 | ED10 Spare Part,Verified part number A2U900-293002: Banlaw 接头 for ED10. Check equipment compatibility and submit an RFQ to qualified mining spare parts suppliers on Kuangp,/part-number/a2u900-293002,Request Quote,/rfq/new?partNumber=A2U900-293002,PUBLISHED_READY,2026-09-18
PN-001050,C2A5L2952,c2a5l2952,Sandvik / EIMCO,Underground LHD,ED10,Other,加油口盖,,加油口盖,EXPLICIT,VERIFIED,HIGH,"ED10 parts manual page 8, item 42",伊泰LS190-ED10配件手册.pdf,C2A5L2952 — 加油口盖,C2A5L2952 加油口盖 | ED10 Spare Part,Verified part number C2A5L2952: 加油口盖 for ED10. Check equipment compatibility and submit an RFQ to qualified mining spare parts suppliers on KuangpeiYun.,/part-number/c2a5l2952,Request Quote,/rfq/new?partNumber=C2A5L2952,PUBLISHED_READY,2026-09-18
PN-001777,DA4-1212,da4-1212,Sandvik / EIMCO,Underground LHD,ED10,Hose/Fitting,接头,,接头,EXPLICIT,VERIFIED,HIGH,"ED10 parts manual page 8, item 43; ED10 parts manual page 13, item 8",伊泰LS190-ED10配件手册.pdf,DA4-1212 — 接头,DA4-1212 接头 | ED10 Spare Part,Verified part number DA4-1212: 接头 for ED10. Check equipment compatibility and submit an RFQ to qualified mining spare parts suppliers on KuangpeiYun.,/part-number/da4-1212,Request Quote,/rfq/new?partNumber=DA4-1212,PUBLISHED_READY,2026-09-18
PN-001544,D17-27,d17-27,Sandvik / EIMCO,Underground LHD,ED10,Hose/Fitting,90度弯头,,90度弯头 | 接头 | 弯头,EXPLICIT,VERIFIED,HIGH,"ED10 parts manual page 8, item 44; ED10 parts manual page 203, item 13; ED10 parts manual page 211, item 4; ED10 parts manual page 262, item 11; ED10 parts manual page 294, item 10; ED10 parts manual page 296, item 11",伊泰LS190-ED10配件手册.pdf,D17-27 — 90度弯头,D17-27 90度弯头 | ED10 Spare Part,Verified part number D17-27: 90度弯头 for ED10. Check equipment compatibility and submit an RFQ to qualified mining spare parts suppliers on KuangpeiYun.,/part-number/d17-27,Request Quote,/rfq/new?partNumber=D17-27,PUBLISHED_READY,2026-09-18
PN-001059,C2A7C0874,c2a7c0874,Sandvik / EIMCO,Underground LHD,ED10,Other,油尺夹,,油尺夹,EXPLICIT,VERIFIED,HIGH,"ED10 parts manual page 9, item 45",伊泰LS190-ED10配件手册.pdf,C2A7C0874 — 油尺夹,C2A7C0874 油尺夹 | ED10 Spare Part,Verified part number C2A7C0874: 油尺夹 for ED10. Check equipment compatibility and submit an RFQ to qualified mining spare parts suppliers on KuangpeiYun.,/part-number/c2a7c0874,Request Quote,/rfq/new?partNumber=C2A7C0874,PUBLISHED_READY,2026-09-18
PN-000160,445502759,445502759,Sandvik / EIMCO,Underground LHD,ED10,Fastener,六角头螺栓,,六角头螺栓,EXPLICIT,VERIFIED,HIGH,"ED10 parts manual page 9, item 46; ED10 parts manual page 67, item 8; ED10 parts manual page 112, item 11",伊泰LS190-ED10配件手册.pdf,445502759 — 六角头螺栓,445502759 六角头螺栓 | ED10 Spare Part,Verified part number 445502759: 六角头螺栓 for ED10. Check equipment compatibility and submit an RFQ to qualified mining spare parts suppliers on KuangpeiYun.,/part-number/445502759,Request Quote,/rfq/new?partNumber=445502759,PUBLISHED_READY,2026-09-18
PN-000190,450061617,450061617,Sandvik / EIMCO,Underground LHD,ED10,Fastener,平垫圈,,平垫圈,EXPLICIT,VERIFIED,HIGH,"ED10 parts manual page 9, item 47; ED10 parts manual page 42, item 6; ED10 parts manual page 279, item 17; ED10 parts manual page 300, item 4",伊泰LS190-ED10配件手册.pdf,450061617 — 平垫圈,450061617 平垫圈 | ED10 Spare Part,Verified part number 450061617: 平垫圈 for ED10. Check equipment compatibility and submit an RFQ to qualified mining spare parts suppliers on KuangpeiYun.,/part-number/450061617,Request Quote,/rfq/new?partNumber=450061617,PUBLISHED_READY,2026-09-18
PN-000201,450081120,450081120,Sandvik / EIMCO,Underground LHD,ED10,Fastener,弹簧垫圈,,弹簧垫圈 | 垫圈,EXPLICIT,VERIFIED,HIGH,"ED10 parts manual page 9, item 48; ED10 parts manual page 18, item 24; ED10 parts manual page 26, item 15; ED10 parts manual page 35, item 41; ED10 parts manual page 39, item 27; ED10 parts manual page 42, item 4; ED10 parts manual page 44, item 21; ED10 parts manual page 67, item 11; ED10 parts manual page 77, item 5; ED10 parts manual page 279, item 15",伊泰LS190-ED10配件手册.pdf,450081120 — 弹簧垫圈,450081120 弹簧垫圈 | ED10 Spare Part,Verified part number 450081120: 弹簧垫圈 for ED10. Check equipment compatibility and submit an RFQ to qualified mining spare parts suppliers on KuangpeiYun.,/part-number/450081120,Request Quote,/rfq/new?partNumber=450081120,PUBLISHED_READY,2026-09-18
PN-000210,455309030,455309030,Sandvik / EIMCO,Underground LHD,ED10,Fastener,六角螺母,,六角螺母,EXPLICIT,VERIFIED,HIGH,"ED10 parts manual page 9, item 49",伊泰LS190-ED10配件手册.pdf,455309030 — 六角螺母,455309030 六角螺母 | ED10 Spare Part,Verified part number 455309030: 六角螺母 for ED10. Check equipment compatibility and submit an RFQ to qualified mining spare parts suppliers on KuangpeiYun.,/part-number/455309030,Request Quote,/rfq/new?partNumber=455309030,PUBLISHED_READY,2026-09-18
PN-000164,445502795,445502795,Sandvik / EIMCO,Underground LHD,ED10,Fastener,六角头螺栓,,六角头螺栓 | 螺栓,EXPLICIT,VERIFIED,HIGH,"ED10 parts manual page 9, item 50; ED10 parts manual page 57, item 20; ED10 parts manual page 275, item 4",伊泰LS190-ED10配件手册.pdf,445502795 — 六角头螺栓,445502795 六角头螺栓 | ED10 Spare Part,Verified part number 445502795: 六角头螺栓 for ED10. Check equipment compatibility and submit an RFQ to qualified mining spare parts suppliers on KuangpeiYun.,/part-number/445502795,Request Quote,/rfq/new?partNumber=445502795,PUBLISHED_READY,2026-09-18
PN-000167,445502802,445502802,Sandvik / EIMCO,Underground LHD,ED10,Fastener,六角头螺栓,,六角头螺栓,EXPLICIT,VERIFIED,HIGH,"ED10 parts manual page 9, item 51; ED10 parts manual page 176, item 22; ED10 parts manual page 176, item 32; ED10 parts manual page 183, item 15; ED10 parts manual page 183, item 34",伊泰LS190-ED10配件手册.pdf,445502802 — 六角头螺栓,445502802 六角头螺栓 | ED10 Spare Part,Verified part number 445502802: 六角头螺栓 for ED10. Check equipment compatibility and submit an RFQ to qualified mining spare parts suppliers on KuangpeiYun.,/part-number/445502802,Request Quote,/rfq/new?partNumber=445502802,PUBLISHED_READY,2026-09-18
PN-000507,A2U220-211043-0,a2u220-211043-0,Sandvik / EIMCO,Underground LHD,ED10,Engine,"发动机, CAT 3126TA, 工厂",,"发动机, CAT 3126TA, 工厂",EXPLICIT,VERIFIED,HIGH,"ED10 parts manual page 9, item 52",伊泰LS190-ED10配件手册.pdf,"A2U220-211043-0 — 发动机, CAT 3126TA, 工厂","A2U220-211043-0 发动机, CAT 3126TA, 工厂 | ED10 Spare Part","Verified part number A2U220-211043-0: 发动机, CAT 3126TA, 工厂 for ED10. Check equipment compatibility and submit an RFQ to qualified mining spare parts supplie",/part-number/a2u220-211043-0,Request Quote,/rfq/new?partNumber=A2U220-211043-0,PUBLISHED_READY,2026-09-18
PN-000533,A2U220-250133,a2u220-250133,Sandvik / EIMCO,Underground LHD,ED10,Other,排气－出口管,,排气－出口管,EXPLICIT,VERIFIED,HIGH,"ED10 parts manual page 13, item 1",伊泰LS190-ED10配件手册.pdf,A2U220-250133 — 排气－出口管,A2U220-250133 排气－出口管 | ED10 Spare Part,Verified part number A2U220-250133: 排气－出口管 for ED10. Check equipment compatibility and submit an RFQ to qualified mining spare parts suppliers on KuangpeiY,/part-number/a2u220-250133,Request Quote,/rfq/new?partNumber=A2U220-250133,PUBLISHED_READY,2026-09-18
PN-000688,A2U900-171567,a2u900-171567,Sandvik / EIMCO,Underground LHD,ED10,Other,标牌,,标牌,EXPLICIT,VERIFIED,HIGH,"ED10 parts manual page 13, item 2",伊泰LS190-ED10配件手册.pdf,A2U900-171567 — 标牌,A2U900-171567 标牌 | ED10 Spare Part,Verified part number A2U900-171567: 标牌 for ED10. Check equipment compatibility and submit an RFQ to qualified mining spare parts suppliers on KuangpeiYun.,/part-number/a2u900-171567,Request Quote,/rfq/new?partNumber=A2U900-171567,PUBLISHED_READY,2026-09-18
PN-000722,A2U900-250134,a2u900-250134,Sandvik / EIMCO,Underground LHD,ED10,Other,废气调节器组,,废气调节器组,EXPLICIT,VERIFIED,HIGH,"ED10 parts manual page 13, item 3; ED10 parts manual page 15, item 1",伊泰LS190-ED10配件手册.pdf,A2U900-250134 — 废气调节器组,A2U900-250134 废气调节器组 | ED10 Spare Part,Verified part number A2U900-250134: 废气调节器组 for ED10. Check equipment compatibility and submit an RFQ to qualified mining spare parts suppliers on KuangpeiY,/part-number/a2u900-250134,Request Quote,/rfq/new?partNumber=A2U900-250134,PUBLISHED_READY,2026-09-18
PN-000723,A2U900-250135,a2u900-250135,Sandvik / EIMCO,Underground LHD,ED10,Other,净气器总成,,净气器总成 | 废气歧管组,EXPLICIT,VERIFIED,HIGH,"ED10 parts manual page 13, item 4; ED10 parts manual page 15, item 2",伊泰LS190-ED10配件手册.pdf,A2U900-250135 — 净气器总成,A2U900-250135 净气器总成 | ED10 Spare Part,Verified part number A2U900-250135: 净气器总成 for ED10. Check equipment compatibility and submit an RFQ to qualified mining spare parts suppliers on KuangpeiYu,/part-number/a2u900-250135,Request Quote,/rfq/new?partNumber=A2U900-250135,PUBLISHED_READY,2026-09-18
PN-000724,A2U900-250151,a2u900-250151,Sandvik / EIMCO,Underground LHD,ED10,Hydraulic,隔离阀安装,,隔离阀安装,EXPLICIT,VERIFIED,HIGH,"ED10 parts manual page 13, item 5",伊泰LS190-ED10配件手册.pdf,A2U900-250151 — 隔离阀安装,A2U900-250151 隔离阀安装 | ED10 Spare Part,Verified part number A2U900-250151: 隔离阀安装 for ED10. Check equipment compatibility and submit an RFQ to qualified mining spare parts suppliers on KuangpeiYu,/part-number/a2u900-250151,Request Quote,/rfq/new?partNumber=A2U900-250151,PUBLISHED_READY,2026-09-18
PN-000899,A2U936-255187,a2u936-255187,Sandvik / EIMCO,Underground LHD,ED10,Hose/Fitting,90度弯头,,90度弯头,EXPLICIT,VERIFIED,HIGH,"ED10 parts manual page 13, item 6",伊泰LS190-ED10配件手册.pdf,A2U936-255187 — 90度弯头,A2U936-255187 90度弯头 | ED10 Spare Part,Verified part number A2U936-255187: 90度弯头 for ED10. Check equipment compatibility and submit an RFQ to qualified mining spare parts suppliers on KuangpeiYu,/part-number/a2u936-255187,Request Quote,/rfq/new?partNumber=A2U936-255187,PUBLISHED_READY,2026-09-18
PN-001757,D67-12,d67-12,Sandvik / EIMCO,Underground LHD,ED10,Other,插座,,插座,EXPLICIT,VERIFIED,HIGH,"ED10 parts manual page 13, item 7",伊泰LS190-ED10配件手册.pdf,D67-12 — 插座,D67-12 插座 | ED10 Spare Part,Verified part number D67-12: 插座 for ED10. Check equipment compatibility and submit an RFQ to qualified mining spare parts suppliers on KuangpeiYun.,/part-number/d67-12,Request Quote,/rfq/new?partNumber=D67-12,PUBLISHED_READY,2026-09-18
PN-000897,A2U936-255184,a2u936-255184,Sandvik / EIMCO,Underground LHD,ED10,Hose/Fitting,软管尾端,,软管尾端,EXPLICIT,VERIFIED,HIGH,"ED10 parts manual page 13, item 9; ED10 parts manual page 28, item 4",伊泰LS190-ED10配件手册.pdf,A2U936-255184 — 软管尾端,A2U936-255184 软管尾端 | ED10 Spare Part,Verified part number A2U936-255184: 软管尾端 for ED10. Check equipment compatibility and submit an RFQ to qualified mining spare parts suppliers on KuangpeiYun,/part-number/a2u936-255184,Request Quote,/rfq/new?partNumber=A2U936-255184,PUBLISHED_READY,2026-09-18
PN-001511,D115-19,d115-19,Sandvik / EIMCO,Underground LHD,ED10,Hose/Fitting,水软管,,水软管,EXPLICIT,VERIFIED,HIGH,"ED10 parts manual page 13, item 10; ED10 parts manual page 35, item 28",伊泰LS190-ED10配件手册.pdf,D115-19 — 水软管,D115-19 水软管 | ED10 Spare Part,Verified part number D115-19: 水软管 for ED10. Check equipment compatibility and submit an RFQ to qualified mining spare parts suppliers on KuangpeiYun.,/part-number/d115-19,Request Quote,/rfq/new?partNumber=D115-19,PUBLISHED_READY,2026-09-18
PN-001849,P2HSS1600N,p2hss1600n,Sandvik / EIMCO,Underground LHD,ED10,Hose/Fitting,软管夹,,软管夹,EXPLICIT,VERIFIED,HIGH,"ED10 parts manual page 13, item 11; ED10 parts manual page 35, item 31; ED10 parts manual page 44, item 11",伊泰LS190-ED10配件手册.pdf,P2HSS1600N — 软管夹,P2HSS1600N 软管夹 | ED10 Spare Part,Verified part number P2HSS1600N: 软管夹 for ED10. Check equipment compatibility and submit an RFQ to qualified mining spare parts suppliers on KuangpeiYun.,/part-number/p2hss1600n,Request Quote,/rfq/new?partNumber=P2HSS1600N,PUBLISHED_READY,2026-09-18
PN-000542,A2U220-252042,a2u220-252042,Sandvik / EIMCO,Underground LHD,ED10,Structure,安装板－废气调节器安装,,安装板－废气调节器安装 | 安装板,EXPLICIT,VERIFIED,HIGH,"ED10 parts manual page 13, item 12; ED10 parts manual page 15, item 4",伊泰LS190-ED10配件手册.pdf,A2U220-252042 — 安装板－废气调节器安装,A2U220-252042 安装板－废气调节器安装 | ED10 Spare Part,Verified part number A2U220-252042: 安装板－废气调节器安装 for ED10. Check equipment compatibility and submit an RFQ to qualified mining spare parts suppliers on Kuan,/part-number/a2u220-252042,Request Quote,/rfq/new?partNumber=A2U220-252042,PUBLISHED_READY,2026-09-18
PN-000026,A2U900-191929,a2u900-191929,Sandvik / EIMCO,Underground LHD,ED10,Structure,Flexible Isomount,ISOMOUNT-FLEXIBLE | ISOMOUNT FLEXIBLE,隔离阀安装,EXPLICIT,VERIFIED,HIGH,"ED10 parts manual page 13, item 13; SANDVIK LS 190-312 PARTS20260228.xlsx, Sheet1, row 54; SANDVIK LS190-B2285 SPARE PARTS LIST_Mining India_24.03.2026.xlsx, Sheet1, row 5",SANDVIK LS 190-312 PARTS20260228.xlsx | SANDVIK LS190-B2285 SPARE PARTS LIST_Mining India_24.03.2026.xlsx | 伊泰LS190-ED10配件手册.pdf,A2U900-191929 — Flexible Isomount,A2U900-191929 Flexible Isomount | ED10 Spare Part,Verified part number A2U900-191929: Flexible Isomount for ED10. Check equipment compatibility and submit an RFQ to qualified mining spare parts suppliers o,/part-number/a2u900-191929,Request Quote,/rfq/new?partNumber=A2U900-191929,PUBLISHED_READY,2026-09-18
PN-000165,445502799,445502799,Sandvik / EIMCO,Underground LHD,ED10,Fastener,六角头螺栓,,六角头螺栓,EXPLICIT,VERIFIED,HIGH,"ED10 parts manual page 13, item 14; ED10 parts manual page 18, item 11; ED10 parts manual page 24, item 9; ED10 parts manual page 28, item 14; ED10 parts manual page 69, item 11; ED10 parts manual page 275, item 5",伊泰LS190-ED10配件手册.pdf,445502799 — 六角头螺栓,445502799 六角头螺栓 | ED10 Spare Part,Verified part number 445502799: 六角头螺栓 for ED10. Check equipment compatibility and submit an RFQ to qualified mining spare parts suppliers on KuangpeiYun.,/part-number/445502799,Request Quote,/rfq/new?partNumber=445502799,PUBLISHED_READY,2026-09-18
PN-000191,450061619,450061619,Sandvik / EIMCO,Underground LHD,ED10,Fastener,平垫圈,,平垫圈,EXPLICIT,VERIFIED,HIGH,"ED10 parts manual page 13, item 15; ED10 parts manual page 22, item 3; ED10 parts manual page 230, item 2; ED10 parts manual page 235, item 2; ED10 parts manual page 254, item 2; ED10 parts manual page 275, item 8",伊泰LS190-ED10配件手册.pdf,450061619 — 平垫圈,450061619 平垫圈 | ED10 Spare Part,Verified part number 450061619: 平垫圈 for ED10. Check equipment compatibility and submit an RFQ to qualified mining spare parts suppliers on KuangpeiYun.,/part-number/450061619,Request Quote,/rfq/new?partNumber=450061619,PUBLISHED_READY,2026-09-18
PN-000217,455669036,455669036,Sandvik / EIMCO,Underground LHD,ED10,Fastener,内嵌尼龙六角螺母,,内嵌尼龙六角螺母 | 内嵌尼龙螺母,EXPLICIT,VERIFIED,HIGH,"ED10 parts manual page 13, item 18; ED10 parts manual page 183, item 23; ED10 parts manual page 279, item 22",伊泰LS190-ED10配件手册.pdf,455669036 — 内嵌尼龙六角螺母,455669036 内嵌尼龙六角螺母 | ED10 Spare Part,Verified part number 455669036: 内嵌尼龙六角螺母 for ED10. Check equipment compatibility and submit an RFQ to qualified mining spare parts suppliers on KuangpeiYun,/part-number/455669036,Request Quote,/rfq/new?partNumber=455669036,PUBLISHED_READY,2026-09-18
PN-000534,A2U220-250137,a2u220-250137,Sandvik / EIMCO,Underground LHD,ED10,Filter,废气管路组，带微粒过滤器,,废气管路组，带微粒过滤器,EXPLICIT,VERIFIED,HIGH,"ED10 parts manual page 15, item 3",伊泰LS190-ED10配件手册.pdf,A2U220-250137 — 废气管路组，带微粒过滤器,A2U220-250137 废气管路组，带微粒过滤器 | ED10 Spare Part,Verified part number A2U220-250137: 废气管路组，带微粒过滤器 for ED10. Check equipment compatibility and submit an RFQ to qualified mining spare parts suppliers on Kua,/part-number/a2u220-250137,Request Quote,/rfq/new?partNumber=A2U220-250137,PUBLISHED_READY,2026-09-18
PN-000535,A2U220-251089,a2u220-251089,Sandvik / EIMCO,Underground LHD,ED10,Other,废气调节器,,废气调节器,EXPLICIT,VERIFIED,HIGH,"ED10 parts manual page 18, item 1",伊泰LS190-ED10配件手册.pdf,A2U220-251089 — 废气调节器,A2U220-251089 废气调节器 | ED10 Spare Part,Verified part number A2U220-251089: 废气调节器 for ED10. Check equipment compatibility and submit an RFQ to qualified mining spare parts suppliers on KuangpeiYu,/part-number/a2u220-251089,Request Quote,/rfq/new?partNumber=A2U220-251089,PUBLISHED_READY,2026-09-18
PN-000553,A2U220-256035,a2u220-256035,Sandvik / EIMCO,Underground LHD,ED10,Hydraulic,水补接阀安装,,水补接阀安装,EXPLICIT,VERIFIED,HIGH,"ED10 parts manual page 18, item 2",伊泰LS190-ED10配件手册.pdf,A2U220-256035 — 水补接阀安装,A2U220-256035 水补接阀安装 | ED10 Spare Part,Verified part number A2U220-256035: 水补接阀安装 for ED10. Check equipment compatibility and submit an RFQ to qualified mining spare parts suppliers on KuangpeiY,/part-number/a2u220-256035,Request Quote,/rfq/new?partNumber=A2U220-256035,PUBLISHED_READY,2026-09-18
PN-000731,A2U900-255302,a2u900-255302,Sandvik / EIMCO,Underground LHD,ED10,Other,塞子,,塞子,EXPLICIT,VERIFIED,HIGH,"ED10 parts manual page 18, item 3",伊泰LS190-ED10配件手册.pdf,A2U900-255302 — 塞子,A2U900-255302 塞子 | ED10 Spare Part,Verified part number A2U900-255302: 塞子 for ED10. Check equipment compatibility and submit an RFQ to qualified mining spare parts suppliers on KuangpeiYun.,/part-number/a2u900-255302,Request Quote,/rfq/new?partNumber=A2U900-255302,PUBLISHED_READY,2026-09-18
PN-000898,A2U936-255185,a2u936-255185,Sandvik / EIMCO,Underground LHD,ED10,Hose/Fitting,接头S/S,,接头S/S,EXPLICIT,VERIFIED,HIGH,"ED10 parts manual page 18, item 4",伊泰LS190-ED10配件手册.pdf,A2U936-255185 — 接头S/S,A2U936-255185 接头S/S | ED10 Spare Part,Verified part number A2U936-255185: 接头S/S for ED10. Check equipment compatibility and submit an RFQ to qualified mining spare parts suppliers on KuangpeiYu,/part-number/a2u936-255185,Request Quote,/rfq/new?partNumber=A2U936-255185,PUBLISHED_READY,2026-09-18
PN-000910,AFP1004-23,afp1004-23,Sandvik / EIMCO,Underground LHD,ED10,Hydraulic,球阀,,球阀,EXPLICIT,VERIFIED,HIGH,"ED10 parts manual page 18, item 5",伊泰LS190-ED10配件手册.pdf,AFP1004-23 — 球阀,AFP1004-23 球阀 | ED10 Spare Part,Verified part number AFP1004-23: 球阀 for ED10. Check equipment compatibility and submit an RFQ to qualified mining spare parts suppliers on KuangpeiYun.,/part-number/afp1004-23,Request Quote,/rfq/new?partNumber=AFP1004-23,PUBLISHED_READY,2026-09-18
PN-000913,AFP1009-5,afp1009-5,Sandvik / EIMCO,Underground LHD,ED10,Hydraulic,球阀,,球阀,EXPLICIT,VERIFIED,HIGH,"ED10 parts manual page 18, item 6",伊泰LS190-ED10配件手册.pdf,AFP1009-5 — 球阀,AFP1009-5 球阀 | ED10 Spare Part,Verified part number AFP1009-5: 球阀 for ED10. Check equipment compatibility and submit an RFQ to qualified mining spare parts suppliers on KuangpeiYun.,/part-number/afp1009-5,Request Quote,/rfq/new?partNumber=AFP1009-5,PUBLISHED_READY,2026-09-18
PN-000919,B2D12168,b2d12168,Sandvik / EIMCO,Underground LHD,ED10,Seal/Gasket,GASKET,GASKET,垫圈，水补接阀,EXPLICIT,VERIFIED,HIGH,"ED10 parts manual page 18, item 7; SANDVIK LS190-B2285 SPARE PARTS LIST_Mining India_24.03.2026.xlsx, Sheet1, row 6",SANDVIK LS190-B2285 SPARE PARTS LIST_Mining India_24.03.2026.xlsx | 伊泰LS190-ED10配件手册.pdf,B2D12168 — GASKET,B2D12168 GASKET | ED10 Spare Part,Verified part number B2D12168: GASKET for ED10. Check equipment compatibility and submit an RFQ to qualified mining spare parts suppliers on KuangpeiYun.,/part-number/b2d12168,Request Quote,/rfq/new?partNumber=B2D12168,PUBLISHED_READY,2026-09-18
PN-001517,D15-0209,d15-0209,Sandvik / EIMCO,Underground LHD,ED10,Hose/Fitting,接头,,接头,EXPLICIT,VERIFIED,HIGH,"ED10 parts manual page 18, item 8",伊泰LS190-ED10配件手册.pdf,D15-0209 — 接头,D15-0209 接头 | ED10 Spare Part,Verified part number D15-0209: 接头 for ED10. Check equipment compatibility and submit an RFQ to qualified mining spare parts suppliers on KuangpeiYun.,/part-number/d15-0209,Request Quote,/rfq/new?partNumber=D15-0209,PUBLISHED_READY,2026-09-18
PN-001682,D50-0909,d50-0909,Sandvik / EIMCO,Underground LHD,ED10,Other,90度连接器,,90度连接器 | 90度弯头，球铰接,EXPLICIT,VERIFIED,HIGH,"ED10 parts manual page 18, item 9; ED10 parts manual page 39, item 15",伊泰LS190-ED10配件手册.pdf,D50-0909 — 90度连接器,D50-0909 90度连接器 | ED10 Spare Part,Verified part number D50-0909: 90度连接器 for ED10. Check equipment compatibility and submit an RFQ to qualified mining spare parts suppliers on KuangpeiYun.,/part-number/d50-0909,Request Quote,/rfq/new?partNumber=D50-0909,PUBLISHED_READY,2026-09-18
PN-001789,DA82-090909,da82-090909,Sandvik / EIMCO,Underground LHD,ED10,Other,三通,,三通,EXPLICIT,VERIFIED,HIGH,"ED10 parts manual page 18, item 10",伊泰LS190-ED10配件手册.pdf,DA82-090909 — 三通,DA82-090909 三通 | ED10 Spare Part,Verified part number DA82-090909: 三通 for ED10. Check equipment compatibility and submit an RFQ to qualified mining spare parts suppliers on KuangpeiYun.,/part-number/da82-090909,Request Quote,/rfq/new?partNumber=DA82-090909,PUBLISHED_READY,2026-09-18
PN-000059,A2U220-254090,a2u220-254090,Sandvik / EIMCO,Underground LHD,ED10,Seal/Gasket,Exhaust Conditioner Gasket,"GASKET EXHAUST CONDITIONER | Gasket, Float Ass'Y",衬垫，浮子安装,EXPLICIT,VERIFIED,HIGH,"ED10 parts manual page 18, item 14; SANDVIK LS 190-312 PARTS20260228.xlsx, Sheet1, row 120; SANDVIK LS190-B2285 SPARE PARTS LIST_Mining India_24.03.2026.xlsx, Sheet1, row 7; SANDVIK LS190-B2285 SPARE PARTS LIST_Mining India_24.03.2026.xlsx, Sheet1, row 51; SANDVIK LS190-B2285 SPARE PARTS LIST_Mining India_24.03.2026.xlsx, Sheet1, row 68",SANDVIK LS 190-312 PARTS20260228.xlsx | SANDVIK LS190-B2285 SPARE PARTS LIST_Mining India_24.03.2026.xlsx | 伊泰LS190-ED10配件手册.pdf,A2U220-254090 — Exhaust Conditioner Gasket,A2U220-254090 Exhaust Conditioner Gasket | ED10 Spare Part,Verified part number A2U220-254090: Exhaust Conditioner Gasket for ED10. Check equipment compatibility and submit an RFQ to qualified mining spare parts su,/part-number/a2u220-254090,Request Quote,/rfq/new?partNumber=A2U220-254090,PUBLISHED_READY,2026-09-18
PN-000031,A2U220-256034,a2u220-256034,Sandvik / EIMCO,Underground LHD,ED10,Other,Shutdown Float Assembly,FLOAT ASSEMBLY EX COND S/DOWN,关闭浮子安装,EXPLICIT,VERIFIED,HIGH,"ED10 parts manual page 18, item 15; SANDVIK LS 190-312 PARTS20260228.xlsx, Sheet1, row 71",SANDVIK LS 190-312 PARTS20260228.xlsx | 伊泰LS190-ED10配件手册.pdf,A2U220-256034 — Shutdown Float Assembly,A2U220-256034 Shutdown Float Assembly | ED10 Spare Part,Verified part number A2U220-256034: Shutdown Float Assembly for ED10. Check equipment compatibility and submit an RFQ to qualified mining spare parts suppl,/part-number/a2u220-256034,Request Quote,/rfq/new?partNumber=A2U220-256034,PUBLISHED_READY,2026-09-18
PN-000730,A2U900-254084,a2u900-254084,Sandvik / EIMCO,Underground LHD,ED10,Hydraulic,膜片，Humphry阀,"膜片，Humphry阀 | DIAPHRAGM, HUMPHREY VALVE | DIAPHRAM - HUMPHREY/FLOAT ADAPTOR",,EXPLICIT,VERIFIED,HIGH,"ED10 parts manual page 18, item 16; LS_190_-REQUIREMENT20260107.xlsx, Sheet1, row 26; SANDVIK LS 190-312 PARTS20260228.xlsx, Sheet1, row 72",LS_190_-REQUIREMENT20260107.xlsx | SANDVIK LS 190-312 PARTS20260228.xlsx | 伊泰LS190-ED10配件手册.pdf,A2U900-254084 — 膜片，Humphry阀,A2U900-254084 膜片，Humphry阀 | ED10 Spare Part,Verified part number A2U900-254084: 膜片，Humphry阀 for ED10. Check equipment compatibility and submit an RFQ to qualified mining spare parts suppliers on Kuan,/part-number/a2u900-254084,Request Quote,/rfq/new?partNumber=A2U900-254084,PUBLISHED_READY,2026-09-18
PN-000032,A2U900-256033,a2u900-256033,Sandvik / EIMCO,Underground LHD,ED10,Hydraulic,"Adaptor, Humphrey / Float Valve",适配器，Humphry阀 | ADAPTOR - HUMPHREY/FLOAT VALVE,,EXPLICIT,VERIFIED,HIGH,"ED10 parts manual page 18, item 17; SANDVIK LS 190-312 PARTS20260228.xlsx, Sheet1, row 73",SANDVIK LS 190-312 PARTS20260228.xlsx | 伊泰LS190-ED10配件手册.pdf,"A2U900-256033 — Adaptor, Humphrey / Float Valve","A2U900-256033 Adaptor, Humphrey / Float Valve | ED10 Spare P","Verified part number A2U900-256033: Adaptor, Humphrey / Float Valve for ED10. Check equipment compatibility and submit an RFQ to qualified mining spare par",/part-number/a2u900-256033,Request Quote,/rfq/new?partNumber=A2U900-256033,PUBLISHED_READY,2026-09-18
PN-000033,AFP1006-4,afp1006-4,Sandvik / EIMCO,Underground LHD,"ED10, LS190",Hydraulic,Humphrey Valve,Humphry阀 | HUMPHREY VALVE | Humphrey Valve | HUMPHREY VALVE -,,EXPLICIT,VERIFIED,HIGH,"ED10 parts manual page 18, item 18; 山特维克ls190-20260806.xlsx, Sheet1, row 6; SANDVIK LS 190-312 PARTS20260228.xlsx, Sheet1, row 74; SANDVIK LS190-B2285 SPARE PARTS LIST_Mining India_24.03.2026.xlsx, Sheet1, row 16; SANDVIK LS190-B2285 SPARE PARTS LIST_Mining India_24.03.2026.xlsx, Sheet1, row 52; Purchase Order-Shanxi.xlsx, Sheet1, row 12; Purchase Order-Shanxi.xlsx, Sheet1, row 16; Purchase Order-Shanxi.xlsx, Sheet1, row 20",Purchase Order-Shanxi.xlsx | SANDVIK LS 190-312 PARTS20260228.xlsx | SANDVIK LS190-B2285 SPARE PARTS LIST_Mining India_24.03.2026.xlsx | 伊泰LS190-ED10配件手册.pdf | 山特维克ls190-20260806.xlsx,AFP1006-4 — Humphrey Valve,"AFP1006-4 Humphrey Valve | ED10, LS190 Spare Part","Verified part number AFP1006-4: Humphrey Valve for ED10, LS190. Check equipment compatibility and submit an RFQ to qualified mining spare parts suppliers o",/part-number/afp1006-4,Request Quote,/rfq/new?partNumber=AFP1006-4,PUBLISHED_READY,2026-09-18
PN-001785,DA81-090909,da81-090909,Sandvik / EIMCO,Underground LHD,ED10,Other,三通,,三通,EXPLICIT,VERIFIED,HIGH,"ED10 parts manual page 18, item 19",伊泰LS190-ED10配件手册.pdf,DA81-090909 — 三通,DA81-090909 三通 | ED10 Spare Part,Verified part number DA81-090909: 三通 for ED10. Check equipment compatibility and submit an RFQ to qualified mining spare parts suppliers on KuangpeiYun.,/part-number/da81-090909,Request Quote,/rfq/new?partNumber=DA81-090909,PUBLISHED_READY,2026-09-18
PN-001534,D17-0209,d17-0209,Sandvik / EIMCO,Underground LHD,ED10,Hose/Fitting,90度弯头,,90度弯头,EXPLICIT,VERIFIED,HIGH,"ED10 parts manual page 18, item 20",伊泰LS190-ED10配件手册.pdf,D17-0209 — 90度弯头,D17-0209 90度弯头 | ED10 Spare Part,Verified part number D17-0209: 90度弯头 for ED10. Check equipment compatibility and submit an RFQ to qualified mining spare parts suppliers on KuangpeiYun.,/part-number/d17-0209,Request Quote,/rfq/new?partNumber=D17-0209,PUBLISHED_READY,2026-09-18
PN-000157,445502660,445502660,Sandvik / EIMCO,Underground LHD,ED10,Fastener,六角头螺栓,,六角头螺栓,EXPLICIT,VERIFIED,HIGH,"ED10 parts manual page 18, item 21; ED10 parts manual page 71, item 5",伊泰LS190-ED10配件手册.pdf,445502660 — 六角头螺栓,445502660 六角头螺栓 | ED10 Spare Part,Verified part number 445502660: 六角头螺栓 for ED10. Check equipment compatibility and submit an RFQ to qualified mining spare parts suppliers on KuangpeiYun.,/part-number/445502660,Request Quote,/rfq/new?partNumber=445502660,PUBLISHED_READY,2026-09-18
PN-000193,450062506,450062506,Sandvik / EIMCO,Underground LHD,ED10,Fastener,垫圈,,垫圈 | 平垫圈,EXPLICIT,VERIFIED,HIGH,"ED10 parts manual page 18, item 22; ED10 parts manual page 20, item 11; ED10 parts manual page 22, item 4; ED10 parts manual page 67, item 10",伊泰LS190-ED10配件手册.pdf,450062506 — 垫圈,450062506 垫圈 | ED10 Spare Part,Verified part number 450062506: 垫圈 for ED10. Check equipment compatibility and submit an RFQ to qualified mining spare parts suppliers on KuangpeiYun.,/part-number/450062506,Request Quote,/rfq/new?partNumber=450062506,PUBLISHED_READY,2026-09-18
PN-000199,450081116,450081116,Sandvik / EIMCO,Underground LHD,ED10,Fastener,垫圈,,垫圈 | 弹簧垫圈，S.S. | 弹簧垫圈 | 弹簧垫圈（未显示）,EXPLICIT,VERIFIED,HIGH,"ED10 parts manual page 18, item 23; ED10 parts manual page 49, item 6; ED10 parts manual page 71, item 6; ED10 parts manual page 184, item 51; ED10 parts manual page 203, item 23; ED10 parts manual page 289, item 2",伊泰LS190-ED10配件手册.pdf,450081116 — 垫圈,450081116 垫圈 | ED10 Spare Part,Verified part number 450081116: 垫圈 for ED10. Check equipment compatibility and submit an RFQ to qualified mining spare parts suppliers on KuangpeiYun.,/part-number/450081116,Request Quote,/rfq/new?partNumber=450081116,PUBLISHED_READY,2026-09-18
PN-000755,A2U900-392169,a2u900-392169,Sandvik / EIMCO,Underground LHD,ED10,Fastener,凹头螺钉,,凹头螺钉,EXPLICIT,VERIFIED,HIGH,"ED10 parts manual page 18, item 25",伊泰LS190-ED10配件手册.pdf,A2U900-392169 — 凹头螺钉,A2U900-392169 凹头螺钉 | ED10 Spare Part,Verified part number A2U900-392169: 凹头螺钉 for ED10. Check equipment compatibility and submit an RFQ to qualified mining spare parts suppliers on KuangpeiYun,/part-number/a2u900-392169,Request Quote,/rfq/new?partNumber=A2U900-392169,PUBLISHED_READY,2026-09-18
PN-001748,D605-0906,d605-0906,Sandvik / EIMCO,Underground LHD,ED10,Hose/Fitting,软管尾端，低压,,软管尾端，低压,EXPLICIT,VERIFIED,HIGH,"ED10 parts manual page 18, item 26",伊泰LS190-ED10配件手册.pdf,D605-0906 — 软管尾端，低压,D605-0906 软管尾端，低压 | ED10 Spare Part,Verified part number D605-0906: 软管尾端，低压 for ED10. Check equipment compatibility and submit an RFQ to qualified mining spare parts suppliers on KuangpeiYun.,/part-number/d605-0906,Request Quote,/rfq/new?partNumber=D605-0906,PUBLISHED_READY,2026-09-18
PN-000539,A2U220-252036,a2u220-252036,Sandvik / EIMCO,Underground LHD,ED10,Other,罩－W/M腔,,罩－W/M腔,EXPLICIT,VERIFIED,HIGH,"ED10 parts manual page 20, item 1",伊泰LS190-ED10配件手册.pdf,A2U220-252036 — 罩－W/M腔,A2U220-252036 罩－W/M腔 | ED10 Spare Part,Verified part number A2U220-252036: 罩－W/M腔 for ED10. Check equipment compatibility and submit an RFQ to qualified mining spare parts suppliers on KuangpeiY,/part-number/a2u220-252036,Request Quote,/rfq/new?partNumber=A2U220-252036,PUBLISHED_READY,2026-09-18
PN-000536,A2U220-251090,a2u220-251090,Sandvik / EIMCO,Underground LHD,ED10,Other,里面,,里面,EXPLICIT,VERIFIED,HIGH,"ED10 parts manual page 20, item 2",伊泰LS190-ED10配件手册.pdf,A2U220-251090 — 里面,A2U220-251090 里面 | ED10 Spare Part,Verified part number A2U220-251090: 里面 for ED10. Check equipment compatibility and submit an RFQ to qualified mining spare parts suppliers on KuangpeiYun.,/part-number/a2u220-251090,Request Quote,/rfq/new?partNumber=A2U220-251090,PUBLISHED_READY,2026-09-18
PN-000729,A2U900-254082,a2u900-254082,Sandvik / EIMCO,Underground LHD,ED10,Other,盖－插入,,盖－插入,EXPLICIT,VERIFIED,HIGH,"ED10 parts manual page 20, item 3",伊泰LS190-ED10配件手册.pdf,A2U900-254082 — 盖－插入,A2U900-254082 盖－插入 | ED10 Spare Part,Verified part number A2U900-254082: 盖－插入 for ED10. Check equipment compatibility and submit an RFQ to qualified mining spare parts suppliers on KuangpeiYun,/part-number/a2u900-254082,Request Quote,/rfq/new?partNumber=A2U900-254082,PUBLISHED_READY,2026-09-18
PN-000544,A2U220-254088,a2u220-254088,Sandvik / EIMCO,Underground LHD,ED10,Seal/Gasket,EXHAUST CONDITIONER GASKET,EXHAUST CONDITIONER GASKET,衬垫,EXPLICIT,VERIFIED,HIGH,"ED10 parts manual page 20, item 4; SANDVIK LS190-B2285 SPARE PARTS LIST_Mining India_24.03.2026.xlsx, Sheet1, row 8",SANDVIK LS190-B2285 SPARE PARTS LIST_Mining India_24.03.2026.xlsx | 伊泰LS190-ED10配件手册.pdf,A2U220-254088 — EXHAUST CONDITIONER GASKET,A2U220-254088 EXHAUST CONDITIONER GASKET | ED10 Spare Part,Verified part number A2U220-254088: EXHAUST CONDITIONER GASKET for ED10. Check equipment compatibility and submit an RFQ to qualified mining spare parts su,/part-number/a2u220-254088,Request Quote,/rfq/new?partNumber=A2U220-254088,PUBLISHED_READY,2026-09-18
PN-000545,A2U220-254089,a2u220-254089,Sandvik / EIMCO,Underground LHD,ED10,Seal/Gasket,EXHAUST CONDITIONER GASKET W/M CHAMB,EXHAUST CONDITIONER GASKET W/M CHAMB,衬垫－W/M腔,EXPLICIT,VERIFIED,HIGH,"ED10 parts manual page 20, item 5; SANDVIK LS190-B2285 SPARE PARTS LIST_Mining India_24.03.2026.xlsx, Sheet1, row 9",SANDVIK LS190-B2285 SPARE PARTS LIST_Mining India_24.03.2026.xlsx | 伊泰LS190-ED10配件手册.pdf,A2U220-254089 — EXHAUST CONDITIONER GASKET W/M CHAMB,A2U220-254089 EXHAUST CONDITIONER GASKET W/M CHAMB | ED10 Sp,Verified part number A2U220-254089: EXHAUST CONDITIONER GASKET W/M CHAMB for ED10. Check equipment compatibility and submit an RFQ to qualified mining spar,/part-number/a2u220-254089,Request Quote,/rfq/new?partNumber=A2U220-254089,PUBLISHED_READY,2026-09-18
PN-000356,A2U130-171207,a2u130-171207,Sandvik / EIMCO,Underground LHD,ED10,Other,标牌,,标牌,EXPLICIT,VERIFIED,HIGH,"ED10 parts manual page 20, item 6",伊泰LS190-ED10配件手册.pdf,A2U130-171207 — 标牌,A2U130-171207 标牌 | ED10 Spare Part,Verified part number A2U130-171207: 标牌 for ED10. Check equipment compatibility and submit an RFQ to qualified mining spare parts suppliers on KuangpeiYun.,/part-number/a2u130-171207,Request Quote,/rfq/new?partNumber=A2U130-171207,PUBLISHED_READY,2026-09-18
PN-000887,A2U921-171178,a2u921-171178,Sandvik / EIMCO,Underground LHD,ED10,Other,标牌,,标牌,EXPLICIT,VERIFIED,HIGH,"ED10 parts manual page 20, item 7",伊泰LS190-ED10配件手册.pdf,A2U921-171178 — 标牌,A2U921-171178 标牌 | ED10 Spare Part,Verified part number A2U921-171178: 标牌 for ED10. Check equipment compatibility and submit an RFQ to qualified mining spare parts suppliers on KuangpeiYun.,/part-number/a2u921-171178,Request Quote,/rfq/new?partNumber=A2U921-171178,PUBLISHED_READY,2026-09-18
PN-000537,A2U220-251091,a2u220-251091,Sandvik / EIMCO,Underground LHD,ED10,Other,外面,,外面,EXPLICIT,VERIFIED,HIGH,"ED10 parts manual page 20, item 8",伊泰LS190-ED10配件手册.pdf,A2U220-251091 — 外面,A2U220-251091 外面 | ED10 Spare Part,Verified part number A2U220-251091: 外面 for ED10. Check equipment compatibility and submit an RFQ to qualified mining spare parts suppliers on KuangpeiYun.,/part-number/a2u220-251091,Request Quote,/rfq/new?partNumber=A2U220-251091,PUBLISHED_READY,2026-09-18
PN-000725,A2U900-252029,a2u900-252029,Sandvik / EIMCO,Underground LHD,ED10,Other,里面,,里面,EXPLICIT,VERIFIED,HIGH,"ED10 parts manual page 20, item 9",伊泰LS190-ED10配件手册.pdf,A2U900-252029 — 里面,A2U900-252029 里面 | ED10 Spare Part,Verified part number A2U900-252029: 里面 for ED10. Check equipment compatibility and submit an RFQ to qualified mining spare parts suppliers on KuangpeiYun.,/part-number/a2u900-252029,Request Quote,/rfq/new?partNumber=A2U900-252029,PUBLISHED_READY,2026-09-18
PN-000159,445502755,445502755,Sandvik / EIMCO,Underground LHD,ED10,Fastener,六角头螺栓,,六角头螺栓,EXPLICIT,VERIFIED,HIGH,"ED10 parts manual page 20, item 10",伊泰LS190-ED10配件手册.pdf,445502755 — 六角头螺栓,445502755 六角头螺栓 | ED10 Spare Part,Verified part number 445502755: 六角头螺栓 for ED10. Check equipment compatibility and submit an RFQ to qualified mining spare parts suppliers on KuangpeiYun.,/part-number/445502755,Request Quote,/rfq/new?partNumber=445502755,PUBLISHED_READY,2026-09-18
PN-000749,A2U900-392103,a2u900-392103,Sandvik / EIMCO,Underground LHD,ED10,Fastener,六角螺母,,六角螺母,EXPLICIT,VERIFIED,HIGH,"ED10 parts manual page 20, item 12",伊泰LS190-ED10配件手册.pdf,A2U900-392103 — 六角螺母,A2U900-392103 六角螺母 | ED10 Spare Part,Verified part number A2U900-392103: 六角螺母 for ED10. Check equipment compatibility and submit an RFQ to qualified mining spare parts suppliers on KuangpeiYun,/part-number/a2u900-392103,Request Quote,/rfq/new?partNumber=A2U900-392103,PUBLISHED_READY,2026-09-18
PN-000750,A2U900-392104,a2u900-392104,Sandvik / EIMCO,Underground LHD,ED10,Fastener,平垫圈,,"平垫圈 | 平垫圈,S.S.",EXPLICIT,VERIFIED,HIGH,"ED10 parts manual page 20, item 13; ED10 parts manual page 80, item 18; ED10 parts manual page 180, item 3",伊泰LS190-ED10配件手册.pdf,A2U900-392104 — 平垫圈,A2U900-392104 平垫圈 | ED10 Spare Part,Verified part number A2U900-392104: 平垫圈 for ED10. Check equipment compatibility and submit an RFQ to qualified mining spare parts suppliers on KuangpeiYun.,/part-number/a2u900-392104,Request Quote,/rfq/new?partNumber=A2U900-392104,PUBLISHED_READY,2026-09-18
PN-000204,45502807,45502807,Sandvik / EIMCO,Underground LHD,ED10,Fastener,六角头螺栓,,六角头螺栓,EXPLICIT,VERIFIED,HIGH,"ED10 parts manual page 22, item 1",伊泰LS190-ED10配件手册.pdf,45502807 — 六角头螺栓,45502807 六角头螺栓 | ED10 Spare Part,Verified part number 45502807: 六角头螺栓 for ED10. Check equipment compatibility and submit an RFQ to qualified mining spare parts suppliers on KuangpeiYun.,/part-number/45502807,Request Quote,/rfq/new?partNumber=45502807,PUBLISHED_READY,2026-09-18
PN-000174,445502845,445502845,Sandvik / EIMCO,Underground LHD,ED10,Fastener,六角头螺栓,,六角头螺栓,EXPLICIT,VERIFIED,HIGH,"ED10 parts manual page 22, item 2; ED10 parts manual page 279, item 14; ED10 parts manual page 317, item 7",伊泰LS190-ED10配件手册.pdf,445502845 — 六角头螺栓,445502845 六角头螺栓 | ED10 Spare Part,Verified part number 445502845: 六角头螺栓 for ED10. Check equipment compatibility and submit an RFQ to qualified mining spare parts suppliers on KuangpeiYun.,/part-number/445502845,Request Quote,/rfq/new?partNumber=445502845,PUBLISHED_READY,2026-09-18
PN-000546,A2U220-254091,a2u220-254091,Sandvik / EIMCO,Underground LHD,ED10,Seal/Gasket,GASKET PURIFIER TO SCRUBBER,GASKET PURIFIER TO SCRUBBER,衬垫，废气向下管与水洗箱法兰之间,EXPLICIT,VERIFIED,HIGH,"ED10 parts manual page 22, item 5; SANDVIK LS190-B2285 SPARE PARTS LIST_Mining India_24.03.2026.xlsx, Sheet1, row 17",SANDVIK LS190-B2285 SPARE PARTS LIST_Mining India_24.03.2026.xlsx | 伊泰LS190-ED10配件手册.pdf,A2U220-254091 — GASKET PURIFIER TO SCRUBBER,A2U220-254091 GASKET PURIFIER TO SCRUBBER | ED10 Spare Part,Verified part number A2U220-254091: GASKET PURIFIER TO SCRUBBER for ED10. Check equipment compatibility and submit an RFQ to qualified mining spare parts s,/part-number/a2u220-254091,Request Quote,/rfq/new?partNumber=A2U220-254091,PUBLISHED_READY,2026-09-18
PN-000547,A2U220-254092,a2u220-254092,Sandvik / EIMCO,Underground LHD,ED10,Engine,GASKET - TURBO TO PURIFIER,GASKET - TURBO TO PURIFIER,衬垫，涡轮增压器与废气向下管之间,EXPLICIT,VERIFIED,HIGH,"ED10 parts manual page 22, item 6; SANDVIK LS190-B2285 SPARE PARTS LIST_Mining India_24.03.2026.xlsx, Sheet1, row 18",SANDVIK LS190-B2285 SPARE PARTS LIST_Mining India_24.03.2026.xlsx | 伊泰LS190-ED10配件手册.pdf,A2U220-254092 — GASKET - TURBO TO PURIFIER,A2U220-254092 GASKET - TURBO TO PURIFIER | ED10 Spare Part,Verified part number A2U220-254092: GASKET - TURBO TO PURIFIER for ED10. Check equipment compatibility and submit an RFQ to qualified mining spare parts su,/part-number/a2u220-254092,Request Quote,/rfq/new?partNumber=A2U220-254092,PUBLISHED_READY,2026-09-18
PN-000554,A2U220-257011,a2u220-257011,Sandvik / EIMCO,Underground LHD,ED10,Other,CATALYTIC PURIFIER WATER COOLER,CATALYTIC PURIFIER WATER COOLER,净气器,EXPLICIT,VERIFIED,HIGH,"ED10 parts manual page 22, item 7; SANDVIK LS190-B2285 SPARE PARTS LIST_Mining India_24.03.2026.xlsx, Sheet1, row 13",SANDVIK LS190-B2285 SPARE PARTS LIST_Mining India_24.03.2026.xlsx | 伊泰LS190-ED10配件手册.pdf,A2U220-257011 — CATALYTIC PURIFIER WATER COOLER,A2U220-257011 CATALYTIC PURIFIER WATER COOLER | ED10 Spare P,Verified part number A2U220-257011: CATALYTIC PURIFIER WATER COOLER for ED10. Check equipment compatibility and submit an RFQ to qualified mining spare par,/part-number/a2u220-257011,Request Quote,/rfq/new?partNumber=A2U220-257011,PUBLISHED_READY,2026-09-18
PN-001737,D59-02,d59-02,Sandvik / EIMCO,Underground LHD,ED10,Other,塞子,,塞子,EXPLICIT,VERIFIED,HIGH,"ED10 parts manual page 22, item 8; ED10 parts manual page 69, item 9",伊泰LS190-ED10配件手册.pdf,D59-02 — 塞子,D59-02 塞子 | ED10 Spare Part,Verified part number D59-02: 塞子 for ED10. Check equipment compatibility and submit an RFQ to qualified mining spare parts suppliers on KuangpeiYun.,/part-number/d59-02,Request Quote,/rfq/new?partNumber=D59-02,PUBLISHED_READY,2026-09-18
PN-001739,D60-06,d60-06,Sandvik / EIMCO,Underground LHD,ED10,Other,塞子,,塞子,EXPLICIT,VERIFIED,HIGH,"ED10 parts manual page 22, item 9",伊泰LS190-ED10配件手册.pdf,D60-06 — 塞子,D60-06 塞子 | ED10 Spare Part,Verified part number D60-06: 塞子 for ED10. Check equipment compatibility and submit an RFQ to qualified mining spare parts suppliers on KuangpeiYun.,/part-number/d60-06,Request Quote,/rfq/new?partNumber=D60-06,PUBLISHED_READY,2026-09-18
PN-000551,A2U220-255301,a2u220-255301,Sandvik / EIMCO,Underground LHD,ED10,Other,排气，出口,,排气，出口,EXPLICIT,VERIFIED,HIGH,"ED10 parts manual page 24, item 1",伊泰LS190-ED10配件手册.pdf,A2U220-255301 — 排气，出口,A2U220-255301 排气，出口 | ED10 Spare Part,Verified part number A2U220-255301: 排气，出口 for ED10. Check equipment compatibility and submit an RFQ to qualified mining spare parts suppliers on KuangpeiYu,/part-number/a2u220-255301,Request Quote,/rfq/new?partNumber=A2U220-255301,PUBLISHED_READY,2026-09-18
PN-000540,A2U220-252038,a2u220-252038,Sandvik / EIMCO,Underground LHD,ED10,Filter,排气过滤器壳,,排气过滤器壳,EXPLICIT,VERIFIED,HIGH,"ED10 parts manual page 24, item 2",伊泰LS190-ED10配件手册.pdf,A2U220-252038 — 排气过滤器壳,A2U220-252038 排气过滤器壳 | ED10 Spare Part,Verified part number A2U220-252038: 排气过滤器壳 for ED10. Check equipment compatibility and submit an RFQ to qualified mining spare parts suppliers on KuangpeiY,/part-number/a2u220-252038,Request Quote,/rfq/new?partNumber=A2U220-252038,PUBLISHED_READY,2026-09-18
PN-000550,A2U220-255296,a2u220-255296,Sandvik / EIMCO,Underground LHD,ED10,Other,排气，出口，管道,,排气，出口，管道,EXPLICIT,VERIFIED,HIGH,"ED10 parts manual page 24, item 3",伊泰LS190-ED10配件手册.pdf,A2U220-255296 — 排气，出口，管道,A2U220-255296 排气，出口，管道 | ED10 Spare Part,Verified part number A2U220-255296: 排气，出口，管道 for ED10. Check equipment compatibility and submit an RFQ to qualified mining spare parts suppliers on Kuangpe,/part-number/a2u220-255296,Request Quote,/rfq/new?partNumber=A2U220-255296,PUBLISHED_READY,2026-09-18
PN-000552,A2U220-255321,a2u220-255321,Sandvik / EIMCO,Underground LHD,ED10,Other,排气，出口，管道,,排气，出口，管道,EXPLICIT,VERIFIED,HIGH,"ED10 parts manual page 24, item 4",伊泰LS190-ED10配件手册.pdf,A2U220-255321 — 排气，出口，管道,A2U220-255321 排气，出口，管道 | ED10 Spare Part,Verified part number A2U220-255321: 排气，出口，管道 for ED10. Check equipment compatibility and submit an RFQ to qualified mining spare parts suppliers on Kuangpe,/part-number/a2u220-255321,Request Quote,/rfq/new?partNumber=A2U220-255321,PUBLISHED_READY,2026-09-18
PN-000549,A2U220-254095,a2u220-254095,Sandvik / EIMCO,Underground LHD,ED10,Seal/Gasket,"GASKET, EXHAUST CONDITIONER OUTLET PIPE","GASKET, EXHAUST CONDITIONER OUTLET PIPE",衬垫，排气出口管,EXPLICIT,VERIFIED,HIGH,"ED10 parts manual page 24, item 5; SANDVIK LS190-B2285 SPARE PARTS LIST_Mining India_24.03.2026.xlsx, Sheet1, row 11",SANDVIK LS190-B2285 SPARE PARTS LIST_Mining India_24.03.2026.xlsx | 伊泰LS190-ED10配件手册.pdf,"A2U220-254095 — GASKET, EXHAUST CONDITIONER OUTLET PIPE","A2U220-254095 GASKET, EXHAUST CONDITIONER OUTLET PIPE | ED10","Verified part number A2U220-254095: GASKET, EXHAUST CONDITIONER OUTLET PIPE for ED10. Check equipment compatibility and submit an RFQ to qualified mining s",/part-number/a2u220-254095,Request Quote,/rfq/new?partNumber=A2U220-254095,PUBLISHED_READY,2026-09-18
PN-000548,A2U220-254094,a2u220-254094,Sandvik / EIMCO,Underground LHD,ED10,Seal/Gasket,衬垫，排气出口管,,衬垫，排气出口管,EXPLICIT,VERIFIED,HIGH,"ED10 parts manual page 24, item 6",伊泰LS190-ED10配件手册.pdf,A2U220-254094 — 衬垫，排气出口管,A2U220-254094 衬垫，排气出口管 | ED10 Spare Part,Verified part number A2U220-254094: 衬垫，排气出口管 for ED10. Check equipment compatibility and submit an RFQ to qualified mining spare parts suppliers on Kuangpe,/part-number/a2u220-254094,Request Quote,/rfq/new?partNumber=A2U220-254094,PUBLISHED_READY,2026-09-18
PN-000679,A2U450-244083,a2u450-244083,Sandvik / EIMCO,Underground LHD,ED10,Other,BELLOWS,BELLOWS,减压箱，硅酮,EXPLICIT,VERIFIED,HIGH,"ED10 parts manual page 24, item 7; SANDVIK LS190-B2285 SPARE PARTS LIST_Mining India_24.03.2026.xlsx, Sheet1, row 15",SANDVIK LS190-B2285 SPARE PARTS LIST_Mining India_24.03.2026.xlsx | 伊泰LS190-ED10配件手册.pdf,A2U450-244083 — BELLOWS,A2U450-244083 BELLOWS | ED10 Spare Part,Verified part number A2U450-244083: BELLOWS for ED10. Check equipment compatibility and submit an RFQ to qualified mining spare parts suppliers on Kuangpei,/part-number/a2u450-244083,Request Quote,/rfq/new?partNumber=A2U450-244083,PUBLISHED_READY,2026-09-18
PN-001649,D2NP14-8343,d2np14-8343,Sandvik / EIMCO,Underground LHD,"ED10, LS190",Hose/Fitting,HOSE CLAMP RB 64117577 RB,"HOSE CLAMP RB 64117577 RB | Bolt Clamp | T-BOLT CLAMP 4"" ID -",螺栓夹 | T形螺栓夹,EXPLICIT,VERIFIED,HIGH,"ED10 parts manual page 24, item 8; ED10 parts manual page 57, item 16; ED10 parts manual page 67, item 13; SANDVIK LS 190-312 PARTS20260228.xlsx, Sheet1, row 150; SANDVIK LS190-B2285 SPARE PARTS LIST_Mining India_24.03.2026.xlsx, Sheet1, row 12; SANDVIK LS190-B2285 SPARE PARTS LIST_Mining India_24.03.2026.xlsx, Sheet1, row 58; SANDVIK LS190-B2285 SPARE PARTS LIST_Mining India_24.03.2026.xlsx, Sheet1, row 101; Purchase Order-Shanxi.xlsx, Sheet1, row 11; Purchase Order-Shanxi.xlsx, Sheet1, row 17; Purchase Order-Shanxi.xlsx, Sheet1, row 22",Purchase Order-Shanxi.xlsx | SANDVIK LS 190-312 PARTS20260228.xlsx | SANDVIK LS190-B2285 SPARE PARTS LIST_Mining India_24.03.2026.xlsx | 伊泰LS190-ED10配件手册.pdf,D2NP14-8343 — HOSE CLAMP RB 64117577 RB,"D2NP14-8343 HOSE CLAMP RB 64117577 RB | ED10, LS190 Spare Pa","Verified part number D2NP14-8343: HOSE CLAMP RB 64117577 RB for ED10, LS190. Check equipment compatibility and submit an RFQ to qualified mining spare part",/part-number/d2np14-8343,Request Quote,/rfq/new?partNumber=D2NP14-8343,PUBLISHED_READY,2026-09-18
PN-000171,445502842,445502842,Sandvik / EIMCO,Underground LHD,ED10,Fastener,六角头螺栓,,六角头螺栓 | 螺钉,EXPLICIT,VERIFIED,HIGH,"ED10 parts manual page 24, item 10; ED10 parts manual page 24, item 11; ED10 parts manual page 36, item 47; ED10 parts manual page 44, item 1; ED10 parts manual page 173, item 17; ED10 parts manual page 183, item 19; ED10 parts manual page 275, item 6; ED10 parts manual page 279, item 13; ED10 parts manual page 319, item 12",伊泰LS190-ED10配件手册.pdf,445502842 — 六角头螺栓,445502842 六角头螺栓 | ED10 Spare Part,Verified part number 445502842: 六角头螺栓 for ED10. Check equipment compatibility and submit an RFQ to qualified mining spare parts suppliers on KuangpeiYun.,/part-number/445502842,Request Quote,/rfq/new?partNumber=445502842,PUBLISHED_READY,2026-09-18
PN-000325,64404408,64404408,Sandvik / EIMCO,Underground LHD,ED10,Fastener,平垫圈,,平垫圈,EXPLICIT,VERIFIED,HIGH,"ED10 parts manual page 24, item 12; ED10 parts manual page 39, item 22; ED10 parts manual page 49, item 28; ED10 parts manual page 183, item 22; ED10 parts manual page 232, item 6; ED10 parts manual page 279, item 18",伊泰LS190-ED10配件手册.pdf,64404408 — 平垫圈,64404408 平垫圈 | ED10 Spare Part,Verified part number 64404408: 平垫圈 for ED10. Check equipment compatibility and submit an RFQ to qualified mining spare parts suppliers on KuangpeiYun.,/part-number/64404408,Request Quote,/rfq/new?partNumber=64404408,PUBLISHED_READY,2026-09-18
PN-000034,A2U936-694046,a2u936-694046,Sandvik / EIMCO,Underground LHD,ED10,Hydraulic,Exhaust Shutdown Valve,EXHAUST SHUTDOWN VALVE,排气信号传送器总成 | 阀门,EXPLICIT,VERIFIED,HIGH,"ED10 parts manual page 24, item 13; 山特维克ls190-20260806.xlsx, Sheet1, row 24; SANDVIK LS 190-312 PARTS20260228.xlsx, Sheet1, row 75",SANDVIK LS 190-312 PARTS20260228.xlsx | 伊泰LS190-ED10配件手册.pdf | 山特维克ls190-20260806.xlsx,A2U936-694046 — Exhaust Shutdown Valve,A2U936-694046 Exhaust Shutdown Valve | ED10 Spare Part,Verified part number A2U936-694046: Exhaust Shutdown Valve for ED10. Check equipment compatibility and submit an RFQ to qualified mining spare parts suppli,/part-number/a2u936-694046,Request Quote,/rfq/new?partNumber=A2U936-694046,PUBLISHED_READY,2026-09-18
PN-000584,A2U220-291228,a2u220-291228,Sandvik / EIMCO,Underground LHD,ED10,Filter,托架，颗粒过滤器壳,,托架，颗粒过滤器壳,EXPLICIT,VERIFIED,HIGH,"ED10 parts manual page 24, item 14",伊泰LS190-ED10配件手册.pdf,A2U220-291228 — 托架，颗粒过滤器壳,A2U220-291228 托架，颗粒过滤器壳 | ED10 Spare Part,Verified part number A2U220-291228: 托架，颗粒过滤器壳 for ED10. Check equipment compatibility and submit an RFQ to qualified mining spare parts suppliers on Kuangp,/part-number/a2u220-291228,Request Quote,/rfq/new?partNumber=A2U220-291228,PUBLISHED_READY,2026-09-18
PN-000140,445402816,445402816,Sandvik / EIMCO,Underground LHD,ED10,Fastener,六角头螺栓,,六角头螺栓,EXPLICIT,VERIFIED,HIGH,"ED10 parts manual page 26, item 1",伊泰LS190-ED10配件手册.pdf,445402816 — 六角头螺栓,445402816 六角头螺栓 | ED10 Spare Part,Verified part number 445402816: 六角头螺栓 for ED10. Check equipment compatibility and submit an RFQ to qualified mining spare parts suppliers on KuangpeiYun.,/part-number/445402816,Request Quote,/rfq/new?partNumber=445402816,PUBLISHED_READY,2026-09-18
PN-000737,A2U900-292008,a2u900-292008,Sandvik / EIMCO,Underground LHD,ED10,Other,构件,,构件,EXPLICIT,VERIFIED,HIGH,"ED10 parts manual page 26, item 2",伊泰LS190-ED10配件手册.pdf,A2U900-292008 — 构件,A2U900-292008 构件 | ED10 Spare Part,Verified part number A2U900-292008: 构件 for ED10. Check equipment compatibility and submit an RFQ to qualified mining spare parts suppliers on KuangpeiYun.,/part-number/a2u900-292008,Request Quote,/rfq/new?partNumber=A2U900-292008,PUBLISHED_READY,2026-09-18
PN-000691,A2U900-191928,a2u900-191928,Sandvik / EIMCO,Underground LHD,ED10,Structure,RUBBER MOUNT Cushion Connector,RUBBER MOUNT Cushion Connector,垫子连接器,EXPLICIT,VERIFIED,HIGH,"ED10 parts manual page 26, item 3; SANDVIK LS190-B2285 SPARE PARTS LIST_Mining India_24.03.2026.xlsx, Sheet1, row 10",SANDVIK LS190-B2285 SPARE PARTS LIST_Mining India_24.03.2026.xlsx | 伊泰LS190-ED10配件手册.pdf,A2U900-191928 — RUBBER MOUNT Cushion Connector,A2U900-191928 RUBBER MOUNT Cushion Connector | ED10 Spare Pa,Verified part number A2U900-191928: RUBBER MOUNT Cushion Connector for ED10. Check equipment compatibility and submit an RFQ to qualified mining spare part,/part-number/a2u900-191928,Request Quote,/rfq/new?partNumber=A2U900-191928,PUBLISHED_READY,2026-09-18
PN-000541,A2U220-252039,a2u220-252039,Sandvik / EIMCO,Underground LHD,ED10,Other,门,,门,EXPLICIT,VERIFIED,HIGH,"ED10 parts manual page 26, item 4",伊泰LS190-ED10配件手册.pdf,A2U220-252039 — 门,A2U220-252039 门 | ED10 Spare Part,Verified part number A2U220-252039: 门 for ED10. Check equipment compatibility and submit an RFQ to qualified mining spare parts suppliers on KuangpeiYun.,/part-number/a2u220-252039,Request Quote,/rfq/new?partNumber=A2U220-252039,PUBLISHED_READY,2026-09-18
PN-000481,A2U220-196142,a2u220-196142,Sandvik / EIMCO,Underground LHD,ED10,Other,把手,,把手,EXPLICIT,VERIFIED,HIGH,"ED10 parts manual page 26, item 5",伊泰LS190-ED10配件手册.pdf,A2U220-196142 — 把手,A2U220-196142 把手 | ED10 Spare Part,Verified part number A2U220-196142: 把手 for ED10. Check equipment compatibility and submit an RFQ to qualified mining spare parts suppliers on KuangpeiYun.,/part-number/a2u220-196142,Request Quote,/rfq/new?partNumber=A2U220-196142,PUBLISHED_READY,2026-09-18
PN-000847,A2U913-252021,a2u913-252021,Sandvik / EIMCO,Underground LHD,ED10,Structure,止动销,,止动销,EXPLICIT,VERIFIED,HIGH,"ED10 parts manual page 26, item 6",伊泰LS190-ED10配件手册.pdf,A2U913-252021 — 止动销,A2U913-252021 止动销 | ED10 Spare Part,Verified part number A2U913-252021: 止动销 for ED10. Check equipment compatibility and submit an RFQ to qualified mining spare parts suppliers on KuangpeiYun.,/part-number/a2u913-252021,Request Quote,/rfq/new?partNumber=A2U913-252021,PUBLISHED_READY,2026-09-18
PN-000726,A2U900-252050,a2u900-252050,Sandvik / EIMCO,Underground LHD,ED10,Filter,颗粒过滤器,,颗粒过滤器,EXPLICIT,VERIFIED,HIGH,"ED10 parts manual page 26, item 7",伊泰LS190-ED10配件手册.pdf,A2U900-252050 — 颗粒过滤器,A2U900-252050 颗粒过滤器 | ED10 Spare Part,Verified part number A2U900-252050: 颗粒过滤器 for ED10. Check equipment compatibility and submit an RFQ to qualified mining spare parts suppliers on KuangpeiYu,/part-number/a2u900-252050,Request Quote,/rfq/new?partNumber=A2U900-252050,PUBLISHED_READY,2026-09-18
PN-000610,A2U220-378028,a2u220-378028,Sandvik / EIMCO,Underground LHD,ED10,Seal/Gasket,密封,,密封,EXPLICIT,VERIFIED,HIGH,"ED10 parts manual page 26, item 8",伊泰LS190-ED10配件手册.pdf,A2U220-378028 — 密封,A2U220-378028 密封 | ED10 Spare Part,Verified part number A2U220-378028: 密封 for ED10. Check equipment compatibility and submit an RFQ to qualified mining spare parts suppliers on KuangpeiYun.,/part-number/a2u220-378028,Request Quote,/rfq/new?partNumber=A2U220-378028,PUBLISHED_READY,2026-09-18
PN-000611,A2U220-378029,a2u220-378029,Sandvik / EIMCO,Underground LHD,ED10,Seal/Gasket,密封,,密封,EXPLICIT,VERIFIED,HIGH,"ED10 parts manual page 26, item 9",伊泰LS190-ED10配件手册.pdf,A2U220-378029 — 密封,A2U220-378029 密封 | ED10 Spare Part,Verified part number A2U220-378029: 密封 for ED10. Check equipment compatibility and submit an RFQ to qualified mining spare parts suppliers on KuangpeiYun.,/part-number/a2u220-378029,Request Quote,/rfq/new?partNumber=A2U220-378029,PUBLISHED_READY,2026-09-18
PN-000184,445504761,445504761,Sandvik / EIMCO,Underground LHD,ED10,Fastener,六角头螺栓,,六角头螺栓,EXPLICIT,VERIFIED,HIGH,"ED10 parts manual page 26, item 10",伊泰LS190-ED10配件手册.pdf,445504761 — 六角头螺栓,445504761 六角头螺栓 | ED10 Spare Part,Verified part number 445504761: 六角头螺栓 for ED10. Check equipment compatibility and submit an RFQ to qualified mining spare parts suppliers on KuangpeiYun.,/part-number/445504761,Request Quote,/rfq/new?partNumber=445504761,PUBLISHED_READY,2026-09-18
PN-000211,455309034,455309034,Sandvik / EIMCO,Underground LHD,ED10,Fastener,六角螺母,,六角螺母 | 螺母,EXPLICIT,VERIFIED,HIGH,"ED10 parts manual page 26, item 11; ED10 parts manual page 39, item 30; ED10 parts manual page 39, item 31; ED10 parts manual page 42, item 10; ED10 parts manual page 80, item 14; ED10 parts manual page 183, item 17; ED10 parts manual page 183, item 35",伊泰LS190-ED10配件手册.pdf,455309034 — 六角螺母,455309034 六角螺母 | ED10 Spare Part,Verified part number 455309034: 六角螺母 for ED10. Check equipment compatibility and submit an RFQ to qualified mining spare parts suppliers on KuangpeiYun.,/part-number/455309034,Request Quote,/rfq/new?partNumber=455309034,PUBLISHED_READY,2026-09-18
PN-000216,455669034,455669034,Sandvik / EIMCO,Underground LHD,ED10,Fastener,内嵌尼龙螺母,,"内嵌尼龙螺母 | 内嵌尼龙六角螺母 | 内嵌尼龙六角螺母t, M10 X 1.5 | 内嵌尼龙螺栓 | 防松螺母",EXPLICIT,VERIFIED,HIGH,"ED10 parts manual page 26, item 12; ED10 parts manual page 28, item 15; ED10 parts manual page 46, item 4; ED10 parts manual page 173, item 20; ED10 parts manual page 209, item 7",伊泰LS190-ED10配件手册.pdf,455669034 — 内嵌尼龙螺母,455669034 内嵌尼龙螺母 | ED10 Spare Part,Verified part number 455669034: 内嵌尼龙螺母 for ED10. Check equipment compatibility and submit an RFQ to qualified mining spare parts suppliers on KuangpeiYun.,/part-number/455669034,Request Quote,/rfq/new?partNumber=455669034,PUBLISHED_READY,2026-09-18
PN-000895,A2U925-263001,a2u925-263001,Sandvik / EIMCO,Underground LHD,ED10,Other,加油盖闭锁,,加油盖闭锁 | 加水盖，辅助水箱 | 加水盖闭锁,EXPLICIT,VERIFIED,HIGH,"ED10 parts manual page 28, item 1; ED10 parts manual page 35, item 45; ED10 parts manual page 44, item 7",伊泰LS190-ED10配件手册.pdf,A2U925-263001 — 加油盖闭锁,A2U925-263001 加油盖闭锁 | ED10 Spare Part,Verified part number A2U925-263001: 加油盖闭锁 for ED10. Check equipment compatibility and submit an RFQ to qualified mining spare parts suppliers on KuangpeiYu,/part-number/a2u925-263001,Request Quote,/rfq/new?partNumber=A2U925-263001,PUBLISHED_READY,2026-09-18
PN-000727,A2U900-253007,a2u900-253007,Sandvik / EIMCO,Underground LHD,ED10,Structure,接管嘴安装,,接管嘴安装,EXPLICIT,VERIFIED,HIGH,"ED10 parts manual page 28, item 2",伊泰LS190-ED10配件手册.pdf,A2U900-253007 — 接管嘴安装,A2U900-253007 接管嘴安装 | ED10 Spare Part,Verified part number A2U900-253007: 接管嘴安装 for ED10. Check equipment compatibility and submit an RFQ to qualified mining spare parts suppliers on KuangpeiYu,/part-number/a2u900-253007,Request Quote,/rfq/new?partNumber=A2U900-253007,PUBLISHED_READY,2026-09-18
PN-000702,A2U900-237007,a2u900-237007,Sandvik / EIMCO,Underground LHD,ED10,Electrical,FLUID LEVEL GAUGE,FLUID LEVEL GAUGE,液位指示器,EXPLICIT,VERIFIED,HIGH,"ED10 parts manual page 28, item 3; SANDVIK LS190-B2285 SPARE PARTS LIST_Mining India_24.03.2026.xlsx, Sheet1, row 63",SANDVIK LS190-B2285 SPARE PARTS LIST_Mining India_24.03.2026.xlsx | 伊泰LS190-ED10配件手册.pdf,A2U900-237007 — FLUID LEVEL GAUGE,A2U900-237007 FLUID LEVEL GAUGE | ED10 Spare Part,Verified part number A2U900-237007: FLUID LEVEL GAUGE for ED10. Check equipment compatibility and submit an RFQ to qualified mining spare parts suppliers o,/part-number/a2u900-237007,Request Quote,/rfq/new?partNumber=A2U900-237007,PUBLISHED_READY,2026-09-18
PN-000699,A2U900-231034,a2u900-231034,Sandvik / EIMCO,Underground LHD,ED10,Structure,指示器罩安装,,指示器罩安装,EXPLICIT,VERIFIED,HIGH,"ED10 parts manual page 28, item 5",伊泰LS190-ED10配件手册.pdf,A2U900-231034 — 指示器罩安装,A2U900-231034 指示器罩安装 | ED10 Spare Part,Verified part number A2U900-231034: 指示器罩安装 for ED10. Check equipment compatibility and submit an RFQ to qualified mining spare parts suppliers on KuangpeiY,/part-number/a2u900-231034,Request Quote,/rfq/new?partNumber=A2U900-231034,PUBLISHED_READY,2026-09-18
PN-000728,A2U900-254054,a2u900-254054,Sandvik / EIMCO,Underground LHD,ED10,Fastener,垫圈,,垫圈,EXPLICIT,VERIFIED,HIGH,"ED10 parts manual page 28, item 6",伊泰LS190-ED10配件手册.pdf,A2U900-254054 — 垫圈,A2U900-254054 垫圈 | ED10 Spare Part,Verified part number A2U900-254054: 垫圈 for ED10. Check equipment compatibility and submit an RFQ to qualified mining spare parts suppliers on KuangpeiYun.,/part-number/a2u900-254054,Request Quote,/rfq/new?partNumber=A2U900-254054,PUBLISHED_READY,2026-09-18
PN-000048,A2U921-254035,a2u921-254035,Sandvik / EIMCO,Underground LHD,ED10,Seal/Gasket,Gasket,GASKET,垫圈,EXPLICIT,VERIFIED,HIGH,"ED10 parts manual page 28, item 7; SANDVIK LS 190-312 PARTS20260228.xlsx, Sheet1, row 98; SANDVIK LS190-B2285 SPARE PARTS LIST_Mining India_24.03.2026.xlsx, Sheet1, row 67",SANDVIK LS 190-312 PARTS20260228.xlsx | SANDVIK LS190-B2285 SPARE PARTS LIST_Mining India_24.03.2026.xlsx | 伊泰LS190-ED10配件手册.pdf,A2U921-254035 — Gasket,A2U921-254035 Gasket | ED10 Spare Part,Verified part number A2U921-254035: Gasket for ED10. Check equipment compatibility and submit an RFQ to qualified mining spare parts suppliers on KuangpeiY,/part-number/a2u921-254035,Request Quote,/rfq/new?partNumber=A2U921-254035,PUBLISHED_READY,2026-09-18
PN-000906,A2U955-252017,a2u955-252017,Sandvik / EIMCO,Underground LHD,ED10,Other,盖，S.S,,盖，S.S,EXPLICIT,VERIFIED,HIGH,"ED10 parts manual page 28, item 8",伊泰LS190-ED10配件手册.pdf,A2U955-252017 — 盖，S.S,A2U955-252017 盖，S.S | ED10 Spare Part,Verified part number A2U955-252017: 盖，S.S for ED10. Check equipment compatibility and submit an RFQ to qualified mining spare parts suppliers on KuangpeiYu,/part-number/a2u955-252017,Request Quote,/rfq/new?partNumber=A2U955-252017,PUBLISHED_READY,2026-09-18
PN-000394,A2U130-255261,a2u130-255261,Sandvik / EIMCO,Underground LHD,ED10,Other,塞子，六角头，S.S.,,塞子，六角头，S.S.,EXPLICIT,VERIFIED,HIGH,"ED10 parts manual page 28, item 9",伊泰LS190-ED10配件手册.pdf,A2U130-255261 — 塞子，六角头，S.S.,A2U130-255261 塞子，六角头，S.S. | ED10 Spare Part,Verified part number A2U130-255261: 塞子，六角头，S.S. for ED10. Check equipment compatibility and submit an RFQ to qualified mining spare parts suppliers on Kuan,/part-number/a2u130-255261,Request Quote,/rfq/new?partNumber=A2U130-255261,PUBLISHED_READY,2026-09-18
PN-000538,A2U220-251093,a2u220-251093,Sandvik / EIMCO,Underground LHD,ED10,Other,补接水箱，S.S,,补接水箱，S.S,EXPLICIT,VERIFIED,HIGH,"ED10 parts manual page 28, item 10",伊泰LS190-ED10配件手册.pdf,A2U220-251093 — 补接水箱，S.S,A2U220-251093 补接水箱，S.S | ED10 Spare Part,Verified part number A2U220-251093: 补接水箱，S.S for ED10. Check equipment compatibility and submit an RFQ to qualified mining spare parts suppliers on Kuangpe,/part-number/a2u220-251093,Request Quote,/rfq/new?partNumber=A2U220-251093,PUBLISHED_READY,2026-09-18
PN-000785,A2U900-592030,a2u900-592030,Sandvik / EIMCO,Underground LHD,ED10,Other,Strainer S.S.,Strainer S.S.,过滤器，S.S,EXPLICIT,VERIFIED,HIGH,"ED10 parts manual page 28, item 11; SANDVIK LS 190-312 PARTS20260228.xlsx, Sheet1, row 159",SANDVIK LS 190-312 PARTS20260228.xlsx | 伊泰LS190-ED10配件手册.pdf,A2U900-592030 — Strainer S.S.,A2U900-592030 Strainer S.S. | ED10 Spare Part,Verified part number A2U900-592030: Strainer S.S. for ED10. Check equipment compatibility and submit an RFQ to qualified mining spare parts suppliers on Ku,/part-number/a2u900-592030,Request Quote,/rfq/new?partNumber=A2U900-592030,PUBLISHED_READY,2026-09-18
PN-000753,A2U900-392117,a2u900-392117,Sandvik / EIMCO,Underground LHD,ED10,Fastener,六角头螺栓，S.S,,六角头螺栓，S.S | 销钉,EXPLICIT,VERIFIED,HIGH,"ED10 parts manual page 28, item 12; ED10 parts manual page 30, item 10",伊泰LS190-ED10配件手册.pdf,A2U900-392117 — 六角头螺栓，S.S,A2U900-392117 六角头螺栓，S.S | ED10 Spare Part,Verified part number A2U900-392117: 六角头螺栓，S.S for ED10. Check equipment compatibility and submit an RFQ to qualified mining spare parts suppliers on Kuangp,/part-number/a2u900-392117,Request Quote,/rfq/new?partNumber=A2U900-392117,PUBLISHED_READY,2026-09-18
PN-000142,445402820,445402820,Sandvik / EIMCO,Underground LHD,ED10,Fastener,六角头螺栓,,六角头螺栓,EXPLICIT,VERIFIED,HIGH,"ED10 parts manual page 28, item 13",伊泰LS190-ED10配件手册.pdf,445402820 — 六角头螺栓,445402820 六角头螺栓 | ED10 Spare Part,Verified part number 445402820: 六角头螺栓 for ED10. Check equipment compatibility and submit an RFQ to qualified mining spare parts suppliers on KuangpeiYun.,/part-number/445402820,Request Quote,/rfq/new?partNumber=445402820,PUBLISHED_READY,2026-09-18
PN-000523,A2U220-232019,a2u220-232019,Sandvik / EIMCO,Underground LHD,ED10,Engine,盖，燃油箱,,盖，燃油箱,EXPLICIT,VERIFIED,HIGH,"ED10 parts manual page 30, item 1",伊泰LS190-ED10配件手册.pdf,A2U220-232019 — 盖，燃油箱,A2U220-232019 盖，燃油箱 | ED10 Spare Part,Verified part number A2U220-232019: 盖，燃油箱 for ED10. Check equipment compatibility and submit an RFQ to qualified mining spare parts suppliers on KuangpeiYu,/part-number/a2u220-232019,Request Quote,/rfq/new?partNumber=A2U220-232019,PUBLISHED_READY,2026-09-18
PN-000347,912-3072394,912-3072394,Sandvik / EIMCO,Underground LHD,ED10,Engine,Gauge - Fuel Level,Gauge - Fuel Level,液面指示器,EXPLICIT,VERIFIED,HIGH,"ED10 parts manual page 30, item 2; SANDVIK LS190-B2285 SPARE PARTS LIST_Mining India_24.03.2026.xlsx, Sheet1, row 49",SANDVIK LS190-B2285 SPARE PARTS LIST_Mining India_24.03.2026.xlsx | 伊泰LS190-ED10配件手册.pdf,912-3072394 — Gauge - Fuel Level,912-3072394 Gauge - Fuel Level | ED10 Spare Part,Verified part number 912-3072394: Gauge - Fuel Level for ED10. Check equipment compatibility and submit an RFQ to qualified mining spare parts suppliers on,/part-number/912-3072394,Request Quote,/rfq/new?partNumber=912-3072394,PUBLISHED_READY,2026-09-18
PN-000335,65823042,65823042,Sandvik / EIMCO,Underground LHD,ED10,Engine,"CAP,FUEL***MSHA***915-23042***","CAP,FUEL***MSHA***915-23042***",燃油盖,EXPLICIT,VERIFIED,HIGH,"ED10 parts manual page 30, item 3; SANDVIK LS 190-312 PARTS20260228.xlsx, Sheet1, row 102",SANDVIK LS 190-312 PARTS20260228.xlsx | 伊泰LS190-ED10配件手册.pdf,"65823042 — CAP,FUEL***MSHA***915-23042***","65823042 CAP,FUEL***MSHA***915-23042*** | ED10 Spare Part","Verified part number 65823042: CAP,FUEL***MSHA***915-23042*** for ED10. Check equipment compatibility and submit an RFQ to qualified mining spare parts sup",/part-number/65823042,Request Quote,/rfq/new?partNumber=65823042,PUBLISHED_READY,2026-09-18
PN-000392,A2U130-238006,a2u130-238006,Sandvik / EIMCO,Underground LHD,ED10,Engine,"GASKET, FUEL TANK","GASKET, FUEL TANK",衬垫，燃油箱,EXPLICIT,VERIFIED,HIGH,"ED10 parts manual page 30, item 4; SANDVIK LS 190-312 PARTS20260228.xlsx, Sheet1, row 99",SANDVIK LS 190-312 PARTS20260228.xlsx | 伊泰LS190-ED10配件手册.pdf,"A2U130-238006 — GASKET, FUEL TANK","A2U130-238006 GASKET, FUEL TANK | ED10 Spare Part","Verified part number A2U130-238006: GASKET, FUEL TANK for ED10. Check equipment compatibility and submit an RFQ to qualified mining spare parts suppliers o",/part-number/a2u130-238006,Request Quote,/rfq/new?partNumber=A2U130-238006,PUBLISHED_READY,2026-09-18
PN-000522,A2U220-231039,a2u220-231039,Sandvik / EIMCO,Underground LHD,ED10,Engine,燃油箱,,燃油箱,EXPLICIT,VERIFIED,HIGH,"ED10 parts manual page 30, item 5",伊泰LS190-ED10配件手册.pdf,A2U220-231039 — 燃油箱,A2U220-231039 燃油箱 | ED10 Spare Part,Verified part number A2U220-231039: 燃油箱 for ED10. Check equipment compatibility and submit an RFQ to qualified mining spare parts suppliers on KuangpeiYun.,/part-number/a2u220-231039,Request Quote,/rfq/new?partNumber=A2U220-231039,PUBLISHED_READY,2026-09-18
PN-001506,CN77-12,cn77-12,Sandvik / EIMCO,Underground LHD,ED10,Other,塞子,,塞子,EXPLICIT,VERIFIED,HIGH,"ED10 parts manual page 30, item 6",伊泰LS190-ED10配件手册.pdf,CN77-12 — 塞子,CN77-12 塞子 | ED10 Spare Part,Verified part number CN77-12: 塞子 for ED10. Check equipment compatibility and submit an RFQ to qualified mining spare parts suppliers on KuangpeiYun.,/part-number/cn77-12,Request Quote,/rfq/new?partNumber=CN77-12,PUBLISHED_READY,2026-09-18
PN-001673,D40-2424,d40-2424,Sandvik / EIMCO,Underground LHD,ED10,Hose/Fitting,45度弯头,,45度弯头,EXPLICIT,VERIFIED,HIGH,"ED10 parts manual page 30, item 8",伊泰LS190-ED10配件手册.pdf,D40-2424 — 45度弯头,D40-2424 45度弯头 | ED10 Spare Part,Verified part number D40-2424: 45度弯头 for ED10. Check equipment compatibility and submit an RFQ to qualified mining spare parts suppliers on KuangpeiYun.,/part-number/d40-2424,Request Quote,/rfq/new?partNumber=D40-2424,PUBLISHED_READY,2026-09-18
PN-000701,A2U900-237005,a2u900-237005,Sandvik / EIMCO,Underground LHD,ED10,Other,BANLAW AIR VENT,BANLAW AIR VENT,通气孔,EXPLICIT,VERIFIED,HIGH,"ED10 parts manual page 30, item 9; SANDVIK LS 190-312 PARTS20260228.xlsx, Sheet1, row 101",SANDVIK LS 190-312 PARTS20260228.xlsx | 伊泰LS190-ED10配件手册.pdf,A2U900-237005 — BANLAW AIR VENT,A2U900-237005 BANLAW AIR VENT | ED10 Spare Part,Verified part number A2U900-237005: BANLAW AIR VENT for ED10. Check equipment compatibility and submit an RFQ to qualified mining spare parts suppliers on ,/part-number/a2u900-237005,Request Quote,/rfq/new?partNumber=A2U900-237005,PUBLISHED_READY,2026-09-18
PN-000180,445502939,445502939,Sandvik / EIMCO,Underground LHD,ED10,Structure,销钉,,销钉,EXPLICIT,VERIFIED,HIGH,"ED10 parts manual page 30, item 11",伊泰LS190-ED10配件手册.pdf,445502939 — 销钉,445502939 销钉 | ED10 Spare Part,Verified part number 445502939: 销钉 for ED10. Check equipment compatibility and submit an RFQ to qualified mining spare parts suppliers on KuangpeiYun.,/part-number/445502939,Request Quote,/rfq/new?partNumber=445502939,PUBLISHED_READY,2026-09-18
PN-001778,DA4-2424,da4-2424,Sandvik / EIMCO,Underground LHD,ED10,Hose/Fitting,接头,,接头,EXPLICIT,VERIFIED,HIGH,"ED10 parts manual page 30, item 12",伊泰LS190-ED10配件手册.pdf,DA4-2424 — 接头,DA4-2424 接头 | ED10 Spare Part,Verified part number DA4-2424: 接头 for ED10. Check equipment compatibility and submit an RFQ to qualified mining spare parts suppliers on KuangpeiYun.,/part-number/da4-2424,Request Quote,/rfq/new?partNumber=DA4-2424,PUBLISHED_READY,2026-09-18
PN-000747,A2U900-392100,a2u900-392100,Sandvik / EIMCO,Underground LHD,ED10,Fastener,弹簧垫圈,,弹簧垫圈,EXPLICIT,VERIFIED,HIGH,"ED10 parts manual page 30, item 14; ED10 parts manual page 80, item 19; ED10 parts manual page 180, item 4",伊泰LS190-ED10配件手册.pdf,A2U900-392100 — 弹簧垫圈,A2U900-392100 弹簧垫圈 | ED10 Spare Part,Verified part number A2U900-392100: 弹簧垫圈 for ED10. Check equipment compatibility and submit an RFQ to qualified mining spare parts suppliers on KuangpeiYun,/part-number/a2u900-392100,Request Quote,/rfq/new?partNumber=A2U900-392100,PUBLISHED_READY,2026-09-18
PN-000700,A2U900-237004,a2u900-237004,Sandvik / EIMCO,Underground LHD,ED10,Hose/Fitting,快速加油接头,,快速加油接头,EXPLICIT,VERIFIED,HIGH,"ED10 parts manual page 30, item 15",伊泰LS190-ED10配件手册.pdf,A2U900-237004 — 快速加油接头,A2U900-237004 快速加油接头 | ED10 Spare Part,Verified part number A2U900-237004: 快速加油接头 for ED10. Check equipment compatibility and submit an RFQ to qualified mining spare parts suppliers on KuangpeiY,/part-number/a2u900-237004,Request Quote,/rfq/new?partNumber=A2U900-237004,PUBLISHED_READY,2026-09-18
PN-000573,A2U220-265065,a2u220-265065,Sandvik / EIMCO,Underground LHD,ED10,Cooling,"HOSE, RADIATOR","HOSE, RADIATOR",软管，散热器,EXPLICIT,VERIFIED,HIGH,"ED10 parts manual page 35, item 1; SANDVIK LS190-B2285 SPARE PARTS LIST_Mining India_24.03.2026.xlsx, Sheet1, row 93",SANDVIK LS190-B2285 SPARE PARTS LIST_Mining India_24.03.2026.xlsx | 伊泰LS190-ED10配件手册.pdf,"A2U220-265065 — HOSE, RADIATOR","A2U220-265065 HOSE, RADIATOR | ED10 Spare Part","Verified part number A2U220-265065: HOSE, RADIATOR for ED10. Check equipment compatibility and submit an RFQ to qualified mining spare parts suppliers on K",/part-number/a2u220-265065,Request Quote,/rfq/new?partNumber=A2U220-265065,PUBLISHED_READY,2026-09-18
PN-001742,D60-8,d60-8,Sandvik / EIMCO,Underground LHD,ED10,Other,塞子,,塞子,EXPLICIT,VERIFIED,HIGH,"ED10 parts manual page 35, item 2",伊泰LS190-ED10配件手册.pdf,D60-8 — 塞子,D60-8 塞子 | ED10 Spare Part,Verified part number D60-8: 塞子 for ED10. Check equipment compatibility and submit an RFQ to qualified mining spare parts suppliers on KuangpeiYun.,/part-number/d60-8,Request Quote,/rfq/new?partNumber=D60-8,PUBLISHED_READY,2026-09-18
PN-001648,D2NP14-8337,d2np14-8337,Sandvik / EIMCO,Underground LHD,ED10,Hose/Fitting,HOSE CLAMP RB 64800031 RB,HOSE CLAMP RB 64800031 RB | BOLT CLAMP,螺栓夹,EXPLICIT,VERIFIED,HIGH,"ED10 parts manual page 35, item 3; SANDVIK LS 190-312 PARTS20260228.xlsx, Sheet1, row 144; SANDVIK LS190-B2285 SPARE PARTS LIST_Mining India_24.03.2026.xlsx, Sheet1, row 94",SANDVIK LS 190-312 PARTS20260228.xlsx | SANDVIK LS190-B2285 SPARE PARTS LIST_Mining India_24.03.2026.xlsx | 伊泰LS190-ED10配件手册.pdf,D2NP14-8337 — HOSE CLAMP RB 64800031 RB,D2NP14-8337 HOSE CLAMP RB 64800031 RB | ED10 Spare Part,Verified part number D2NP14-8337: HOSE CLAMP RB 64800031 RB for ED10. Check equipment compatibility and submit an RFQ to qualified mining spare parts suppl,/part-number/d2np14-8337,Request Quote,/rfq/new?partNumber=D2NP14-8337,PUBLISHED_READY,2026-09-18
PN-000569,A2U220-265060,a2u220-265060,Sandvik / EIMCO,Underground LHD,ED10,Cooling,软管，散热器,,软管，散热器,EXPLICIT,VERIFIED,HIGH,"ED10 parts manual page 35, item 4",伊泰LS190-ED10配件手册.pdf,A2U220-265060 — 软管，散热器,A2U220-265060 软管，散热器 | ED10 Spare Part,Verified part number A2U220-265060: 软管，散热器 for ED10. Check equipment compatibility and submit an RFQ to qualified mining spare parts suppliers on KuangpeiY,/part-number/a2u220-265060,Request Quote,/rfq/new?partNumber=A2U220-265060,PUBLISHED_READY,2026-09-18
PN-000568,A2U220-265058,a2u220-265058,Sandvik / EIMCO,Underground LHD,ED10,Cooling,管路，散热器,,管路，散热器,EXPLICIT,VERIFIED,HIGH,"ED10 parts manual page 35, item 5",伊泰LS190-ED10配件手册.pdf,A2U220-265058 — 管路，散热器,A2U220-265058 管路，散热器 | ED10 Spare Part,Verified part number A2U220-265058: 管路，散热器 for ED10. Check equipment compatibility and submit an RFQ to qualified mining spare parts suppliers on KuangpeiY,/part-number/a2u220-265058,Request Quote,/rfq/new?partNumber=A2U220-265058,PUBLISHED_READY,2026-09-18
PN-001644,D2NP10-5541,d2np10-5541,Sandvik / EIMCO,Underground LHD,"ED10, LS190",Cooling,ELBOW 45 DEG(RADIATOR),ELBOW 45 DEG(RADIATOR) | ELBOW 45 DEG (RADIATOR) -,45度弯头，橡胶,EXPLICIT,VERIFIED,HIGH,"ED10 parts manual page 35, item 6; SANDVIK LS190-B2285 SPARE PARTS LIST_Mining India_24.03.2026.xlsx, Sheet1, row 92; Purchase Order-Shanxi.xlsx, Sheet1, row 21",Purchase Order-Shanxi.xlsx | SANDVIK LS190-B2285 SPARE PARTS LIST_Mining India_24.03.2026.xlsx | 伊泰LS190-ED10配件手册.pdf,D2NP10-5541 — ELBOW 45 DEG(RADIATOR),"D2NP10-5541 ELBOW 45 DEG(RADIATOR) | ED10, LS190 Spare Part","Verified part number D2NP10-5541: ELBOW 45 DEG(RADIATOR) for ED10, LS190. Check equipment compatibility and submit an RFQ to qualified mining spare parts s",/part-number/d2np10-5541,Request Quote,/rfq/new?partNumber=D2NP10-5541,PUBLISHED_READY,2026-09-18
PN-000571,A2U220-265063,a2u220-265063,Sandvik / EIMCO,Underground LHD,ED10,Other,节气门，净气器,,节气门，净气器,EXPLICIT,VERIFIED,HIGH,"ED10 parts manual page 35, item 7",伊泰LS190-ED10配件手册.pdf,A2U220-265063 — 节气门，净气器,A2U220-265063 节气门，净气器 | ED10 Spare Part,Verified part number A2U220-265063: 节气门，净气器 for ED10. Check equipment compatibility and submit an RFQ to qualified mining spare parts suppliers on Kuangpei,/part-number/a2u220-265063,Request Quote,/rfq/new?partNumber=A2U220-265063,PUBLISHED_READY,2026-09-18
PN-001509,D110-48,d110-48,Sandvik / EIMCO,Underground LHD,ED10,Hose/Fitting,软管尾端,,软管尾端,EXPLICIT,VERIFIED,HIGH,"ED10 parts manual page 35, item 9",伊泰LS190-ED10配件手册.pdf,D110-48 — 软管尾端,D110-48 软管尾端 | ED10 Spare Part,Verified part number D110-48: 软管尾端 for ED10. Check equipment compatibility and submit an RFQ to qualified mining spare parts suppliers on KuangpeiYun.,/part-number/d110-48,Request Quote,/rfq/new?partNumber=D110-48,PUBLISHED_READY,2026-09-18
PN-001848,P2FHB,p2fhb,Sandvik / EIMCO,Underground LHD,ED10,Hose/Fitting,软管夹,,软管夹 | 夹子,EXPLICIT,VERIFIED,HIGH,"ED10 parts manual page 35, item 10; ED10 parts manual page 44, item 12; ED10 parts manual page 304, item 20; ED10 parts manual page 308, item 5",伊泰LS190-ED10配件手册.pdf,P2FHB — 软管夹,P2FHB 软管夹 | ED10 Spare Part,Verified part number P2FHB: 软管夹 for ED10. Check equipment compatibility and submit an RFQ to qualified mining spare parts suppliers on KuangpeiYun.,/part-number/p2fhb,Request Quote,/rfq/new?partNumber=P2FHB,PUBLISHED_READY,2026-09-18
PN-001510,D115-125,d115-125,Sandvik / EIMCO,Underground LHD,ED10,Hose/Fitting,软管,,软管,EXPLICIT,VERIFIED,HIGH,"ED10 parts manual page 35, item 11",伊泰LS190-ED10配件手册.pdf,D115-125 — 软管,D115-125 软管 | ED10 Spare Part,Verified part number D115-125: 软管 for ED10. Check equipment compatibility and submit an RFQ to qualified mining spare parts suppliers on KuangpeiYun.,/part-number/d115-125,Request Quote,/rfq/new?partNumber=D115-125,PUBLISHED_READY,2026-09-18
PN-001699,D52 1207,d52-1207,Sandvik / EIMCO,Underground LHD,ED10,Hose/Fitting,接头,,接头,EXPLICIT,VERIFIED,HIGH,"ED10 parts manual page 35, item 14",伊泰LS190-ED10配件手册.pdf,D52 1207 — 接头,D52 1207 接头 | ED10 Spare Part,Verified part number D52 1207: 接头 for ED10. Check equipment compatibility and submit an RFQ to qualified mining spare parts suppliers on KuangpeiYun.,/part-number/d52-1207,Request Quote,/rfq/new?partNumber=D52 1207,PUBLISHED_READY,2026-09-18
PN-001750,D62-12,d62-12,Sandvik / EIMCO,Underground LHD,ED10,Other,塞子,,塞子,EXPLICIT,VERIFIED,HIGH,"ED10 parts manual page 35, item 15; ED10 parts manual page 243, item 6; ED10 parts manual page 243, item 8; ED10 parts manual page 285, item 12",伊泰LS190-ED10配件手册.pdf,D62-12 — 塞子,D62-12 塞子 | ED10 Spare Part,Verified part number D62-12: 塞子 for ED10. Check equipment compatibility and submit an RFQ to qualified mining spare parts suppliers on KuangpeiYun.,/part-number/d62-12,Request Quote,/rfq/new?partNumber=D62-12,PUBLISHED_READY,2026-09-18
PN-001700,D52 87,d52-87,Sandvik / EIMCO,Underground LHD,ED10,Hose/Fitting,接头,,接头,EXPLICIT,VERIFIED,HIGH,"ED10 parts manual page 35, item 16",伊泰LS190-ED10配件手册.pdf,D52 87 — 接头,D52 87 接头 | ED10 Spare Part,Verified part number D52 87: 接头 for ED10. Check equipment compatibility and submit an RFQ to qualified mining spare parts suppliers on KuangpeiYun.,/part-number/d52-87,Request Quote,/rfq/new?partNumber=D52 87,PUBLISHED_READY,2026-09-18
PN-001686,D50-77,d50-77,Sandvik / EIMCO,Underground LHD,ED10,Hose/Fitting,90度弯头，球铰接,,90度弯头，球铰接 | 90度连接器 | 90 度弯头，球铰接 | 90度连接器（未显示）,EXPLICIT,VERIFIED,HIGH,"ED10 parts manual page 35, item 17; ED10 parts manual page 203, item 9; ED10 parts manual page 243, item 14; ED10 parts manual page 294, item 11; ED10 parts manual page 300, item 17",伊泰LS190-ED10配件手册.pdf,D50-77 — 90度弯头，球铰接,D50-77 90度弯头，球铰接 | ED10 Spare Part,Verified part number D50-77: 90度弯头，球铰接 for ED10. Check equipment compatibility and submit an RFQ to qualified mining spare parts suppliers on KuangpeiYun.,/part-number/d50-77,Request Quote,/rfq/new?partNumber=D50-77,PUBLISHED_READY,2026-09-18
PN-001513,D15 47,d15-47,Sandvik / EIMCO,Underground LHD,ED10,Hose/Fitting,接头,,接头,EXPLICIT,VERIFIED,HIGH,"ED10 parts manual page 35, item 18; ED10 parts manual page 289, item 4",伊泰LS190-ED10配件手册.pdf,D15 47 — 接头,D15 47 接头 | ED10 Spare Part,Verified part number D15 47: 接头 for ED10. Check equipment compatibility and submit an RFQ to qualified mining spare parts suppliers on KuangpeiYun.,/part-number/d15-47,Request Quote,/rfq/new?partNumber=D15 47,PUBLISHED_READY,2026-09-18
PN-000831,A2U900-694090,a2u900-694090,Sandvik / EIMCO,Underground LHD,ED10,Hydraulic,"Engine Coolant Temperature Shutdown Transmitter, 103°C",VALVE TEMP SHUTDOWN 103 DEG | ENG COOLANT TEMP,传送器，发动机冷却剂 | 阀门,EXPLICIT,VERIFIED,HIGH,ED10 manual page 35 lists A2U900-694090 in Engine Cooling Group as engine coolant transmitter; ED10 safety schematic identifies ENGINE COOLANT THERMOSTATS (2 OFF) 103°C - A2U900-694090. RFQ wording 'VALVE TEMP SHUTDOWN 103 DEG' is functional wording.,SANDVIK LS 190-312 PARTS20260228.xlsx | SANDVIK LS190-B2285 SPARE PARTS LIST_Mining India_24.03.2026.xlsx | 伊泰LS190-ED10配件手册.pdf | 山特维克ls190-20260806.xlsx,"A2U900-694090 — Engine Coolant Temperature Shutdown Transmitter, 103°C",A2U900-694090 Engine Coolant Temperature Shutdown Transmitte,"Verified part number A2U900-694090: Engine Coolant Temperature Shutdown Transmitter, 103°C for ED10. Check equipment compatibility and submit an RFQ to qua",/part-number/a2u900-694090,Request Quote,/rfq/new?partNumber=A2U900-694090,PUBLISHED_READY,2026-09-18
PN-000572,A2U220-265064,a2u220-265064,Sandvik / EIMCO,Underground LHD,ED10,Hose/Fitting,改进型接头,,改进型接头,EXPLICIT,VERIFIED,HIGH,"ED10 parts manual page 35, item 21",伊泰LS190-ED10配件手册.pdf,A2U220-265064 — 改进型接头,A2U220-265064 改进型接头 | ED10 Spare Part,Verified part number A2U220-265064: 改进型接头 for ED10. Check equipment compatibility and submit an RFQ to qualified mining spare parts suppliers on KuangpeiYu,/part-number/a2u220-265064,Request Quote,/rfq/new?partNumber=A2U220-265064,PUBLISHED_READY,2026-09-18
PN-001895,VGB7,vgb7,Sandvik / EIMCO,Underground LHD,ED10,Electrical,温度传感器,,温度传感器 | 发动机温度表,EXPLICIT,VERIFIED,HIGH,"ED10 parts manual page 35, item 23; ED10 parts manual page 302, item 4",伊泰LS190-ED10配件手册.pdf,VGB7 — 温度传感器,VGB7 温度传感器 | ED10 Spare Part,Verified part number VGB7: 温度传感器 for ED10. Check equipment compatibility and submit an RFQ to qualified mining spare parts suppliers on KuangpeiYun.,/part-number/vgb7,Request Quote,/rfq/new?partNumber=VGB7,PUBLISHED_READY,2026-09-18
PN-001056,C2A6V3940,c2a6v3940,Sandvik / EIMCO,Underground LHD,ED10,Electrical,温度传感器,,温度传感器,EXPLICIT,VERIFIED,HIGH,"ED10 parts manual page 35, item 24",伊泰LS190-ED10配件手册.pdf,C2A6V3940 — 温度传感器,C2A6V3940 温度传感器 | ED10 Spare Part,Verified part number C2A6V3940: 温度传感器 for ED10. Check equipment compatibility and submit an RFQ to qualified mining spare parts suppliers on KuangpeiYun.,/part-number/c2a6v3940,Request Quote,/rfq/new?partNumber=C2A6V3940,PUBLISHED_READY,2026-09-18
PN-000570,A2U220-265061,a2u220-265061,Sandvik / EIMCO,Underground LHD,ED10,Hose/Fitting,改进弯头,,改进弯头,EXPLICIT,VERIFIED,HIGH,"ED10 parts manual page 35, item 25",伊泰LS190-ED10配件手册.pdf,A2U220-265061 — 改进弯头,A2U220-265061 改进弯头 | ED10 Spare Part,Verified part number A2U220-265061: 改进弯头 for ED10. Check equipment compatibility and submit an RFQ to qualified mining spare parts suppliers on KuangpeiYun,/part-number/a2u220-265061,Request Quote,/rfq/new?partNumber=A2U220-265061,PUBLISHED_READY,2026-09-18
PN-001044,C2A2W7212,c2a2w7212,Sandvik / EIMCO,Underground LHD,ED10,Seal/Gasket,衬垫,,衬垫,EXPLICIT,VERIFIED,HIGH,"ED10 parts manual page 35, item 26; ED10 parts manual page 36, item 55",伊泰LS190-ED10配件手册.pdf,C2A2W7212 — 衬垫,C2A2W7212 衬垫 | ED10 Spare Part,Verified part number C2A2W7212: 衬垫 for ED10. Check equipment compatibility and submit an RFQ to qualified mining spare parts suppliers on KuangpeiYun.,/part-number/c2a2w7212,Request Quote,/rfq/new?partNumber=C2A2W7212,PUBLISHED_READY,2026-09-18
PN-001035,C2A1028392,c2a1028392,Sandvik / EIMCO,Underground LHD,ED10,Other,节温器,,节温器,EXPLICIT,VERIFIED,HIGH,"ED10 parts manual page 35, item 27",伊泰LS190-ED10配件手册.pdf,C2A1028392 — 节温器,C2A1028392 节温器 | ED10 Spare Part,Verified part number C2A1028392: 节温器 for ED10. Check equipment compatibility and submit an RFQ to qualified mining spare parts suppliers on KuangpeiYun.,/part-number/c2a1028392,Request Quote,/rfq/new?partNumber=C2A1028392,PUBLISHED_READY,2026-09-18
PN-001670,D39-1212,d39-1212,Sandvik / EIMCO,Underground LHD,ED10,Hose/Fitting,45度弯头,,45度弯头,EXPLICIT,VERIFIED,HIGH,"ED10 parts manual page 35, item 29",伊泰LS190-ED10配件手册.pdf,D39-1212 — 45度弯头,D39-1212 45度弯头 | ED10 Spare Part,Verified part number D39-1212: 45度弯头 for ED10. Check equipment compatibility and submit an RFQ to qualified mining spare parts suppliers on KuangpeiYun.,/part-number/d39-1212,Request Quote,/rfq/new?partNumber=D39-1212,PUBLISHED_READY,2026-09-18
PN-000848,A2U913-255197,a2u913-255197,Sandvik / EIMCO,Underground LHD,ED10,Hose/Fitting,软管尾端,,软管尾端,EXPLICIT,VERIFIED,HIGH,"ED10 parts manual page 35, item 30; ED10 parts manual page 44, item 13",伊泰LS190-ED10配件手册.pdf,A2U913-255197 — 软管尾端,A2U913-255197 软管尾端 | ED10 Spare Part,Verified part number A2U913-255197: 软管尾端 for ED10. Check equipment compatibility and submit an RFQ to qualified mining spare parts suppliers on KuangpeiYun,/part-number/a2u913-255197,Request Quote,/rfq/new?partNumber=A2U913-255197,PUBLISHED_READY,2026-09-18
PN-001661,D37-44,d37-44,Sandvik / EIMCO,Underground LHD,ED10,Hose/Fitting,90度弯头,,90度弯头,EXPLICIT,VERIFIED,HIGH,"ED10 parts manual page 35, item 32; ED10 parts manual page 279, item 6",伊泰LS190-ED10配件手册.pdf,D37-44 — 90度弯头,D37-44 90度弯头 | ED10 Spare Part,Verified part number D37-44: 90度弯头 for ED10. Check equipment compatibility and submit an RFQ to qualified mining spare parts suppliers on KuangpeiYun.,/part-number/d37-44,Request Quote,/rfq/new?partNumber=D37-44,PUBLISHED_READY,2026-09-18
PN-001772,D95-1712,d95-1712,Sandvik / EIMCO,Underground LHD,ED10,Hose/Fitting,接头,,接头,EXPLICIT,VERIFIED,HIGH,"ED10 parts manual page 35, item 33",伊泰LS190-ED10配件手册.pdf,D95-1712 — 接头,D95-1712 接头 | ED10 Spare Part,Verified part number D95-1712: 接头 for ED10. Check equipment compatibility and submit an RFQ to qualified mining spare parts suppliers on KuangpeiYun.,/part-number/d95-1712,Request Quote,/rfq/new?partNumber=D95-1712,PUBLISHED_READY,2026-09-18
PN-001664,D38-1212,d38-1212,Sandvik / EIMCO,Underground LHD,ED10,Hose/Fitting,90度弯头,,90度弯头,EXPLICIT,VERIFIED,HIGH,"ED10 parts manual page 35, item 34",伊泰LS190-ED10配件手册.pdf,D38-1212 — 90度弯头,D38-1212 90度弯头 | ED10 Spare Part,Verified part number D38-1212: 90度弯头 for ED10. Check equipment compatibility and submit an RFQ to qualified mining spare parts suppliers on KuangpeiYun.,/part-number/d38-1212,Request Quote,/rfq/new?partNumber=D38-1212,PUBLISHED_READY,2026-09-18
PN-001037,C2A1325243,c2a1325243,Sandvik / EIMCO,Underground LHD,ED10,Hydraulic,冷却剂泵,,冷却剂泵,EXPLICIT,VERIFIED,HIGH,"ED10 parts manual page 35, item 35",伊泰LS190-ED10配件手册.pdf,C2A1325243 — 冷却剂泵,C2A1325243 冷却剂泵 | ED10 Spare Part,Verified part number C2A1325243: 冷却剂泵 for ED10. Check equipment compatibility and submit an RFQ to qualified mining spare parts suppliers on KuangpeiYun.,/part-number/c2a1325243,Request Quote,/rfq/new?partNumber=C2A1325243,PUBLISHED_READY,2026-09-18
PN-000733,A2U900-260073,a2u900-260073,Sandvik / EIMCO,Underground LHD,ED10,Other,辅助水箱总成,,辅助水箱总成,EXPLICIT,VERIFIED,HIGH,"ED10 parts manual page 35, item 36",伊泰LS190-ED10配件手册.pdf,A2U900-260073 — 辅助水箱总成,A2U900-260073 辅助水箱总成 | ED10 Spare Part,Verified part number A2U900-260073: 辅助水箱总成 for ED10. Check equipment compatibility and submit an RFQ to qualified mining spare parts suppliers on KuangpeiY,/part-number/a2u900-260073,Request Quote,/rfq/new?partNumber=A2U900-260073,PUBLISHED_READY,2026-09-18
PN-001053,C2A5S1218,c2a5s1218,Sandvik / EIMCO,Underground LHD,ED10,Hydraulic,VALVE ASSEMBLY,VALVE ASSEMBLY,阀安装,EXPLICIT,VERIFIED,HIGH,"ED10 parts manual page 35, item 37; ED10 parts manual page 44, item 19; SANDVIK LS190-B2285 SPARE PARTS LIST_Mining India_24.03.2026.xlsx, Sheet1, row 38",SANDVIK LS190-B2285 SPARE PARTS LIST_Mining India_24.03.2026.xlsx | 伊泰LS190-ED10配件手册.pdf,C2A5S1218 — VALVE ASSEMBLY,C2A5S1218 VALVE ASSEMBLY | ED10 Spare Part,Verified part number C2A5S1218: VALVE ASSEMBLY for ED10. Check equipment compatibility and submit an RFQ to qualified mining spare parts suppliers on Kuang,/part-number/c2a5s1218,Request Quote,/rfq/new?partNumber=C2A5S1218,PUBLISHED_READY,2026-09-18
PN-000735,A2U900-291249,a2u900-291249,Sandvik / EIMCO,Underground LHD,ED10,Electrical,GAUGE FLUID LEVEL,GAUGE FLUID LEVEL | FLUID LEVEL GAUGE (NOT SHOWN) | FLUID LEVEL GAUGE,液位指示器 | 液压油液位指示器 | 液压液位指示器,EXPLICIT,VERIFIED,HIGH,"ED10 parts manual page 35, item 38; ED10 parts manual page 44, item 15; ED10 parts manual page 275, item 18; SANDVIK LS 190-312 PARTS20260228.xlsx, Sheet1, row 108; SANDVIK LS190-B2285 SPARE PARTS LIST_Mining India_24.03.2026.xlsx, Sheet1, row 36; SANDVIK LS190-B2285 SPARE PARTS LIST_Mining India_24.03.2026.xlsx, Sheet1, row 254",SANDVIK LS 190-312 PARTS20260228.xlsx | SANDVIK LS190-B2285 SPARE PARTS LIST_Mining India_24.03.2026.xlsx | 伊泰LS190-ED10配件手册.pdf,A2U900-291249 — GAUGE FLUID LEVEL,A2U900-291249 GAUGE FLUID LEVEL | ED10 Spare Part,Verified part number A2U900-291249: GAUGE FLUID LEVEL for ED10. Check equipment compatibility and submit an RFQ to qualified mining spare parts suppliers o,/part-number/a2u900-291249,Request Quote,/rfq/new?partNumber=A2U900-291249,PUBLISHED_READY,2026-09-18
PN-000900,A2U936-263005,a2u936-263005,Sandvik / EIMCO,Underground LHD,ED10,Other,溢流盖,,溢流盖,EXPLICIT,VERIFIED,HIGH,"ED10 parts manual page 35, item 39; ED10 parts manual page 44, item 17",伊泰LS190-ED10配件手册.pdf,A2U936-263005 — 溢流盖,A2U936-263005 溢流盖 | ED10 Spare Part,Verified part number A2U936-263005: 溢流盖 for ED10. Check equipment compatibility and submit an RFQ to qualified mining spare parts suppliers on KuangpeiYun.,/part-number/a2u936-263005,Request Quote,/rfq/new?partNumber=A2U936-263005,PUBLISHED_READY,2026-09-18
PN-000163,445502767,445502767,Sandvik / EIMCO,Underground LHD,ED10,Fastener,六角头螺栓,,六角头螺栓,EXPLICIT,VERIFIED,HIGH,"ED10 parts manual page 35, item 42; ED10 parts manual page 44, item 2",伊泰LS190-ED10配件手册.pdf,445502767 — 六角头螺栓,445502767 六角头螺栓 | ED10 Spare Part,Verified part number 445502767: 六角头螺栓 for ED10. Check equipment compatibility and submit an RFQ to qualified mining spare parts suppliers on KuangpeiYun.,/part-number/445502767,Request Quote,/rfq/new?partNumber=445502767,PUBLISHED_READY,2026-09-18
PN-001667,D39-0404,d39-0404,Sandvik / EIMCO,Underground LHD,ED10,Hose/Fitting,45度弯头,,45度弯头,EXPLICIT,VERIFIED,HIGH,"ED10 parts manual page 35, item 43; ED10 parts manual page 44, item 3",伊泰LS190-ED10配件手册.pdf,D39-0404 — 45度弯头,D39-0404 45度弯头 | ED10 Spare Part,Verified part number D39-0404: 45度弯头 for ED10. Check equipment compatibility and submit an RFQ to qualified mining spare parts suppliers on KuangpeiYun.,/part-number/d39-0404,Request Quote,/rfq/new?partNumber=D39-0404,PUBLISHED_READY,2026-09-18
PN-000202,450081124,450081124,Sandvik / EIMCO,Underground LHD,ED10,Other,加水盖，辅助水箱,,加水盖，辅助水箱 | 弹簧垫圈,EXPLICIT,VERIFIED,HIGH,"ED10 parts manual page 36, item 46; ED10 parts manual page 39, item 23; ED10 parts manual page 44, item 20; ED10 parts manual page 49, item 29; ED10 parts manual page 173, item 16; ED10 parts manual page 176, item 16; ED10 parts manual page 183, item 20; ED10 parts manual page 186, item 7; ED10 parts manual page 230, item 3; ED10 parts manual page 235, item 3; ED10 parts manual page 254, item 3; ED10 parts manual page 275, item 11; ED10 parts manual page 279, item 20; ED10 parts manual page 317, item 6",伊泰LS190-ED10配件手册.pdf,450081124 — 加水盖，辅助水箱,450081124 加水盖，辅助水箱 | ED10 Spare Part,Verified part number 450081124: 加水盖，辅助水箱 for ED10. Check equipment compatibility and submit an RFQ to qualified mining spare parts suppliers on KuangpeiYun,/part-number/450081124,Request Quote,/rfq/new?partNumber=450081124,PUBLISHED_READY,2026-09-18
PN-000559,A2U220-261077,a2u220-261077,Sandvik / EIMCO,Underground LHD,ED10,Cooling,管路，散热器,,管路，散热器,EXPLICIT,VERIFIED,HIGH,"ED10 parts manual page 36, item 48",伊泰LS190-ED10配件手册.pdf,A2U220-261077 — 管路，散热器,A2U220-261077 管路，散热器 | ED10 Spare Part,Verified part number A2U220-261077: 管路，散热器 for ED10. Check equipment compatibility and submit an RFQ to qualified mining spare parts suppliers on KuangpeiY,/part-number/a2u220-261077,Request Quote,/rfq/new?partNumber=A2U220-261077,PUBLISHED_READY,2026-09-18
PN-001851,P3RVD,p3rvd,Sandvik / EIMCO,Underground LHD,ED10,Hydraulic,阀,,阀,EXPLICIT,VERIFIED,HIGH,"ED10 parts manual page 36, item 49; ED10 parts manual page 39, item 33",伊泰LS190-ED10配件手册.pdf,P3RVD — 阀,P3RVD 阀 | ED10 Spare Part,Verified part number P3RVD: 阀 for ED10. Check equipment compatibility and submit an RFQ to qualified mining spare parts suppliers on KuangpeiYun.,/part-number/p3rvd,Request Quote,/rfq/new?partNumber=P3RVD,PUBLISHED_READY,2026-09-18
PN-000557,A2U220-261072,a2u220-261072,Sandvik / EIMCO,Underground LHD,ED10,Transmission/Driveline,散热器及变速箱冷却器总成,,散热器及变速箱冷却器总成,EXPLICIT,VERIFIED,HIGH,"ED10 parts manual page 36, item 50",伊泰LS190-ED10配件手册.pdf,A2U220-261072 — 散热器及变速箱冷却器总成,A2U220-261072 散热器及变速箱冷却器总成 | ED10 Spare Part,Verified part number A2U220-261072: 散热器及变速箱冷却器总成 for ED10. Check equipment compatibility and submit an RFQ to qualified mining spare parts suppliers on Kua,/part-number/a2u220-261072,Request Quote,/rfq/new?partNumber=A2U220-261072,PUBLISHED_READY,2026-09-18
PN-000574,A2U220-267109,a2u220-267109,Sandvik / EIMCO,Underground LHD,ED10,Other,V形皮带,,V形皮带,EXPLICIT,VERIFIED,HIGH,"ED10 parts manual page 36, item 51",伊泰LS190-ED10配件手册.pdf,A2U220-267109 — V形皮带,A2U220-267109 V形皮带 | ED10 Spare Part,Verified part number A2U220-267109: V形皮带 for ED10. Check equipment compatibility and submit an RFQ to qualified mining spare parts suppliers on KuangpeiYun,/part-number/a2u220-267109,Request Quote,/rfq/new?partNumber=A2U220-267109,PUBLISHED_READY,2026-09-18
PN-001054,C2A5S4629,c2a5s4629,Sandvik / EIMCO,Underground LHD,ED10,Seal/Gasket,GASKET,GASKET,衬垫,EXPLICIT,VERIFIED,HIGH,"ED10 parts manual page 36, item 52; ED10 parts manual page 44, item 9; SANDVIK LS190-B2285 SPARE PARTS LIST_Mining India_24.03.2026.xlsx, Sheet1, row 39",SANDVIK LS190-B2285 SPARE PARTS LIST_Mining India_24.03.2026.xlsx | 伊泰LS190-ED10配件手册.pdf,C2A5S4629 — GASKET,C2A5S4629 GASKET | ED10 Spare Part,Verified part number C2A5S4629: GASKET for ED10. Check equipment compatibility and submit an RFQ to qualified mining spare parts suppliers on KuangpeiYun.,/part-number/c2a5s4629,Request Quote,/rfq/new?partNumber=C2A5S4629,PUBLISHED_READY,2026-09-18
PN-001052,C2A5S1213,c2a5s1213,Sandvik / EIMCO,Underground LHD,ED10,Seal/Gasket,衬垫,,衬垫 | 隔片,EXPLICIT,VERIFIED,HIGH,"ED10 parts manual page 36, item 53; ED10 parts manual page 44, item 8",伊泰LS190-ED10配件手册.pdf,C2A5S1213 — 衬垫,C2A5S1213 衬垫 | ED10 Spare Part,Verified part number C2A5S1213: 衬垫 for ED10. Check equipment compatibility and submit an RFQ to qualified mining spare parts suppliers on KuangpeiYun.,/part-number/c2a5s1213,Request Quote,/rfq/new?partNumber=C2A5S1213,PUBLISHED_READY,2026-09-18
PN-000567,A2U220-265055,a2u220-265055,Sandvik / EIMCO,Underground LHD,ED10,Cooling,冷却剂调节器壳,,冷却剂调节器壳,EXPLICIT,VERIFIED,HIGH,"ED10 parts manual page 36, item 54",伊泰LS190-ED10配件手册.pdf,A2U220-265055 — 冷却剂调节器壳,A2U220-265055 冷却剂调节器壳 | ED10 Spare Part,Verified part number A2U220-265055: 冷却剂调节器壳 for ED10. Check equipment compatibility and submit an RFQ to qualified mining spare parts suppliers on Kuangpei,/part-number/a2u220-265055,Request Quote,/rfq/new?partNumber=A2U220-265055,PUBLISHED_READY,2026-09-18
PN-000560,A2U220-261078,a2u220-261078,Sandvik / EIMCO,Underground LHD,ED10,Cooling,散热器总成,,散热器总成,EXPLICIT,VERIFIED,HIGH,"ED10 parts manual page 39, item 1",伊泰LS190-ED10配件手册.pdf,A2U220-261078 — 散热器总成,A2U220-261078 散热器总成 | ED10 Spare Part,Verified part number A2U220-261078: 散热器总成 for ED10. Check equipment compatibility and submit an RFQ to qualified mining spare parts suppliers on KuangpeiYu,/part-number/a2u220-261078,Request Quote,/rfq/new?partNumber=A2U220-261078,PUBLISHED_READY,2026-09-18
PN-000640,A2U220-521048,a2u220-521048,Sandvik / EIMCO,Underground LHD,ED10,Hydraulic,马达，风扇驱动,,马达，风扇驱动,EXPLICIT,VERIFIED,HIGH,"ED10 parts manual page 39, item 2",伊泰LS190-ED10配件手册.pdf,A2U220-521048 — 马达，风扇驱动,A2U220-521048 马达，风扇驱动 | ED10 Spare Part,Verified part number A2U220-521048: 马达，风扇驱动 for ED10. Check equipment compatibility and submit an RFQ to qualified mining spare parts suppliers on Kuangpei,/part-number/a2u220-521048,Request Quote,/rfq/new?partNumber=A2U220-521048,PUBLISHED_READY,2026-09-18
PN-000579,A2U220-267118,a2u220-267118,Sandvik / EIMCO,Underground LHD,ED10,Hydraulic,马达法兰,,马达法兰,EXPLICIT,VERIFIED,HIGH,"ED10 parts manual page 39, item 3",伊泰LS190-ED10配件手册.pdf,A2U220-267118 — 马达法兰,A2U220-267118 马达法兰 | ED10 Spare Part,Verified part number A2U220-267118: 马达法兰 for ED10. Check equipment compatibility and submit an RFQ to qualified mining spare parts suppliers on KuangpeiYun,/part-number/a2u220-267118,Request Quote,/rfq/new?partNumber=A2U220-267118,PUBLISHED_READY,2026-09-18
PN-000135,445208762,445208762,Sandvik / EIMCO,Underground LHD,ED10,Fastener,凹头螺钉,,凹头螺钉,EXPLICIT,VERIFIED,HIGH,"ED10 parts manual page 39, item 4",伊泰LS190-ED10配件手册.pdf,445208762 — 凹头螺钉,445208762 凹头螺钉 | ED10 Spare Part,Verified part number 445208762: 凹头螺钉 for ED10. Check equipment compatibility and submit an RFQ to qualified mining spare parts suppliers on KuangpeiYun.,/part-number/445208762,Request Quote,/rfq/new?partNumber=445208762,PUBLISHED_READY,2026-09-18
PN-001790,DA82-171717,da82-171717,Sandvik / EIMCO,Underground LHD,ED10,Other,三通,,三通,EXPLICIT,VERIFIED,HIGH,"ED10 parts manual page 39, item 5; ED10 parts manual page 247, item 9",伊泰LS190-ED10配件手册.pdf,DA82-171717 — 三通,DA82-171717 三通 | ED10 Spare Part,Verified part number DA82-171717: 三通 for ED10. Check equipment compatibility and submit an RFQ to qualified mining spare parts suppliers on KuangpeiYun.,/part-number/da82-171717,Request Quote,/rfq/new?partNumber=DA82-171717,PUBLISHED_READY,2026-09-18
PN-001702,D52-1217,d52-1217,Sandvik / EIMCO,Underground LHD,ED10,Other,适配器,,适配器,EXPLICIT,VERIFIED,HIGH,"ED10 parts manual page 39, item 6",伊泰LS190-ED10配件手册.pdf,D52-1217 — 适配器,D52-1217 适配器 | ED10 Spare Part,Verified part number D52-1217: 适配器 for ED10. Check equipment compatibility and submit an RFQ to qualified mining spare parts suppliers on KuangpeiYun.,/part-number/d52-1217,Request Quote,/rfq/new?partNumber=D52-1217,PUBLISHED_READY,2026-09-18
PN-000669,A2U220-594468,a2u220-594468,Sandvik / EIMCO,Underground LHD,ED10,Hydraulic,止回阀,,止回阀,EXPLICIT,VERIFIED,HIGH,"ED10 parts manual page 39, item 7",伊泰LS190-ED10配件手册.pdf,A2U220-594468 — 止回阀,A2U220-594468 止回阀 | ED10 Spare Part,Verified part number A2U220-594468: 止回阀 for ED10. Check equipment compatibility and submit an RFQ to qualified mining spare parts suppliers on KuangpeiYun.,/part-number/a2u220-594468,Request Quote,/rfq/new?partNumber=A2U220-594468,PUBLISHED_READY,2026-09-18
PN-001683,D50-1717,d50-1717,Sandvik / EIMCO,Underground LHD,ED10,Hose/Fitting,90度弯头，球铰接,,90度弯头，球铰接 | 弯头,EXPLICIT,VERIFIED,HIGH,"ED10 parts manual page 39, item 8; ED10 parts manual page 216, item 8; ED10 parts manual page 230, item 16; ED10 parts manual page 243, item 20",伊泰LS190-ED10配件手册.pdf,D50-1717 — 90度弯头，球铰接,D50-1717 90度弯头，球铰接 | ED10 Spare Part,Verified part number D50-1717: 90度弯头，球铰接 for ED10. Check equipment compatibility and submit an RFQ to qualified mining spare parts suppliers on KuangpeiYun,/part-number/d50-1717,Request Quote,/rfq/new?partNumber=D50-1717,PUBLISHED_READY,2026-09-18
PN-001540,D17-1217,d17-1217,Sandvik / EIMCO,Underground LHD,ED10,Hose/Fitting,90度 弯头,,90度 弯头 | 90度弯头 | 弯头,EXPLICIT,VERIFIED,HIGH,"ED10 parts manual page 39, item 9; ED10 parts manual page 247, item 2; ED10 parts manual page 251, item 18",伊泰LS190-ED10配件手册.pdf,D17-1217 — 90度 弯头,D17-1217 90度 弯头 | ED10 Spare Part,Verified part number D17-1217: 90度 弯头 for ED10. Check equipment compatibility and submit an RFQ to qualified mining spare parts suppliers on KuangpeiYun.,/part-number/d17-1217,Request Quote,/rfq/new?partNumber=D17-1217,PUBLISHED_READY,2026-09-18
PN-001591,D2900-12-140-17,d2900-12-140-17,Sandvik / EIMCO,Underground LHD,ED10,Hose/Fitting,软管安装,,软管安装,EXPLICIT,VERIFIED,HIGH,"ED10 parts manual page 39, item 10; ED10 parts manual page 220, item 9; ED10 parts manual page 223, item 15; ED10 parts manual page 240, item 3; ED10 parts manual page 251, item 3",伊泰LS190-ED10配件手册.pdf,D2900-12-140-17 — 软管安装,D2900-12-140-17 软管安装 | ED10 Spare Part,Verified part number D2900-12-140-17: 软管安装 for ED10. Check equipment compatibility and submit an RFQ to qualified mining spare parts suppliers on KuangpeiY,/part-number/d2900-12-140-17,Request Quote,/rfq/new?partNumber=D2900-12-140-17,PUBLISHED_READY,2026-09-18
PN-001593,D2900-12-230-17,d2900-12-230-17,Sandvik / EIMCO,Underground LHD,ED10,Hose/Fitting,软管安装,,软管安装,EXPLICIT,VERIFIED,HIGH,"ED10 parts manual page 39, item 11",伊泰LS190-ED10配件手册.pdf,D2900-12-230-17 — 软管安装,D2900-12-230-17 软管安装 | ED10 Spare Part,Verified part number D2900-12-230-17: 软管安装 for ED10. Check equipment compatibility and submit an RFQ to qualified mining spare parts suppliers on KuangpeiY,/part-number/d2900-12-230-17,Request Quote,/rfq/new?partNumber=D2900-12-230-17,PUBLISHED_READY,2026-09-18
PN-001599,D2900-12-70-17,d2900-12-70-17,Sandvik / EIMCO,Underground LHD,ED10,Hose/Fitting,软管安装,,软管安装,EXPLICIT,VERIFIED,HIGH,"ED10 parts manual page 39, item 12",伊泰LS190-ED10配件手册.pdf,D2900-12-70-17 — 软管安装,D2900-12-70-17 软管安装 | ED10 Spare Part,Verified part number D2900-12-70-17: 软管安装 for ED10. Check equipment compatibility and submit an RFQ to qualified mining spare parts suppliers on KuangpeiYu,/part-number/d2900-12-70-17,Request Quote,/rfq/new?partNumber=D2900-12-70-17,PUBLISHED_READY,2026-09-18
PN-001587,D2900-06-400-09,d2900-06-400-09,Sandvik / EIMCO,Underground LHD,ED10,Hydraulic,液压软管,,液压软管,EXPLICIT,VERIFIED,HIGH,"ED10 parts manual page 39, item 13",伊泰LS190-ED10配件手册.pdf,D2900-06-400-09 — 液压软管,D2900-06-400-09 液压软管 | ED10 Spare Part,Verified part number D2900-06-400-09: 液压软管 for ED10. Check equipment compatibility and submit an RFQ to qualified mining spare parts suppliers on KuangpeiY,/part-number/d2900-06-400-09,Request Quote,/rfq/new?partNumber=D2900-06-400-09,PUBLISHED_READY,2026-09-18
PN-000576,A2U220-267112,a2u220-267112,Sandvik / EIMCO,Underground LHD,ED10,Seal/Gasket,Taperlock衬垫,Taperlock衬垫,,EXPLICIT,VERIFIED,HIGH,"ED10 parts manual page 39, item 16",伊泰LS190-ED10配件手册.pdf,A2U220-267112 — Taperlock衬垫,A2U220-267112 Taperlock衬垫 | ED10 Spare Part,Verified part number A2U220-267112: Taperlock衬垫 for ED10. Check equipment compatibility and submit an RFQ to qualified mining spare parts suppliers on Kuan,/part-number/a2u220-267112,Request Quote,/rfq/new?partNumber=A2U220-267112,PUBLISHED_READY,2026-09-18
PN-000575,A2U220-267111,a2u220-267111,Sandvik / EIMCO,Underground LHD,ED10,Other,风扇鼓风机直径800X9叶片,,风扇鼓风机直径800X9叶片,EXPLICIT,VERIFIED,HIGH,"ED10 parts manual page 39, item 17",伊泰LS190-ED10配件手册.pdf,A2U220-267111 — 风扇鼓风机直径800X9叶片,A2U220-267111 风扇鼓风机直径800X9叶片 | ED10 Spare Part,Verified part number A2U220-267111: 风扇鼓风机直径800X9叶片 for ED10. Check equipment compatibility and submit an RFQ to qualified mining spare parts suppliers on K,/part-number/a2u220-267111,Request Quote,/rfq/new?partNumber=A2U220-267111,PUBLISHED_READY,2026-09-18
PN-000577,A2U220-267113,a2u220-267113,Sandvik / EIMCO,Underground LHD,"ED10, LS190",Other,BOSS ARTICULATION,BOSS ARTICULATION | BOSS RADIATOR FAN,凸耳连接,EXPLICIT,VERIFIED,HIGH,"ED10 parts manual page 39, item 18; LS 190-PO.xlsx, Table1, row 18; LS_190_-REQUIREMENT20260107.xlsx, Sheet1, row 25; SANDVIK LS 190-312 PARTS20260228.xlsx, Sheet1, row 141",LS 190-PO.xlsx | LS_190_-REQUIREMENT20260107.xlsx | SANDVIK LS 190-312 PARTS20260228.xlsx | 伊泰LS190-ED10配件手册.pdf,A2U220-267113 — BOSS ARTICULATION,"A2U220-267113 BOSS ARTICULATION | ED10, LS190 Spare Part","Verified part number A2U220-267113: BOSS ARTICULATION for ED10, LS190. Check equipment compatibility and submit an RFQ to qualified mining spare parts supp",/part-number/a2u220-267113,Request Quote,/rfq/new?partNumber=A2U220-267113,PUBLISHED_READY,2026-09-18
PN-000578,A2U220-267116,a2u220-267116,Sandvik / EIMCO,Underground LHD,ED10,Cooling,垫片，散热器风扇,,垫片，散热器风扇,EXPLICIT,VERIFIED,HIGH,"ED10 parts manual page 39, item 19",伊泰LS190-ED10配件手册.pdf,A2U220-267116 — 垫片，散热器风扇,A2U220-267116 垫片，散热器风扇 | ED10 Spare Part,Verified part number A2U220-267116: 垫片，散热器风扇 for ED10. Check equipment compatibility and submit an RFQ to qualified mining spare parts suppliers on Kuangpe,/part-number/a2u220-267116,Request Quote,/rfq/new?partNumber=A2U220-267116,PUBLISHED_READY,2026-09-18
PN-000465,A2U220-1911080,a2u220-1911080,Sandvik / EIMCO,Underground LHD,ED10,Cooling,托架，散热器上部支撑,,托架，散热器上部支撑,EXPLICIT,VERIFIED,HIGH,"ED10 parts manual page 39, item 20",伊泰LS190-ED10配件手册.pdf,A2U220-1911080 — 托架，散热器上部支撑,A2U220-1911080 托架，散热器上部支撑 | ED10 Spare Part,Verified part number A2U220-1911080: 托架，散热器上部支撑 for ED10. Check equipment compatibility and submit an RFQ to qualified mining spare parts suppliers on Kuan,/part-number/a2u220-1911080,Request Quote,/rfq/new?partNumber=A2U220-1911080,PUBLISHED_READY,2026-09-18
PN-000585,A2U220-291237,a2u220-291237,Sandvik / EIMCO,Underground LHD,ED10,Steering/Brake,制动板,,制动板,EXPLICIT,VERIFIED,HIGH,"ED10 parts manual page 39, item 21",伊泰LS190-ED10配件手册.pdf,A2U220-291237 — 制动板,A2U220-291237 制动板 | ED10 Spare Part,Verified part number A2U220-291237: 制动板 for ED10. Check equipment compatibility and submit an RFQ to qualified mining spare parts suppliers on KuangpeiYun.,/part-number/a2u220-291237,Request Quote,/rfq/new?partNumber=A2U220-291237,PUBLISHED_READY,2026-09-18
PN-000176,445502848,445502848,Sandvik / EIMCO,Underground LHD,ED10,Fastener,六角头螺栓,,六角头螺栓,EXPLICIT,VERIFIED,HIGH,"ED10 parts manual page 39, item 24; ED10 parts manual page 176, item 15; ED10 parts manual page 186, item 6",伊泰LS190-ED10配件手册.pdf,445502848 — 六角头螺栓,445502848 六角头螺栓 | ED10 Spare Part,Verified part number 445502848: 六角头螺栓 for ED10. Check equipment compatibility and submit an RFQ to qualified mining spare parts suppliers on KuangpeiYun.,/part-number/445502848,Request Quote,/rfq/new?partNumber=445502848,PUBLISHED_READY,2026-09-18
PN-000175,445502847,445502847,Sandvik / EIMCO,Underground LHD,ED10,Fastener,六角头螺栓,,六角头螺栓 | 螺钉,EXPLICIT,VERIFIED,HIGH,"ED10 parts manual page 39, item 25; ED10 parts manual page 49, item 27; ED10 parts manual page 169, item 9; ED10 parts manual page 171, item 9; ED10 parts manual page 183, item 26",伊泰LS190-ED10配件手册.pdf,445502847 — 六角头螺栓,445502847 六角头螺栓 | ED10 Spare Part,Verified part number 445502847: 六角头螺栓 for ED10. Check equipment compatibility and submit an RFQ to qualified mining spare parts suppliers on KuangpeiYun.,/part-number/445502847,Request Quote,/rfq/new?partNumber=445502847,PUBLISHED_READY,2026-09-18
PN-000754,A2U900-392131,a2u900-392131,Sandvik / EIMCO,Underground LHD,ED10,Fastener,凹头螺钉,,凹头螺钉,EXPLICIT,VERIFIED,HIGH,"ED10 parts manual page 39, item 26",伊泰LS190-ED10配件手册.pdf,A2U900-392131 — 凹头螺钉,A2U900-392131 凹头螺钉 | ED10 Spare Part,Verified part number A2U900-392131: 凹头螺钉 for ED10. Check equipment compatibility and submit an RFQ to qualified mining spare parts suppliers on KuangpeiYun,/part-number/a2u900-392131,Request Quote,/rfq/new?partNumber=A2U900-392131,PUBLISHED_READY,2026-09-18
PN-000168,445502806,445502806,Sandvik / EIMCO,Underground LHD,ED10,Fastener,六角头螺钉,,六角头螺钉 | 六角头螺栓 | 螺栓,EXPLICIT,VERIFIED,HIGH,"ED10 parts manual page 39, item 28; ED10 parts manual page 67, item 9; ED10 parts manual page 209, item 11",伊泰LS190-ED10配件手册.pdf,445502806 — 六角头螺钉,445502806 六角头螺钉 | ED10 Spare Part,Verified part number 445502806: 六角头螺钉 for ED10. Check equipment compatibility and submit an RFQ to qualified mining spare parts suppliers on KuangpeiYun.,/part-number/445502806,Request Quote,/rfq/new?partNumber=445502806,PUBLISHED_READY,2026-09-18
PN-001559,D21-0806,d21-0806,Sandvik / EIMCO,Underground LHD,ED10,Structure,异径衬套,,异径衬套,EXPLICIT,VERIFIED,HIGH,"ED10 parts manual page 39, item 32",伊泰LS190-ED10配件手册.pdf,D21-0806 — 异径衬套,D21-0806 异径衬套 | ED10 Spare Part,Verified part number D21-0806: 异径衬套 for ED10. Check equipment compatibility and submit an RFQ to qualified mining spare parts suppliers on KuangpeiYun.,/part-number/d21-0806,Request Quote,/rfq/new?partNumber=D21-0806,PUBLISHED_READY,2026-09-18
PN-001522,D15-2021,d15-2021,Sandvik / EIMCO,Underground LHD,ED10,Hose/Fitting,接头,,接头,EXPLICIT,VERIFIED,HIGH,"ED10 parts manual page 39, item 34; ED10 parts manual page 251, item 14; ED10 parts manual page 279, item 12",伊泰LS190-ED10配件手册.pdf,D15-2021 — 接头,D15-2021 接头 | ED10 Spare Part,Verified part number D15-2021: 接头 for ED10. Check equipment compatibility and submit an RFQ to qualified mining spare parts suppliers on KuangpeiYun.,/part-number/d15-2021,Request Quote,/rfq/new?partNumber=D15-2021,PUBLISHED_READY,2026-09-18
PN-001561,D21-2016,d21-2016,Sandvik / EIMCO,Underground LHD,ED10,Hydraulic,异径阀,,异径阀 | 异径衬套,EXPLICIT,VERIFIED,HIGH,"ED10 parts manual page 39, item 35; ED10 parts manual page 252, item 53",伊泰LS190-ED10配件手册.pdf,D21-2016 — 异径阀,D21-2016 异径阀 | ED10 Spare Part,Verified part number D21-2016: 异径阀 for ED10. Check equipment compatibility and submit an RFQ to qualified mining spare parts suppliers on KuangpeiYun.,/part-number/d21-2016,Request Quote,/rfq/new?partNumber=D21-2016,PUBLISHED_READY,2026-09-18
PN-000436,A2U130-596196,a2u130-596196,Sandvik / EIMCO,Underground LHD,ED10,Hose/Fitting,球铰接接头,,球铰接接头,EXPLICIT,VERIFIED,HIGH,"ED10 parts manual page 39, item 36; ED10 parts manual page 252, item 54",伊泰LS190-ED10配件手册.pdf,A2U130-596196 — 球铰接接头,A2U130-596196 球铰接接头 | ED10 Spare Part,Verified part number A2U130-596196: 球铰接接头 for ED10. Check equipment compatibility and submit an RFQ to qualified mining spare parts suppliers on KuangpeiYu,/part-number/a2u130-596196,Request Quote,/rfq/new?partNumber=A2U130-596196,PUBLISHED_READY,2026-09-18
PN-001603,D2900-16-180-21,d2900-16-180-21,Sandvik / EIMCO,Underground LHD,ED10,Hose/Fitting,软管安装,,软管安装,EXPLICIT,VERIFIED,HIGH,"ED10 parts manual page 39, item 37; ED10 parts manual page 252, item 50",伊泰LS190-ED10配件手册.pdf,D2900-16-180-21 — 软管安装,D2900-16-180-21 软管安装 | ED10 Spare Part,Verified part number D2900-16-180-21: 软管安装 for ED10. Check equipment compatibility and submit an RFQ to qualified mining spare parts suppliers on KuangpeiY,/part-number/d2900-16-180-21,Request Quote,/rfq/new?partNumber=D2900-16-180-21,PUBLISHED_READY,2026-09-18
PN-001604,D2900-16-230-21,d2900-16-230-21,Sandvik / EIMCO,Underground LHD,ED10,Hose/Fitting,软管安装,,软管安装,EXPLICIT,VERIFIED,HIGH,"ED10 parts manual page 39, item 38",伊泰LS190-ED10配件手册.pdf,D2900-16-230-21 — 软管安装,D2900-16-230-21 软管安装 | ED10 Spare Part,Verified part number D2900-16-230-21: 软管安装 for ED10. Check equipment compatibility and submit an RFQ to qualified mining spare parts suppliers on KuangpeiY,/part-number/d2900-16-230-21,Request Quote,/rfq/new?partNumber=D2900-16-230-21,PUBLISHED_READY,2026-09-18
PN-001533,D16-2121,d16-2121,Sandvik / EIMCO,Underground LHD,ED10,Hose/Fitting,接头,,接头,EXPLICIT,VERIFIED,HIGH,"ED10 parts manual page 39, item 39",伊泰LS190-ED10配件手册.pdf,D16-2121 — 接头,D16-2121 接头 | ED10 Spare Part,Verified part number D16-2121: 接头 for ED10. Check equipment compatibility and submit an RFQ to qualified mining spare parts suppliers on KuangpeiYun.,/part-number/d16-2121,Request Quote,/rfq/new?partNumber=D16-2121,PUBLISHED_READY,2026-09-18
PN-000592,A2U220-318001,a2u220-318001,Sandvik / EIMCO,Underground LHD,ED10,Transmission/Driveline,Oil Cooler Transmission,Oil Cooler Transmission,冷气机，变速箱 | 油冷却机,EXPLICIT,VERIFIED,HIGH,"ED10 parts manual page 39, item 40; ED10 parts manual page 251, item 12; SANDVIK LS190-B2285 SPARE PARTS LIST_Mining India_24.03.2026.xlsx, Sheet1, row 106",SANDVIK LS190-B2285 SPARE PARTS LIST_Mining India_24.03.2026.xlsx | 伊泰LS190-ED10配件手册.pdf,A2U220-318001 — Oil Cooler Transmission,A2U220-318001 Oil Cooler Transmission | ED10 Spare Part,Verified part number A2U220-318001: Oil Cooler Transmission for ED10. Check equipment compatibility and submit an RFQ to qualified mining spare parts suppl,/part-number/a2u220-318001,Request Quote,/rfq/new?partNumber=A2U220-318001,PUBLISHED_READY,2026-09-18
PN-000136,445208770,445208770,Sandvik / EIMCO,Underground LHD,ED10,Fastener,凹头螺钉,,凹头螺钉,EXPLICIT,VERIFIED,HIGH,"ED10 parts manual page 39, item 41",伊泰LS190-ED10配件手册.pdf,445208770 — 凹头螺钉,445208770 凹头螺钉 | ED10 Spare Part,Verified part number 445208770: 凹头螺钉 for ED10. Check equipment compatibility and submit an RFQ to qualified mining spare parts suppliers on KuangpeiYun.,/part-number/445208770,Request Quote,/rfq/new?partNumber=445208770,PUBLISHED_READY,2026-09-18
PN-000558,A2U220-261073,a2u220-261073,Sandvik / EIMCO,Underground LHD,ED10,Cooling,散热器，3126Ta,,散热器，3126Ta,EXPLICIT,VERIFIED,HIGH,"ED10 parts manual page 42, item 1",伊泰LS190-ED10配件手册.pdf,A2U220-261073 — 散热器，3126Ta,A2U220-261073 散热器，3126Ta | ED10 Spare Part,Verified part number A2U220-261073: 散热器，3126Ta for ED10. Check equipment compatibility and submit an RFQ to qualified mining spare parts suppliers on Kuang,/part-number/a2u220-261073,Request Quote,/rfq/new?partNumber=A2U220-261073,PUBLISHED_READY,2026-09-18
PN-000564,A2U220-262088,a2u220-262088,Sandvik / EIMCO,Underground LHD,ED10,Structure,托架，油冷气机,,托架，油冷气机,EXPLICIT,VERIFIED,HIGH,"ED10 parts manual page 42, item 2",伊泰LS190-ED10配件手册.pdf,A2U220-262088 — 托架，油冷气机,A2U220-262088 托架，油冷气机 | ED10 Spare Part,Verified part number A2U220-262088: 托架，油冷气机 for ED10. Check equipment compatibility and submit an RFQ to qualified mining spare parts suppliers on Kuangpei,/part-number/a2u220-262088,Request Quote,/rfq/new?partNumber=A2U220-262088,PUBLISHED_READY,2026-09-18
PN-000566,A2U220-262096,a2u220-262096,Sandvik / EIMCO,Underground LHD,ED10,Structure,托架，油冷气机,,托架，油冷气机,EXPLICIT,VERIFIED,HIGH,"ED10 parts manual page 42, item 3",伊泰LS190-ED10配件手册.pdf,A2U220-262096 — 托架，油冷气机,A2U220-262096 托架，油冷气机 | ED10 Spare Part,Verified part number A2U220-262096: 托架，油冷气机 for ED10. Check equipment compatibility and submit an RFQ to qualified mining spare parts suppliers on Kuangpei,/part-number/a2u220-262096,Request Quote,/rfq/new?partNumber=A2U220-262096,PUBLISHED_READY,2026-09-18
PN-000161,445502761,445502761,Sandvik / EIMCO,Underground LHD,ED10,Fastener,六角头螺栓,,六角头螺栓,EXPLICIT,VERIFIED,HIGH,"ED10 parts manual page 42, item 5",伊泰LS190-ED10配件手册.pdf,445502761 — 六角头螺栓,445502761 六角头螺栓 | ED10 Spare Part,Verified part number 445502761: 六角头螺栓 for ED10. Check equipment compatibility and submit an RFQ to qualified mining spare parts suppliers on KuangpeiYun.,/part-number/445502761,Request Quote,/rfq/new?partNumber=445502761,PUBLISHED_READY,2026-09-18
PN-001838,L600001136,l600001136,Sandvik / EIMCO,Underground LHD,ED10,Fastener,弹簧垫圈,,弹簧垫圈,EXPLICIT,VERIFIED,HIGH,"ED10 parts manual page 42, item 9",伊泰LS190-ED10配件手册.pdf,L600001136 — 弹簧垫圈,L600001136 弹簧垫圈 | ED10 Spare Part,Verified part number L600001136: 弹簧垫圈 for ED10. Check equipment compatibility and submit an RFQ to qualified mining spare parts suppliers on KuangpeiYun.,/part-number/l600001136,Request Quote,/rfq/new?partNumber=L600001136,PUBLISHED_READY,2026-09-18
PN-000543,A2U220-252046,a2u220-252046,Sandvik / EIMCO,Underground LHD,ED10,Hydraulic,马达安装托架,,马达安装托架,EXPLICIT,VERIFIED,HIGH,"ED10 parts manual page 42, item 11",伊泰LS190-ED10配件手册.pdf,A2U220-252046 — 马达安装托架,A2U220-252046 马达安装托架 | ED10 Spare Part,Verified part number A2U220-252046: 马达安装托架 for ED10. Check equipment compatibility and submit an RFQ to qualified mining spare parts suppliers on KuangpeiY,/part-number/a2u220-252046,Request Quote,/rfq/new?partNumber=A2U220-252046,PUBLISHED_READY,2026-09-18
PN-000141,445402819,445402819,Sandvik / EIMCO,Underground LHD,ED10,Fastener,六角头螺栓,,六角头螺栓,EXPLICIT,VERIFIED,HIGH,"ED10 parts manual page 42, item 12",伊泰LS190-ED10配件手册.pdf,445402819 — 六角头螺栓,445402819 六角头螺栓 | ED10 Spare Part,Verified part number 445402819: 六角头螺栓 for ED10. Check equipment compatibility and submit an RFQ to qualified mining spare parts suppliers on KuangpeiYun.,/part-number/445402819,Request Quote,/rfq/new?partNumber=445402819,PUBLISHED_READY,2026-09-18
PN-001837,L455669034,l455669034,Sandvik / EIMCO,Underground LHD,ED10,Fastener,内嵌尼龙螺母,,内嵌尼龙螺母,EXPLICIT,VERIFIED,HIGH,"ED10 parts manual page 42, item 13",伊泰LS190-ED10配件手册.pdf,L455669034 — 内嵌尼龙螺母,L455669034 内嵌尼龙螺母 | ED10 Spare Part,Verified part number L455669034: 内嵌尼龙螺母 for ED10. Check equipment compatibility and submit an RFQ to qualified mining spare parts suppliers on KuangpeiYun.,/part-number/l455669034,Request Quote,/rfq/new?partNumber=L455669034,PUBLISHED_READY,2026-09-18
PN-000563,A2U220-262085,a2u220-262085,Sandvik / EIMCO,Underground LHD,ED10,Cooling,散热器管罩,,散热器管罩,EXPLICIT,VERIFIED,HIGH,"ED10 parts manual page 42, item 14",伊泰LS190-ED10配件手册.pdf,A2U220-262085 — 散热器管罩,A2U220-262085 散热器管罩 | ED10 Spare Part,Verified part number A2U220-262085: 散热器管罩 for ED10. Check equipment compatibility and submit an RFQ to qualified mining spare parts suppliers on KuangpeiYu,/part-number/a2u220-262085,Request Quote,/rfq/new?partNumber=A2U220-262085,PUBLISHED_READY,2026-09-18
PN-000565,A2U220-262089,a2u220-262089,Sandvik / EIMCO,Underground LHD,ED10,Cooling,散热器罩，中央,,散热器罩，中央,EXPLICIT,VERIFIED,HIGH,"ED10 parts manual page 42, item 15",伊泰LS190-ED10配件手册.pdf,A2U220-262089 — 散热器罩，中央,A2U220-262089 散热器罩，中央 | ED10 Spare Part,Verified part number A2U220-262089: 散热器罩，中央 for ED10. Check equipment compatibility and submit an RFQ to qualified mining spare parts suppliers on Kuangpei,/part-number/a2u220-262089,Request Quote,/rfq/new?partNumber=A2U220-262089,PUBLISHED_READY,2026-09-18
PN-000561,A2U220-262083,a2u220-262083,Sandvik / EIMCO,Underground LHD,ED10,Cooling,散热器罩，右侧,,散热器罩，右侧,EXPLICIT,VERIFIED,HIGH,"ED10 parts manual page 42, item 16",伊泰LS190-ED10配件手册.pdf,A2U220-262083 — 散热器罩，右侧,A2U220-262083 散热器罩，右侧 | ED10 Spare Part,Verified part number A2U220-262083: 散热器罩，右侧 for ED10. Check equipment compatibility and submit an RFQ to qualified mining spare parts suppliers on Kuangpei,/part-number/a2u220-262083,Request Quote,/rfq/new?partNumber=A2U220-262083,PUBLISHED_READY,2026-09-18
PN-000562,A2U220-262084,a2u220-262084,Sandvik / EIMCO,Underground LHD,ED10,Cooling,散热器罩，左侧,,散热器罩，左侧,EXPLICIT,VERIFIED,HIGH,"ED10 parts manual page 42, item 17",伊泰LS190-ED10配件手册.pdf,A2U220-262084 — 散热器罩，左侧,A2U220-262084 散热器罩，左侧 | ED10 Spare Part,Verified part number A2U220-262084: 散热器罩，左侧 for ED10. Check equipment compatibility and submit an RFQ to qualified mining spare parts suppliers on Kuangpei,/part-number/a2u220-262084,Request Quote,/rfq/new?partNumber=A2U220-262084,PUBLISHED_READY,2026-09-18
PN-001657,D37-0404,d37-0404,Sandvik / EIMCO,Underground LHD,ED10,Hose/Fitting,90度弯头,,90度弯头,EXPLICIT,VERIFIED,HIGH,"ED10 parts manual page 44, item 4",伊泰LS190-ED10配件手册.pdf,D37-0404 — 90度弯头,D37-0404 90度弯头 | ED10 Spare Part,Verified part number D37-0404: 90度弯头 for ED10. Check equipment compatibility and submit an RFQ to qualified mining spare parts suppliers on KuangpeiYun.,/part-number/d37-0404,Request Quote,/rfq/new?partNumber=D37-0404,PUBLISHED_READY,2026-09-18
PN-001535,D17-0407,d17-0407,Sandvik / EIMCO,Underground LHD,ED10,Hose/Fitting,90度弯头,,90度弯头 | 弯头,EXPLICIT,VERIFIED,HIGH,"ED10 parts manual page 44, item 6; ED10 parts manual page 230, item 7; ED10 parts manual page 275, item 26",伊泰LS190-ED10配件手册.pdf,D17-0407 — 90度弯头,D17-0407 90度弯头 | ED10 Spare Part,Verified part number D17-0407: 90度弯头 for ED10. Check equipment compatibility and submit an RFQ to qualified mining spare parts suppliers on KuangpeiYun.,/part-number/d17-0407,Request Quote,/rfq/new?partNumber=D17-0407,PUBLISHED_READY,2026-09-18
PN-001746,D605 74,d605-74,Sandvik / EIMCO,Underground LHD,ED10,Hose/Fitting,软管安装,,软管安装,EXPLICIT,VERIFIED,HIGH,"ED10 parts manual page 44, item 10",伊泰LS190-ED10配件手册.pdf,D605 74 — 软管安装,D605 74 软管安装 | ED10 Spare Part,Verified part number D605 74: 软管安装 for ED10. Check equipment compatibility and submit an RFQ to qualified mining spare parts suppliers on KuangpeiYun.,/part-number/d605-74,Request Quote,/rfq/new?partNumber=D605 74,PUBLISHED_READY,2026-09-18
PN-001508,D100-48,d100-48,Sandvik / EIMCO,Underground LHD,ED10,Hose/Fitting,软管尾端,,软管尾端,EXPLICIT,VERIFIED,HIGH,"ED10 parts manual page 44, item 14",伊泰LS190-ED10配件手册.pdf,D100-48 — 软管尾端,D100-48 软管尾端 | ED10 Spare Part,Verified part number D100-48: 软管尾端 for ED10. Check equipment compatibility and submit an RFQ to qualified mining spare parts suppliers on KuangpeiYun.,/part-number/d100-48,Request Quote,/rfq/new?partNumber=D100-48,PUBLISHED_READY,2026-09-18
PN-001738,D60-04,d60-04,Sandvik / EIMCO,Underground LHD,ED10,Other,塞子,,塞子,EXPLICIT,VERIFIED,HIGH,"ED10 parts manual page 44, item 16; ED10 parts manual page 235, item 11; ED10 parts manual page 254, item 5",伊泰LS190-ED10配件手册.pdf,D60-04 — 塞子,D60-04 塞子 | ED10 Spare Part,Verified part number D60-04: 塞子 for ED10. Check equipment compatibility and submit an RFQ to qualified mining spare parts suppliers on KuangpeiYun.,/part-number/d60-04,Request Quote,/rfq/new?partNumber=D60-04,PUBLISHED_READY,2026-09-18
PN-000556,A2U220-261071,a2u220-261071,Sandvik / EIMCO,Underground LHD,ED10,Other,辅助水箱,,辅助水箱,EXPLICIT,VERIFIED,HIGH,"ED10 parts manual page 44, item 18",伊泰LS190-ED10配件手册.pdf,A2U220-261071 — 辅助水箱,A2U220-261071 辅助水箱 | ED10 Spare Part,Verified part number A2U220-261071: 辅助水箱 for ED10. Check equipment compatibility and submit an RFQ to qualified mining spare parts suppliers on KuangpeiYun,/part-number/a2u220-261071,Request Quote,/rfq/new?partNumber=A2U220-261071,PUBLISHED_READY,2026-09-18
PN-000169,445502807,445502807,Sandvik / EIMCO,Underground LHD,ED10,Fastener,"六角头螺栓, M10 X 45毫米长",,"六角头螺栓, M10 X 45毫米长 | 六角头螺栓",EXPLICIT,VERIFIED,HIGH,"ED10 parts manual page 46, item 1; ED10 parts manual page 80, item 16",伊泰LS190-ED10配件手册.pdf,"445502807 — 六角头螺栓, M10 X 45毫米长","445502807 六角头螺栓, M10 X 45毫米长 | ED10 Spare Part","Verified part number 445502807: 六角头螺栓, M10 X 45毫米长 for ED10. Check equipment compatibility and submit an RFQ to qualified mining spare parts suppliers on K",/part-number/445502807,Request Quote,/rfq/new?partNumber=445502807,PUBLISHED_READY,2026-09-18
PN-001036,C2A127-4761,c2a127-4761,Sandvik / EIMCO,Underground LHD,ED10,Filter,过滤器组－引擎油,,过滤器组－引擎油,EXPLICIT,VERIFIED,HIGH,"ED10 parts manual page 46, item 5",伊泰LS190-ED10配件手册.pdf,C2A127-4761 — 过滤器组－引擎油,C2A127-4761 过滤器组－引擎油 | ED10 Spare Part,Verified part number C2A127-4761: 过滤器组－引擎油 for ED10. Check equipment compatibility and submit an RFQ to qualified mining spare parts suppliers on KuangpeiY,/part-number/c2a127-4761,Request Quote,/rfq/new?partNumber=C2A127-4761,PUBLISHED_READY,2026-09-18
PN-001041,C2A1R-0716,c2a1r-0716,Sandvik / EIMCO,Underground LHD,ED10,Filter,夹头，油过滤器,,夹头，油过滤器,EXPLICIT,VERIFIED,HIGH,"ED10 parts manual page 46, item 6",伊泰LS190-ED10配件手册.pdf,C2A1R-0716 — 夹头，油过滤器,C2A1R-0716 夹头，油过滤器 | ED10 Spare Part,Verified part number C2A1R-0716: 夹头，油过滤器 for ED10. Check equipment compatibility and submit an RFQ to qualified mining spare parts suppliers on KuangpeiYun,/part-number/c2a1r-0716,Request Quote,/rfq/new?partNumber=C2A1R-0716,PUBLISHED_READY,2026-09-18
PN-001038,C2A1332280,c2a1332280,Sandvik / EIMCO,Underground LHD,ED10,Engine,燃油泵/调速器,,燃油泵/调速器,EXPLICIT,VERIFIED,HIGH,"ED10 parts manual page 49, item 1",伊泰LS190-ED10配件手册.pdf,C2A1332280 — 燃油泵/调速器,C2A1332280 燃油泵/调速器 | ED10 Spare Part,Verified part number C2A1332280: 燃油泵/调速器 for ED10. Check equipment compatibility and submit an RFQ to qualified mining spare parts suppliers on KuangpeiYun,/part-number/c2a1332280,Request Quote,/rfq/new?partNumber=C2A1332280,PUBLISHED_READY,2026-09-18
PN-000517,A2U220-220037,a2u220-220037,Sandvik / EIMCO,Underground LHD,ED10,Engine,FUEL SHUTDOWN GROUP,FUEL SHUTDOWN GROUP,燃油关闭,EXPLICIT,VERIFIED,HIGH,"ED10 parts manual page 49, item 2; SANDVIK LS190-B2285 SPARE PARTS LIST_Mining India_24.03.2026.xlsx, Sheet1, row 456",SANDVIK LS190-B2285 SPARE PARTS LIST_Mining India_24.03.2026.xlsx | 伊泰LS190-ED10配件手册.pdf,A2U220-220037 — FUEL SHUTDOWN GROUP,A2U220-220037 FUEL SHUTDOWN GROUP | ED10 Spare Part,Verified part number A2U220-220037: FUEL SHUTDOWN GROUP for ED10. Check equipment compatibility and submit an RFQ to qualified mining spare parts suppliers,/part-number/a2u220-220037,Request Quote,/rfq/new?partNumber=A2U220-220037,PUBLISHED_READY,2026-09-18
PN-000582,A2U220-291223,a2u220-291223,Sandvik / EIMCO,Underground LHD,ED10,Electrical,托架，加速器电缆,,托架，加速器电缆,EXPLICIT,VERIFIED,HIGH,"ED10 parts manual page 49, item 3",伊泰LS190-ED10配件手册.pdf,A2U220-291223 — 托架，加速器电缆,A2U220-291223 托架，加速器电缆 | ED10 Spare Part,Verified part number A2U220-291223: 托架，加速器电缆 for ED10. Check equipment compatibility and submit an RFQ to qualified mining spare parts suppliers on Kuangpe,/part-number/a2u220-291223,Request Quote,/rfq/new?partNumber=A2U220-291223,PUBLISHED_READY,2026-09-18
PN-000019,915-26018,915-26018,Sandvik / EIMCO,Underground LHD,"ED10, LS190",Other,Throttle Cable Assembly,"CABLE ASSY, THROTTLE | Throttle Cable | THROTTLE CABLE -",电缆，加速器,EXPLICIT,VERIFIED,HIGH,"ED10 parts manual page 49, item 4; SANDVIK LS 190-312 PARTS20260228.xlsx, Sheet1, row 39; SANDVIK LS190-B2285 SPARE PARTS LIST_Mining India_24.03.2026.xlsx, Sheet1, row 110; SANDVIK LS190-B2285 SPARE PARTS LIST_Mining India_24.03.2026.xlsx, Sheet1, row 184; Purchase Order-Shanxi.xlsx, Sheet1, row 23",Purchase Order-Shanxi.xlsx | SANDVIK LS 190-312 PARTS20260228.xlsx | SANDVIK LS190-B2285 SPARE PARTS LIST_Mining India_24.03.2026.xlsx | 伊泰LS190-ED10配件手册.pdf,915-26018 — Throttle Cable Assembly,"915-26018 Throttle Cable Assembly | ED10, LS190 Spare Part","Verified part number 915-26018: Throttle Cable Assembly for ED10, LS190. Check equipment compatibility and submit an RFQ to qualified mining spare parts su",/part-number/915-26018,Request Quote,/rfq/new?partNumber=915-26018,PUBLISHED_READY,2026-09-18
PN-001901,W4GF,w4gf,Sandvik / EIMCO,Underground LHD,ED10,Fastener,弹簧垫圈,,弹簧垫圈 | 防松垫圈,EXPLICIT,VERIFIED,HIGH,"ED10 parts manual page 49, item 5; ED10 parts manual page 192, item 13",伊泰LS190-ED10配件手册.pdf,W4GF — 弹簧垫圈,W4GF 弹簧垫圈 | ED10 Spare Part,Verified part number W4GF: 弹簧垫圈 for ED10. Check equipment compatibility and submit an RFQ to qualified mining spare parts suppliers on KuangpeiYun.,/part-number/w4gf,Request Quote,/rfq/new?partNumber=W4GF,PUBLISHED_READY,2026-09-18
PN-001865,T4HG,t4hg,Sandvik / EIMCO,Underground LHD,ED10,Fastener,螺母,,螺母,EXPLICIT,VERIFIED,HIGH,"ED10 parts manual page 49, item 7",伊泰LS190-ED10配件手册.pdf,T4HG — 螺母,T4HG 螺母 | ED10 Spare Part,Verified part number T4HG: 螺母 for ED10. Check equipment compatibility and submit an RFQ to qualified mining spare parts suppliers on KuangpeiYun.,/part-number/t4hg,Request Quote,/rfq/new?partNumber=T4HG,PUBLISHED_READY,2026-09-18
PN-000209,455309026,455309026,Sandvik / EIMCO,Underground LHD,ED10,Fastener,六角螺母,,六角螺母,EXPLICIT,VERIFIED,HIGH,"ED10 parts manual page 49, item 8",伊泰LS190-ED10配件手册.pdf,455309026 — 六角螺母,455309026 六角螺母 | ED10 Spare Part,Verified part number 455309026: 六角螺母 for ED10. Check equipment compatibility and submit an RFQ to qualified mining spare parts suppliers on KuangpeiYun.,/part-number/455309026,Request Quote,/rfq/new?partNumber=455309026,PUBLISHED_READY,2026-09-18
PN-000156,445502656,445502656,Sandvik / EIMCO,Underground LHD,ED10,Fastener,六角头螺栓，S.S.,,六角头螺栓，S.S. | 六角头螺栓 | 六角头螺栓（未显示）,EXPLICIT,VERIFIED,HIGH,"ED10 parts manual page 49, item 9; ED10 parts manual page 184, item 52; ED10 parts manual page 203, item 24",伊泰LS190-ED10配件手册.pdf,445502656 — 六角头螺栓，S.S.,445502656 六角头螺栓，S.S. | ED10 Spare Part,Verified part number 445502656: 六角头螺栓，S.S. for ED10. Check equipment compatibility and submit an RFQ to qualified mining spare parts suppliers on KuangpeiY,/part-number/445502656,Request Quote,/rfq/new?partNumber=445502656,PUBLISHED_READY,2026-09-18
PN-000321,64400369,64400369,Sandvik / EIMCO,Underground LHD,ED10,Other,"1/4"""" UNF BALL JOINT ROD END","1/4"""" UNF BALL JOINT ROD END | BALL JOINT ROD END",球形接头,EXPLICIT,VERIFIED,HIGH,"ED10 parts manual page 49, item 10; SANDVIK LS190-B2285 SPARE PARTS LIST_Mining India_24.03.2026.xlsx, Sheet1, row 109; SANDVIK LS190-B2285 SPARE PARTS LIST_Mining India_24.03.2026.xlsx, Sheet1, row 183; SANDVIK LS190-B2285 SPARE PARTS LIST_Mining India_24.03.2026.xlsx, Sheet1, row 194",SANDVIK LS190-B2285 SPARE PARTS LIST_Mining India_24.03.2026.xlsx | 伊泰LS190-ED10配件手册.pdf,"64400369 — 1/4"""" UNF BALL JOINT ROD END","64400369 1/4"""" UNF BALL JOINT ROD END | ED10 Spare Part","Verified part number 64400369: 1/4"""" UNF BALL JOINT ROD END for ED10. Check equipment compatibility and submit an RFQ to qualified mining spare parts suppl",/part-number/64400369,Request Quote,/rfq/new?partNumber=64400369,PUBLISHED_READY,2026-09-18
PN-000098,115028,115028,Sandvik / EIMCO,Underground LHD,ED10,Other,Throttle Spring,Throttle Spring,弹簧,EXPLICIT,VERIFIED,HIGH,"ED10 parts manual page 49, item 11; SANDVIK LS190-B2285 SPARE PARTS LIST_Mining India_24.03.2026.xlsx, Sheet1, row 108",SANDVIK LS190-B2285 SPARE PARTS LIST_Mining India_24.03.2026.xlsx | 伊泰LS190-ED10配件手册.pdf,115028 — Throttle Spring,115028 Throttle Spring | ED10 Spare Part,Verified part number 115028: Throttle Spring for ED10. Check equipment compatibility and submit an RFQ to qualified mining spare parts suppliers on Kuangpe,/part-number/115028,Request Quote,/rfq/new?partNumber=115028,PUBLISHED_READY,2026-09-18
PN-000214,455669026,455669026,Sandvik / EIMCO,Underground LHD,ED10,Fastener,螺母，尼龙嵌层,,螺母，尼龙嵌层,EXPLICIT,VERIFIED,HIGH,"ED10 parts manual page 49, item 12",伊泰LS190-ED10配件手册.pdf,455669026 — 螺母，尼龙嵌层,455669026 螺母，尼龙嵌层 | ED10 Spare Part,Verified part number 455669026: 螺母，尼龙嵌层 for ED10. Check equipment compatibility and submit an RFQ to qualified mining spare parts suppliers on KuangpeiYun.,/part-number/455669026,Request Quote,/rfq/new?partNumber=455669026,PUBLISHED_READY,2026-09-18
PN-000651,A2U220-591347,a2u220-591347,Sandvik / EIMCO,Underground LHD,ED10,Structure,踏板安装组,,踏板安装组,EXPLICIT,VERIFIED,HIGH,"ED10 parts manual page 49, item 13",伊泰LS190-ED10配件手册.pdf,A2U220-591347 — 踏板安装组,A2U220-591347 踏板安装组 | ED10 Spare Part,Verified part number A2U220-591347: 踏板安装组 for ED10. Check equipment compatibility and submit an RFQ to qualified mining spare parts suppliers on KuangpeiYu,/part-number/a2u220-591347,Request Quote,/rfq/new?partNumber=A2U220-591347,PUBLISHED_READY,2026-09-18
PN-001824,G768,g768,Sandvik / EIMCO,Underground LHD,ED10,Other,轴承,,轴承,EXPLICIT,VERIFIED,HIGH,"ED10 parts manual page 49, item 14",伊泰LS190-ED10配件手册.pdf,G768 — 轴承,G768 轴承 | ED10 Spare Part,Verified part number G768: 轴承 for ED10. Check equipment compatibility and submit an RFQ to qualified mining spare parts suppliers on KuangpeiYun.,/part-number/g768,Request Quote,/rfq/new?partNumber=G768,PUBLISHED_READY,2026-09-18
PN-000186,445512804,445512804,Sandvik / EIMCO,Underground LHD,ED10,Fastener,六角头螺栓,,六角头螺栓 | 螺钉,EXPLICIT,VERIFIED,HIGH,"ED10 parts manual page 49, item 17; ED10 parts manual page 205, item 4; ED10 parts manual page 240, item 18",伊泰LS190-ED10配件手册.pdf,445512804 — 六角头螺栓,445512804 六角头螺栓 | ED10 Spare Part,Verified part number 445512804: 六角头螺栓 for ED10. Check equipment compatibility and submit an RFQ to qualified mining spare parts suppliers on KuangpeiYun.,/part-number/445512804,Request Quote,/rfq/new?partNumber=445512804,PUBLISHED_READY,2026-09-18
PN-000206,455302034,455302034,Sandvik / EIMCO,Underground LHD,ED10,Fastener,螺母,,螺母,EXPLICIT,VERIFIED,HIGH,"ED10 parts manual page 49, item 18",伊泰LS190-ED10配件手册.pdf,455302034 — 螺母,455302034 螺母 | ED10 Spare Part,Verified part number 455302034: 螺母 for ED10. Check equipment compatibility and submit an RFQ to qualified mining spare parts suppliers on KuangpeiYun.,/part-number/455302034,Request Quote,/rfq/new?partNumber=455302034,PUBLISHED_READY,2026-09-18
PN-000350,915-26020,915-26020,Sandvik / EIMCO,Underground LHD,ED10,Other,踏板,,踏板,EXPLICIT,VERIFIED,HIGH,"ED10 parts manual page 49, item 19",伊泰LS190-ED10配件手册.pdf,915-26020 — 踏板,915-26020 踏板 | ED10 Spare Part,Verified part number 915-26020: 踏板 for ED10. Check equipment compatibility and submit an RFQ to qualified mining spare parts suppliers on KuangpeiYun.,/part-number/915-26020,Request Quote,/rfq/new?partNumber=915-26020,PUBLISHED_READY,2026-09-18
PN-000345,911-14026,911-14026,Sandvik / EIMCO,Underground LHD,ED10,Structure,销，油门踏板,,销，油门踏板,EXPLICIT,VERIFIED,HIGH,"ED10 parts manual page 49, item 20",伊泰LS190-ED10配件手册.pdf,911-14026 — 销，油门踏板,911-14026 销，油门踏板 | ED10 Spare Part,Verified part number 911-14026: 销，油门踏板 for ED10. Check equipment compatibility and submit an RFQ to qualified mining spare parts suppliers on KuangpeiYun.,/part-number/911-14026,Request Quote,/rfq/new?partNumber=911-14026,PUBLISHED_READY,2026-09-18
PN-000212,455309036,455309036,Sandvik / EIMCO,Underground LHD,ED10,Fastener,螺母,,螺母,EXPLICIT,VERIFIED,HIGH,"ED10 parts manual page 49, item 25",伊泰LS190-ED10配件手册.pdf,455309036 — 螺母,455309036 螺母 | ED10 Spare Part,Verified part number 455309036: 螺母 for ED10. Check equipment compatibility and submit an RFQ to qualified mining spare parts suppliers on KuangpeiYun.,/part-number/455309036,Request Quote,/rfq/new?partNumber=455309036,PUBLISHED_READY,2026-09-18
PN-000143,445402855,445402855,Sandvik / EIMCO,Underground LHD,ED10,Fastener,六角头螺栓,,六角头螺栓,EXPLICIT,VERIFIED,HIGH,"ED10 parts manual page 49, item 26",伊泰LS190-ED10配件手册.pdf,445402855 — 六角头螺栓,445402855 六角头螺栓 | ED10 Spare Part,Verified part number 445402855: 六角头螺栓 for ED10. Check equipment compatibility and submit an RFQ to qualified mining spare parts suppliers on KuangpeiYun.,/part-number/445402855,Request Quote,/rfq/new?partNumber=445402855,PUBLISHED_READY,2026-09-18
PN-000133,445208660,445208660,Sandvik / EIMCO,Underground LHD,ED10,Fastener,"凹头螺钉,S.S.",,"凹头螺钉,S.S.",EXPLICIT,VERIFIED,HIGH,"ED10 parts manual page 49, item 31",伊泰LS190-ED10配件手册.pdf,"445208660 — 凹头螺钉,S.S.","445208660 凹头螺钉,S.S. | ED10 Spare Part","Verified part number 445208660: 凹头螺钉,S.S. for ED10. Check equipment compatibility and submit an RFQ to qualified mining spare parts suppliers on KuangpeiYu",/part-number/445208660,Request Quote,/rfq/new?partNumber=445208660,PUBLISHED_READY,2026-09-18
PN-000519,A2U220-221043,a2u220-221043,Sandvik / EIMCO,Underground LHD,ED10,Engine,油缸，燃油关闭,,油缸，燃油关闭,EXPLICIT,VERIFIED,HIGH,"ED10 parts manual page 51, item 1",伊泰LS190-ED10配件手册.pdf,A2U220-221043 — 油缸，燃油关闭,A2U220-221043 油缸，燃油关闭 | ED10 Spare Part,Verified part number A2U220-221043: 油缸，燃油关闭 for ED10. Check equipment compatibility and submit an RFQ to qualified mining spare parts suppliers on Kuangpei,/part-number/a2u220-221043,Request Quote,/rfq/new?partNumber=A2U220-221043,PUBLISHED_READY,2026-09-18
PN-000521,A2U220-221045,a2u220-221045,Sandvik / EIMCO,Underground LHD,ED10,Other,钮端，油缸,,钮端，油缸,EXPLICIT,VERIFIED,HIGH,"ED10 parts manual page 51, item 2",伊泰LS190-ED10配件手册.pdf,A2U220-221045 — 钮端，油缸,A2U220-221045 钮端，油缸 | ED10 Spare Part,Verified part number A2U220-221045: 钮端，油缸 for ED10. Check equipment compatibility and submit an RFQ to qualified mining spare parts suppliers on KuangpeiYu,/part-number/a2u220-221045,Request Quote,/rfq/new?partNumber=A2U220-221045,PUBLISHED_READY,2026-09-18
PN-000846,A2U913-221040,a2u913-221040,Sandvik / EIMCO,Underground LHD,ED10,Fastener,防松螺母，钮端,,防松螺母，钮端,EXPLICIT,VERIFIED,HIGH,"ED10 parts manual page 51, item 3",伊泰LS190-ED10配件手册.pdf,A2U913-221040 — 防松螺母，钮端,A2U913-221040 防松螺母，钮端 | ED10 Spare Part,Verified part number A2U913-221040: 防松螺母，钮端 for ED10. Check equipment compatibility and submit an RFQ to qualified mining spare parts suppliers on Kuangpei,/part-number/a2u913-221040,Request Quote,/rfq/new?partNumber=A2U913-221040,PUBLISHED_READY,2026-09-18
PN-000520,A2U220-221044,a2u220-221044,Sandvik / EIMCO,Underground LHD,ED10,Engine,接头，油缸，燃油关闭,,接头，油缸，燃油关闭,EXPLICIT,VERIFIED,HIGH,"ED10 parts manual page 51, item 4",伊泰LS190-ED10配件手册.pdf,A2U220-221044 — 接头，油缸，燃油关闭,A2U220-221044 接头，油缸，燃油关闭 | ED10 Spare Part,Verified part number A2U220-221044: 接头，油缸，燃油关闭 for ED10. Check equipment compatibility and submit an RFQ to qualified mining spare parts suppliers on Kuang,/part-number/a2u220-221044,Request Quote,/rfq/new?partNumber=A2U220-221044,PUBLISHED_READY,2026-09-18
PN-001045,C2A4K1388,c2a4k1388,Sandvik / EIMCO,Underground LHD,ED10,Other,O型圈,,O型圈,EXPLICIT,VERIFIED,HIGH,"ED10 parts manual page 51, item 6",伊泰LS190-ED10配件手册.pdf,C2A4K1388 — O型圈,C2A4K1388 O型圈 | ED10 Spare Part,Verified part number C2A4K1388: O型圈 for ED10. Check equipment compatibility and submit an RFQ to qualified mining spare parts suppliers on KuangpeiYun.,/part-number/c2a4k1388,Request Quote,/rfq/new?partNumber=C2A4K1388,PUBLISHED_READY,2026-09-18
PN-001545,D17-29,d17-29,Sandvik / EIMCO,Underground LHD,ED10,Hose/Fitting,90度弯头,,90度弯头,EXPLICIT,VERIFIED,HIGH,"ED10 parts manual page 51, item 7",伊泰LS190-ED10配件手册.pdf,D17-29 — 90度弯头,D17-29 90度弯头 | ED10 Spare Part,Verified part number D17-29: 90度弯头 for ED10. Check equipment compatibility and submit an RFQ to qualified mining spare parts suppliers on KuangpeiYun.,/part-number/d17-29,Request Quote,/rfq/new?partNumber=D17-29,PUBLISHED_READY,2026-09-18
PN-000328,64801604,64801604,Sandvik / EIMCO,Underground LHD,ED10,Other,排放龙头,,排放龙头,EXPLICIT,VERIFIED,HIGH,"ED10 parts manual page 53, item 1",伊泰LS190-ED10配件手册.pdf,64801604 — 排放龙头,64801604 排放龙头 | ED10 Spare Part,Verified part number 64801604: 排放龙头 for ED10. Check equipment compatibility and submit an RFQ to qualified mining spare parts suppliers on KuangpeiYun.,/part-number/64801604,Request Quote,/rfq/new?partNumber=64801604,PUBLISHED_READY,2026-09-18
PN-000391,A2U130-235014,a2u130-235014,Sandvik / EIMCO,Underground LHD,ED10,Filter,过滤器托架,,过滤器托架,EXPLICIT,VERIFIED,HIGH,"ED10 parts manual page 53, item 2",伊泰LS190-ED10配件手册.pdf,A2U130-235014 — 过滤器托架,A2U130-235014 过滤器托架 | ED10 Spare Part,Verified part number A2U130-235014: 过滤器托架 for ED10. Check equipment compatibility and submit an RFQ to qualified mining spare parts suppliers on KuangpeiYu,/part-number/a2u130-235014,Request Quote,/rfq/new?partNumber=A2U130-235014,PUBLISHED_READY,2026-09-18
PN-001504,CN1-0604,cn1-0604,Sandvik / EIMCO,Underground LHD,ED10,Other,直适配器,,直适配器,EXPLICIT,VERIFIED,HIGH,"ED10 parts manual page 53, item 4",伊泰LS190-ED10配件手册.pdf,CN1-0604 — 直适配器,CN1-0604 直适配器 | ED10 Spare Part,Verified part number CN1-0604: 直适配器 for ED10. Check equipment compatibility and submit an RFQ to qualified mining spare parts suppliers on KuangpeiYun.,/part-number/cn1-0604,Request Quote,/rfq/new?partNumber=CN1-0604,PUBLISHED_READY,2026-09-18
PN-001904,W6GA,w6ga,Sandvik / EIMCO,Underground LHD,ED10,Fastener,平垫圈,,平垫圈,EXPLICIT,VERIFIED,HIGH,"ED10 parts manual page 53, item 5; ED10 parts manual page 80, item 22; ED10 parts manual page 114, item 8; ED10 parts manual page 205, item 6; ED10 parts manual page 218, item 20; ED10 parts manual page 283, item 12",伊泰LS190-ED10配件手册.pdf,W6GA — 平垫圈,W6GA 平垫圈 | ED10 Spare Part,Verified part number W6GA: 平垫圈 for ED10. Check equipment compatibility and submit an RFQ to qualified mining spare parts suppliers on KuangpeiYun.,/part-number/w6ga,Request Quote,/rfq/new?partNumber=W6GA,PUBLISHED_READY,2026-09-18
PN-001870,T6GG20,t6gg20,Sandvik / EIMCO,Underground LHD,ED10,Fastener,螺钉,,螺钉 | 六角头螺栓,EXPLICIT,VERIFIED,HIGH,"ED10 parts manual page 53, item 6; ED10 parts manual page 218, item 17",伊泰LS190-ED10配件手册.pdf,T6GG20 — 螺钉,T6GG20 螺钉 | ED10 Spare Part,Verified part number T6GG20: 螺钉 for ED10. Check equipment compatibility and submit an RFQ to qualified mining spare parts suppliers on KuangpeiYun.,/part-number/t6gg20,Request Quote,/rfq/new?partNumber=T6GG20,PUBLISHED_READY,2026-09-18
PN-001905,W6GF,w6gf,Sandvik / EIMCO,Underground LHD,ED10,Fastener,弹簧垫圈,,弹簧垫圈,EXPLICIT,VERIFIED,HIGH,"ED10 parts manual page 53, item 7; ED10 parts manual page 114, item 9; ED10 parts manual page 199, item 24; ED10 parts manual page 205, item 5; ED10 parts manual page 214, item 27; ED10 parts manual page 218, item 21; ED10 parts manual page 225, item 7; ED10 parts manual page 283, item 11; ED10 parts manual page 319, item 14",伊泰LS190-ED10配件手册.pdf,W6GF — 弹簧垫圈,W6GF 弹簧垫圈 | ED10 Spare Part,Verified part number W6GF: 弹簧垫圈 for ED10. Check equipment compatibility and submit an RFQ to qualified mining spare parts suppliers on KuangpeiYun.,/part-number/w6gf,Request Quote,/rfq/new?partNumber=W6GF,PUBLISHED_READY,2026-09-18
PN-001547,D17-612,d17-612,Sandvik / EIMCO,Underground LHD,ED10,Hose/Fitting,弯头,,弯头,EXPLICIT,VERIFIED,HIGH,"ED10 parts manual page 53, item 8",伊泰LS190-ED10配件手册.pdf,D17-612 — 弯头,D17-612 弯头 | ED10 Spare Part,Verified part number D17-612: 弯头 for ED10. Check equipment compatibility and submit an RFQ to qualified mining spare parts suppliers on KuangpeiYun.,/part-number/d17-612,Request Quote,/rfq/new?partNumber=D17-612,PUBLISHED_READY,2026-09-18
PN-001662,D37-66,d37-66,Sandvik / EIMCO,Underground LHD,ED10,Hose/Fitting,弯头,,弯头,EXPLICIT,VERIFIED,HIGH,"ED10 parts manual page 53, item 9",伊泰LS190-ED10配件手册.pdf,D37-66 — 弯头,D37-66 弯头 | ED10 Spare Part,Verified part number D37-66: 弯头 for ED10. Check equipment compatibility and submit an RFQ to qualified mining spare parts suppliers on KuangpeiYun.,/part-number/d37-66,Request Quote,/rfq/new?partNumber=D37-66,PUBLISHED_READY,2026-09-18
PN-001525,D15-49,d15-49,Sandvik / EIMCO,Underground LHD,ED10,Hose/Fitting,接头,,接头,EXPLICIT,VERIFIED,HIGH,"ED10 parts manual page 53, item 10",伊泰LS190-ED10配件手册.pdf,D15-49 — 接头,D15-49 接头 | ED10 Spare Part,Verified part number D15-49: 接头 for ED10. Check equipment compatibility and submit an RFQ to qualified mining spare parts suppliers on KuangpeiYun.,/part-number/d15-49,Request Quote,/rfq/new?partNumber=D15-49,PUBLISHED_READY,2026-09-18
PN-001631,D2900-6-45-12,d2900-6-45-12,Sandvik / EIMCO,Underground LHD,ED10,Hose/Fitting,软管安装,,软管安装,EXPLICIT,VERIFIED,HIGH,"ED10 parts manual page 53, item 11",伊泰LS190-ED10配件手册.pdf,D2900-6-45-12 — 软管安装,D2900-6-45-12 软管安装 | ED10 Spare Part,Verified part number D2900-6-45-12: 软管安装 for ED10. Check equipment compatibility and submit an RFQ to qualified mining spare parts suppliers on KuangpeiYun,/part-number/d2900-6-45-12,Request Quote,/rfq/new?partNumber=D2900-6-45-12,PUBLISHED_READY,2026-09-18
PN-001632,D2900-6-55-12,d2900-6-55-12,Sandvik / EIMCO,Underground LHD,ED10,Hose/Fitting,软管安装,,软管安装,EXPLICIT,VERIFIED,HIGH,"ED10 parts manual page 53, item 12; ED10 parts manual page 53, item 13",伊泰LS190-ED10配件手册.pdf,D2900-6-55-12 — 软管安装,D2900-6-55-12 软管安装 | ED10 Spare Part,Verified part number D2900-6-55-12: 软管安装 for ED10. Check equipment compatibility and submit an RFQ to qualified mining spare parts suppliers on KuangpeiYun,/part-number/d2900-6-55-12,Request Quote,/rfq/new?partNumber=D2900-6-55-12,PUBLISHED_READY,2026-09-18
PN-001687,D50-99,d50-99,Sandvik / EIMCO,Underground LHD,ED10,Hose/Fitting,弯头,,弯头 | 45度弯头,EXPLICIT,VERIFIED,HIGH,"ED10 parts manual page 53, item 14; ED10 parts manual page 251, item 34",伊泰LS190-ED10配件手册.pdf,D50-99 — 弯头,D50-99 弯头 | ED10 Spare Part,Verified part number D50-99: 弯头 for ED10. Check equipment compatibility and submit an RFQ to qualified mining spare parts suppliers on KuangpeiYun.,/part-number/d50-99,Request Quote,/rfq/new?partNumber=D50-99,PUBLISHED_READY,2026-09-18
PN-001725,D53-912,d53-912,Sandvik / EIMCO,Underground LHD,ED10,Hose/Fitting,弯头,,弯头,EXPLICIT,VERIFIED,HIGH,"ED10 parts manual page 53, item 15",伊泰LS190-ED10配件手册.pdf,D53-912 — 弯头,D53-912 弯头 | ED10 Spare Part,Verified part number D53-912: 弯头 for ED10. Check equipment compatibility and submit an RFQ to qualified mining spare parts suppliers on KuangpeiYun.,/part-number/d53-912,Request Quote,/rfq/new?partNumber=D53-912,PUBLISHED_READY,2026-09-18
PN-001548,D17-69,d17-69,Sandvik / EIMCO,Underground LHD,ED10,Hose/Fitting,弯头,,弯头 | 90度弯头,EXPLICIT,VERIFIED,HIGH,"ED10 parts manual page 53, item 16; ED10 parts manual page 77, item 9",伊泰LS190-ED10配件手册.pdf,D17-69 — 弯头,D17-69 弯头 | ED10 Spare Part,Verified part number D17-69: 弯头 for ED10. Check equipment compatibility and submit an RFQ to qualified mining spare parts suppliers on KuangpeiYun.,/part-number/d17-69,Request Quote,/rfq/new?partNumber=D17-69,PUBLISHED_READY,2026-09-18
PN-001709,D52-99,d52-99,Sandvik / EIMCO,Underground LHD,ED10,Hose/Fitting,接头,,接头,EXPLICIT,VERIFIED,HIGH,"ED10 parts manual page 53, item 17; ED10 parts manual page 251, item 35",伊泰LS190-ED10配件手册.pdf,D52-99 — 接头,D52-99 接头 | ED10 Spare Part,Verified part number D52-99: 接头 for ED10. Check equipment compatibility and submit an RFQ to qualified mining spare parts suppliers on KuangpeiYun.,/part-number/d52-99,Request Quote,/rfq/new?partNumber=D52-99,PUBLISHED_READY,2026-09-18
PN-000888,A2U921-291113,a2u921-291113,Sandvik / EIMCO,Underground LHD,ED10,Other,铜制顶部结构,,铜制顶部结构,EXPLICIT,VERIFIED,HIGH,"ED10 parts manual page 55, item 1",伊泰LS190-ED10配件手册.pdf,A2U921-291113 — 铜制顶部结构,A2U921-291113 铜制顶部结构 | ED10 Spare Part,Verified part number A2U921-291113: 铜制顶部结构 for ED10. Check equipment compatibility and submit an RFQ to qualified mining spare parts suppliers on KuangpeiY,/part-number/a2u921-291113,Request Quote,/rfq/new?partNumber=A2U921-291113,PUBLISHED_READY,2026-09-18
PN-001819,F3GFS1221,f3gfs1221,Sandvik / EIMCO,Underground LHD,ED10,Engine,FILTER FUEL,FILTER FUEL,燃料过滤器,EXPLICIT,VERIFIED,HIGH,"ED10 parts manual page 55, item 2; SANDVIK LS190-B2285 SPARE PARTS LIST_Mining India_24.03.2026.xlsx, Sheet1, row 96",SANDVIK LS190-B2285 SPARE PARTS LIST_Mining India_24.03.2026.xlsx | 伊泰LS190-ED10配件手册.pdf,F3GFS1221 — FILTER FUEL,F3GFS1221 FILTER FUEL | ED10 Spare Part,Verified part number F3GFS1221: FILTER FUEL for ED10. Check equipment compatibility and submit an RFQ to qualified mining spare parts suppliers on Kuangpei,/part-number/f3gfs1221,Request Quote,/rfq/new?partNumber=F3GFS1221,PUBLISHED_READY,2026-09-18
PN-000528,A2U220-242017,a2u220-242017,Sandvik / EIMCO,Underground LHD,ED10,Filter,空气过滤器,,空气过滤器,EXPLICIT,VERIFIED,HIGH,"ED10 parts manual page 57, item 1",伊泰LS190-ED10配件手册.pdf,A2U220-242017 — 空气过滤器,A2U220-242017 空气过滤器 | ED10 Spare Part,Verified part number A2U220-242017: 空气过滤器 for ED10. Check equipment compatibility and submit an RFQ to qualified mining spare parts suppliers on KuangpeiYu,/part-number/a2u220-242017,Request Quote,/rfq/new?partNumber=A2U220-242017,PUBLISHED_READY,2026-09-18
PN-001654,D2NX00-4995,d2nx00-4995,Sandvik / EIMCO,Underground LHD,ED10,Other,空气进口风动锤,,空气进口风动锤,EXPLICIT,VERIFIED,HIGH,"ED10 parts manual page 57, item 3",伊泰LS190-ED10配件手册.pdf,D2NX00-4995 — 空气进口风动锤,D2NX00-4995 空气进口风动锤 | ED10 Spare Part,Verified part number D2NX00-4995: 空气进口风动锤 for ED10. Check equipment compatibility and submit an RFQ to qualified mining spare parts suppliers on KuangpeiYu,/part-number/d2nx00-4995,Request Quote,/rfq/new?partNumber=D2NX00-4995,PUBLISHED_READY,2026-09-18
PN-000529,A2U220-244080,a2u220-244080,Sandvik / EIMCO,Underground LHD,ED10,Other,空气进口管,,空气进口管,EXPLICIT,VERIFIED,HIGH,"ED10 parts manual page 57, item 4",伊泰LS190-ED10配件手册.pdf,A2U220-244080 — 空气进口管,A2U220-244080 空气进口管 | ED10 Spare Part,Verified part number A2U220-244080: 空气进口管 for ED10. Check equipment compatibility and submit an RFQ to qualified mining spare parts suppliers on KuangpeiYu,/part-number/a2u220-244080,Request Quote,/rfq/new?partNumber=A2U220-244080,PUBLISHED_READY,2026-09-18
PN-001651,D2NP14-8347,d2np14-8347,Sandvik / EIMCO,Underground LHD,"ED10, LS190",Other,CLAMP RB 64117545 RB,"CLAMP RB 64117545 RB | Bolt Clamp | T-BOLT CLAMP 6"" ID -",螺栓夹,EXPLICIT,VERIFIED,HIGH,"ED10 parts manual page 57, item 5; SANDVIK LS 190-312 PARTS20260228.xlsx, Sheet1, row 152; SANDVIK LS190-B2285 SPARE PARTS LIST_Mining India_24.03.2026.xlsx, Sheet1, row 60; Purchase Order-Shanxi.xlsx, Sheet1, row 19",Purchase Order-Shanxi.xlsx | SANDVIK LS 190-312 PARTS20260228.xlsx | SANDVIK LS190-B2285 SPARE PARTS LIST_Mining India_24.03.2026.xlsx | 伊泰LS190-ED10配件手册.pdf,D2NP14-8347 — CLAMP RB 64117545 RB,"D2NP14-8347 CLAMP RB 64117545 RB | ED10, LS190 Spare Part","Verified part number D2NP14-8347: CLAMP RB 64117545 RB for ED10, LS190. Check equipment compatibility and submit an RFQ to qualified mining spare parts sup",/part-number/d2np14-8347,Request Quote,/rfq/new?partNumber=D2NP14-8347,PUBLISHED_READY,2026-09-18
PN-000531,A2U220-244082,a2u220-244082,Sandvik / EIMCO,Underground LHD,ED10,Structure,托架,,托架,EXPLICIT,VERIFIED,HIGH,"ED10 parts manual page 57, item 6",伊泰LS190-ED10配件手册.pdf,A2U220-244082 — 托架,A2U220-244082 托架 | ED10 Spare Part,Verified part number A2U220-244082: 托架 for ED10. Check equipment compatibility and submit an RFQ to qualified mining spare parts suppliers on KuangpeiYun.,/part-number/a2u220-244082,Request Quote,/rfq/new?partNumber=A2U220-244082,PUBLISHED_READY,2026-09-18
PN-000158,445502751,445502751,Sandvik / EIMCO,Underground LHD,ED10,Fastener,螺栓,,螺栓,EXPLICIT,VERIFIED,HIGH,"ED10 parts manual page 57, item 7",伊泰LS190-ED10配件手册.pdf,445502751 — 螺栓,445502751 螺栓 | ED10 Spare Part,Verified part number 445502751: 螺栓 for ED10. Check equipment compatibility and submit an RFQ to qualified mining spare parts suppliers on KuangpeiYun.,/part-number/445502751,Request Quote,/rfq/new?partNumber=445502751,PUBLISHED_READY,2026-09-18
PN-001674,D41-0207,d41-0207,Sandvik / EIMCO,Underground LHD,ED10,Hose/Fitting,弯头,,弯头,EXPLICIT,VERIFIED,HIGH,"ED10 parts manual page 57, item 8",伊泰LS190-ED10配件手册.pdf,D41-0207 — 弯头,D41-0207 弯头 | ED10 Spare Part,Verified part number D41-0207: 弯头 for ED10. Check equipment compatibility and submit an RFQ to qualified mining spare parts suppliers on KuangpeiYun.,/part-number/d41-0207,Request Quote,/rfq/new?partNumber=D41-0207,PUBLISHED_READY,2026-09-18
PN-001647,D2NP11-2611,d2np11-2611,Sandvik / EIMCO,Underground LHD,ED10,Hose/Fitting,异径接头,,异径接头,EXPLICIT,VERIFIED,HIGH,"ED10 parts manual page 57, item 9",伊泰LS190-ED10配件手册.pdf,D2NP11-2611 — 异径接头,D2NP11-2611 异径接头 | ED10 Spare Part,Verified part number D2NP11-2611: 异径接头 for ED10. Check equipment compatibility and submit an RFQ to qualified mining spare parts suppliers on KuangpeiYun.,/part-number/d2np11-2611,Request Quote,/rfq/new?partNumber=D2NP11-2611,PUBLISHED_READY,2026-09-18
PN-001743,D600-04-30-07,d600-04-30-07,Sandvik / EIMCO,Underground LHD,ED10,Hose/Fitting,软管安装,,软管安装,EXPLICIT,VERIFIED,HIGH,"ED10 parts manual page 57, item 10",伊泰LS190-ED10配件手册.pdf,D600-04-30-07 — 软管安装,D600-04-30-07 软管安装 | ED10 Spare Part,Verified part number D600-04-30-07: 软管安装 for ED10. Check equipment compatibility and submit an RFQ to qualified mining spare parts suppliers on KuangpeiYun,/part-number/d600-04-30-07,Request Quote,/rfq/new?partNumber=D600-04-30-07,PUBLISHED_READY,2026-09-18
PN-001519,D15-0812,d15-0812,Sandvik / EIMCO,Underground LHD,ED10,Hose/Fitting,接头,,接头,EXPLICIT,VERIFIED,HIGH,"ED10 parts manual page 57, item 11",伊泰LS190-ED10配件手册.pdf,D15-0812 — 接头,D15-0812 接头 | ED10 Spare Part,Verified part number D15-0812: 接头 for ED10. Check equipment compatibility and submit an RFQ to qualified mining spare parts suppliers on KuangpeiYun.,/part-number/d15-0812,Request Quote,/rfq/new?partNumber=D15-0812,PUBLISHED_READY,2026-09-18
PN-001775,DA4-0202,da4-0202,Sandvik / EIMCO,Underground LHD,ED10,Hose/Fitting,接头,,接头,EXPLICIT,VERIFIED,HIGH,"ED10 parts manual page 57, item 12",伊泰LS190-ED10配件手册.pdf,DA4-0202 — 接头,DA4-0202 接头 | ED10 Spare Part,Verified part number DA4-0202: 接头 for ED10. Check equipment compatibility and submit an RFQ to qualified mining spare parts suppliers on KuangpeiYun.,/part-number/da4-0202,Request Quote,/rfq/new?partNumber=DA4-0202,PUBLISHED_READY,2026-09-18
PN-001507,D0RBX00-2252,d0rbx00-2252,Sandvik / EIMCO,Underground LHD,ED10,Other,节流指示器,,节流指示器,EXPLICIT,VERIFIED,HIGH,"ED10 parts manual page 57, item 14",伊泰LS190-ED10配件手册.pdf,D0RBX00-2252 — 节流指示器,D0RBX00-2252 节流指示器 | ED10 Spare Part,Verified part number D0RBX00-2252: 节流指示器 for ED10. Check equipment compatibility and submit an RFQ to qualified mining spare parts suppliers on KuangpeiYun,/part-number/d0rbx00-2252,Request Quote,/rfq/new?partNumber=D0RBX00-2252,PUBLISHED_READY,2026-09-18
PN-001756,D67-02,d67-02,Sandvik / EIMCO,Underground LHD,ED10,Other,插座,,插座,EXPLICIT,VERIFIED,HIGH,"ED10 parts manual page 57, item 15",伊泰LS190-ED10配件手册.pdf,D67-02 — 插座,D67-02 插座 | ED10 Spare Part,Verified part number D67-02: 插座 for ED10. Check equipment compatibility and submit an RFQ to qualified mining spare parts suppliers on KuangpeiYun.,/part-number/d67-02,Request Quote,/rfq/new?partNumber=D67-02,PUBLISHED_READY,2026-09-18
PN-001650,D2NP14-8345,d2np14-8345,Sandvik / EIMCO,Underground LHD,"ED10, LS190",Fastener,BOLT CLAMP RB 64117520 RB,"BOLT CLAMP RB 64117520 RB | Bolt Clamp, 5"" | T-BOLT CLAMP 5"" ID -",螺栓夹,EXPLICIT,VERIFIED,HIGH,"ED10 parts manual page 57, item 17; SANDVIK LS 190-312 PARTS20260228.xlsx, Sheet1, row 151; SANDVIK LS190-B2285 SPARE PARTS LIST_Mining India_24.03.2026.xlsx, Sheet1, row 59; Purchase Order-Shanxi.xlsx, Sheet1, row 18",Purchase Order-Shanxi.xlsx | SANDVIK LS 190-312 PARTS20260228.xlsx | SANDVIK LS190-B2285 SPARE PARTS LIST_Mining India_24.03.2026.xlsx | 伊泰LS190-ED10配件手册.pdf,D2NP14-8345 — BOLT CLAMP RB 64117520 RB,"D2NP14-8345 BOLT CLAMP RB 64117520 RB | ED10, LS190 Spare Pa","Verified part number D2NP14-8345: BOLT CLAMP RB 64117520 RB for ED10, LS190. Check equipment compatibility and submit an RFQ to qualified mining spare part",/part-number/d2np14-8345,Request Quote,/rfq/new?partNumber=D2NP14-8345,PUBLISHED_READY,2026-09-18
PN-000583,A2U220-291226,a2u220-291226,Sandvik / EIMCO,Underground LHD,ED10,Structure,安装空气滤清器,,安装空气滤清器,EXPLICIT,VERIFIED,HIGH,"ED10 parts manual page 57, item 18",伊泰LS190-ED10配件手册.pdf,A2U220-291226 — 安装空气滤清器,A2U220-291226 安装空气滤清器 | ED10 Spare Part,Verified part number A2U220-291226: 安装空气滤清器 for ED10. Check equipment compatibility and submit an RFQ to qualified mining spare parts suppliers on Kuangpei,/part-number/a2u220-291226,Request Quote,/rfq/new?partNumber=A2U220-291226,PUBLISHED_READY,2026-09-18
PN-001641,D2NH00-0350,d2nh00-0350,Sandvik / EIMCO,Underground LHD,ED10,Steering/Brake,安装制动带,,安装制动带,EXPLICIT,VERIFIED,HIGH,"ED10 parts manual page 57, item 19",伊泰LS190-ED10配件手册.pdf,D2NH00-0350 — 安装制动带,D2NH00-0350 安装制动带 | ED10 Spare Part,Verified part number D2NH00-0350: 安装制动带 for ED10. Check equipment compatibility and submit an RFQ to qualified mining spare parts suppliers on KuangpeiYun.,/part-number/d2nh00-0350,Request Quote,/rfq/new?partNumber=D2NH00-0350,PUBLISHED_READY,2026-09-18
PN-000525,A2U220-240072,a2u220-240072,Sandvik / EIMCO,Underground LHD,ED10,Other,空气进口－关闭组,,空气进口－关闭组,EXPLICIT,VERIFIED,HIGH,"ED10 parts manual page 59, item 1",伊泰LS190-ED10配件手册.pdf,A2U220-240072 — 空气进口－关闭组,A2U220-240072 空气进口－关闭组 | ED10 Spare Part,Verified part number A2U220-240072: 空气进口－关闭组 for ED10. Check equipment compatibility and submit an RFQ to qualified mining spare parts suppliers on Kuangpe,/part-number/a2u220-240072,Request Quote,/rfq/new?partNumber=A2U220-240072,PUBLISHED_READY,2026-09-18
PN-000438,A2U130-690024,a2u130-690024,Sandvik / EIMCO,Underground LHD,ED10,Other,气动组,,气动组,EXPLICIT,VERIFIED,HIGH,"ED10 parts manual page 59, item 2",伊泰LS190-ED10配件手册.pdf,A2U130-690024 — 气动组,A2U130-690024 气动组 | ED10 Spare Part,Verified part number A2U130-690024: 气动组 for ED10. Check equipment compatibility and submit an RFQ to qualified mining spare parts suppliers on KuangpeiYun.,/part-number/a2u130-690024,Request Quote,/rfq/new?partNumber=A2U130-690024,PUBLISHED_READY,2026-09-18
PN-000524,A2U220-240058,a2u220-240058,Sandvik / EIMCO,Underground LHD,ED10,Other,气动组,,气动组,EXPLICIT,VERIFIED,HIGH,"ED10 parts manual page 59, item 3",伊泰LS190-ED10配件手册.pdf,A2U220-240058 — 气动组,A2U220-240058 气动组 | ED10 Spare Part,Verified part number A2U220-240058: 气动组 for ED10. Check equipment compatibility and submit an RFQ to qualified mining spare parts suppliers on KuangpeiYun.,/part-number/a2u220-240058,Request Quote,/rfq/new?partNumber=A2U220-240058,PUBLISHED_READY,2026-09-18
PN-000703,A2U900-240084,a2u900-240084,Sandvik / EIMCO,Underground LHD,ED10,Other,阻火器总成,,阻火器总成,EXPLICIT,VERIFIED,HIGH,"ED10 parts manual page 59, item 4",伊泰LS190-ED10配件手册.pdf,A2U900-240084 — 阻火器总成,A2U900-240084 阻火器总成 | ED10 Spare Part,Verified part number A2U900-240084: 阻火器总成 for ED10. Check equipment compatibility and submit an RFQ to qualified mining spare parts suppliers on KuangpeiYu,/part-number/a2u900-240084,Request Quote,/rfq/new?partNumber=A2U900-240084,PUBLISHED_READY,2026-09-18
PN-000720,A2U900-244100,a2u900-244100,Sandvik / EIMCO,Underground LHD,ED10,Hose/Fitting,软管及连接组,,软管及连接组,EXPLICIT,VERIFIED,HIGH,"ED10 parts manual page 61, item 1",伊泰LS190-ED10配件手册.pdf,A2U900-244100 — 软管及连接组,A2U900-244100 软管及连接组 | ED10 Spare Part,Verified part number A2U900-244100: 软管及连接组 for ED10. Check equipment compatibility and submit an RFQ to qualified mining spare parts suppliers on KuangpeiY,/part-number/a2u900-244100,Request Quote,/rfq/new?partNumber=A2U900-244100,PUBLISHED_READY,2026-09-18
PN-000759,A2U900-470070,a2u900-470070,Sandvik / EIMCO,Underground LHD,ED10,Other,空气关闭控制组,,空气关闭控制组,EXPLICIT,VERIFIED,HIGH,"ED10 parts manual page 61, item 2",伊泰LS190-ED10配件手册.pdf,A2U900-470070 — 空气关闭控制组,A2U900-470070 空气关闭控制组 | ED10 Spare Part,Verified part number A2U900-470070: 空气关闭控制组 for ED10. Check equipment compatibility and submit an RFQ to qualified mining spare parts suppliers on Kuangpei,/part-number/a2u900-470070,Request Quote,/rfq/new?partNumber=A2U900-470070,PUBLISHED_READY,2026-09-18
PN-000007,A2U900-694015,a2u900-694015,Sandvik / EIMCO,Underground LHD,"ED10, LS190",Hydraulic,Check Valve,CHECK VALVE | NON RETURN VALVE | NON RETURN VALVE -,无回油阀 | 止回阀,EXPLICIT,VERIFIED,HIGH,"ED10 parts manual page 61, item 3; 山特维克ls190-20260806.xlsx, Sheet1, row 13; SANDVIK LS 190-312 PARTS20260228.xlsx, Sheet1, row 20; SANDVIK LS190-B2285 SPARE PARTS LIST_Mining India_24.03.2026.xlsx, Sheet1, row 464; SANDVIK LS190-B2285 SPARE PARTS LIST_Mining India_24.03.2026.xlsx, Sheet1, row 471; Purchase Order-Shanxi.xlsx, Sheet1, row 55",Purchase Order-Shanxi.xlsx | SANDVIK LS 190-312 PARTS20260228.xlsx | SANDVIK LS190-B2285 SPARE PARTS LIST_Mining India_24.03.2026.xlsx | 伊泰LS190-ED10配件手册.pdf | 山特维克ls190-20260806.xlsx,A2U900-694015 — Check Valve,"A2U900-694015 Check Valve | ED10, LS190 Spare Part","Verified part number A2U900-694015: Check Valve for ED10, LS190. Check equipment compatibility and submit an RFQ to qualified mining spare parts suppliers ",/part-number/a2u900-694015,Request Quote,/rfq/new?partNumber=A2U900-694015,PUBLISHED_READY,2026-09-18
PN-001555,D20-070707,d20-070707,Sandvik / EIMCO,Underground LHD,ED10,Other,三通,,三通,EXPLICIT,VERIFIED,HIGH,"ED10 parts manual page 63, item 1",伊泰LS190-ED10配件手册.pdf,D20-070707 — 三通,D20-070707 三通 | ED10 Spare Part,Verified part number D20-070707: 三通 for ED10. Check equipment compatibility and submit an RFQ to qualified mining spare parts suppliers on KuangpeiYun.,/part-number/d20-070707,Request Quote,/rfq/new?partNumber=D20-070707,PUBLISHED_READY,2026-09-18
PN-001655,D36-0207,d36-0207,Sandvik / EIMCO,Underground LHD,ED10,Hose/Fitting,异径接头,,异径接头,EXPLICIT,VERIFIED,HIGH,"ED10 parts manual page 63, item 2",伊泰LS190-ED10配件手册.pdf,D36-0207 — 异径接头,D36-0207 异径接头 | ED10 Spare Part,Verified part number D36-0207: 异径接头 for ED10. Check equipment compatibility and submit an RFQ to qualified mining spare parts suppliers on KuangpeiYun.,/part-number/d36-0207,Request Quote,/rfq/new?partNumber=D36-0207,PUBLISHED_READY,2026-09-18
PN-001744,D600-04-500-07,d600-04-500-07,Sandvik / EIMCO,Underground LHD,ED10,Hose/Fitting,软管安装,,软管安装,EXPLICIT,VERIFIED,HIGH,"ED10 parts manual page 63, item 3",伊泰LS190-ED10配件手册.pdf,D600-04-500-07 — 软管安装,D600-04-500-07 软管安装 | ED10 Spare Part,Verified part number D600-04-500-07: 软管安装 for ED10. Check equipment compatibility and submit an RFQ to qualified mining spare parts suppliers on KuangpeiYu,/part-number/d600-04-500-07,Request Quote,/rfq/new?partNumber=D600-04-500-07,PUBLISHED_READY,2026-09-18
PN-001747,D605-0704,d605-0704,Sandvik / EIMCO,Underground LHD,ED10,Hose/Fitting,软管尾端，低压,,软管尾端，低压,EXPLICIT,VERIFIED,HIGH,"ED10 parts manual page 63, item 4",伊泰LS190-ED10配件手册.pdf,D605-0704 — 软管尾端，低压,D605-0704 软管尾端，低压 | ED10 Spare Part,Verified part number D605-0704: 软管尾端，低压 for ED10. Check equipment compatibility and submit an RFQ to qualified mining spare parts suppliers on KuangpeiYun.,/part-number/d605-0704,Request Quote,/rfq/new?partNumber=D605-0704,PUBLISHED_READY,2026-09-18
PN-001788,DA82-070707,da82-070707,Sandvik / EIMCO,Underground LHD,ED10,Other,三通,,三通,EXPLICIT,VERIFIED,HIGH,"ED10 parts manual page 63, item 5; ED10 parts manual page 230, item 23; ED10 parts manual page 285, item 13",伊泰LS190-ED10配件手册.pdf,DA82-070707 — 三通,DA82-070707 三通 | ED10 Spare Part,Verified part number DA82-070707: 三通 for ED10. Check equipment compatibility and submit an RFQ to qualified mining spare parts suppliers on KuangpeiYun.,/part-number/da82-070707,Request Quote,/rfq/new?partNumber=DA82-070707,PUBLISHED_READY,2026-09-18
PN-001794,DB17-0207,db17-0207,Sandvik / EIMCO,Underground LHD,ED10,Hose/Fitting,90度弯头,,90度弯头,EXPLICIT,VERIFIED,HIGH,"ED10 parts manual page 63, item 6",伊泰LS190-ED10配件手册.pdf,DB17-0207 — 90度弯头,DB17-0207 90度弯头 | ED10 Spare Part,Verified part number DB17-0207: 90度弯头 for ED10. Check equipment compatibility and submit an RFQ to qualified mining spare parts suppliers on KuangpeiYun.,/part-number/db17-0207,Request Quote,/rfq/new?partNumber=DB17-0207,PUBLISHED_READY,2026-09-18
PN-000686,A2U900-1711093,a2u900-1711093,Sandvik / EIMCO,Underground LHD,ED10,Other,标牌－紧急停止,,标牌－紧急停止,EXPLICIT,VERIFIED,HIGH,"ED10 parts manual page 65, item 1",伊泰LS190-ED10配件手册.pdf,A2U900-1711093 — 标牌－紧急停止,A2U900-1711093 标牌－紧急停止 | ED10 Spare Part,Verified part number A2U900-1711093: 标牌－紧急停止 for ED10. Check equipment compatibility and submit an RFQ to qualified mining spare parts suppliers on Kuangpe,/part-number/a2u900-1711093,Request Quote,/rfq/new?partNumber=A2U900-1711093,PUBLISHED_READY,2026-09-18
PN-000698,A2U900-197941,a2u900-197941,Sandvik / EIMCO,Underground LHD,ED10,Other,阻风门控制箱,,阻风门控制箱,EXPLICIT,VERIFIED,HIGH,"ED10 parts manual page 65, item 2",伊泰LS190-ED10配件手册.pdf,A2U900-197941 — 阻风门控制箱,A2U900-197941 阻风门控制箱 | ED10 Spare Part,Verified part number A2U900-197941: 阻风门控制箱 for ED10. Check equipment compatibility and submit an RFQ to qualified mining spare parts suppliers on KuangpeiY,/part-number/a2u900-197941,Request Quote,/rfq/new?partNumber=A2U900-197941,PUBLISHED_READY,2026-09-18
PN-000794,A2U900-594079,a2u900-594079,Sandvik / EIMCO,Underground LHD,ED10,Hydraulic,按钮阀,,按钮阀,EXPLICIT,VERIFIED,HIGH,"ED10 parts manual page 65, item 3",伊泰LS190-ED10配件手册.pdf,A2U900-594079 — 按钮阀,A2U900-594079 按钮阀 | ED10 Spare Part,Verified part number A2U900-594079: 按钮阀 for ED10. Check equipment compatibility and submit an RFQ to qualified mining spare parts suppliers on KuangpeiYun.,/part-number/a2u900-594079,Request Quote,/rfq/new?partNumber=A2U900-594079,PUBLISHED_READY,2026-09-18
PN-000058,A2U936-690011,a2u936-690011,Sandvik / EIMCO,Underground LHD,ED10,Other,Indicator Lens,"INDICATOR | LENS, INDICATOR | LENS INDICATOR",透镜指示器 | 镜头指示器,EXPLICIT,VERIFIED,HIGH,"ED10 parts manual page 65, item 4; 山特维克ls190-20260806.xlsx, Sheet1, row 10; LS_190_-REQUIREMENT20260107.xlsx, Sheet1, row 6; LS_190_-REQUIREMENT20260107.xlsx, Sheet1, row 7; SANDVIK LS 190-312 PARTS20260228.xlsx, Sheet1, row 119; SANDVIK LS190-B2285 SPARE PARTS LIST_Mining India_24.03.2026.xlsx, Sheet1, row 193; SANDVIK LS190-B2285 SPARE PARTS LIST_Mining India_24.03.2026.xlsx, Sheet1, row 208",LS_190_-REQUIREMENT20260107.xlsx | SANDVIK LS 190-312 PARTS20260228.xlsx | SANDVIK LS190-B2285 SPARE PARTS LIST_Mining India_24.03.2026.xlsx | 伊泰LS190-ED10配件手册.pdf | 山特维克ls190-20260806.xlsx,A2U936-690011 — Indicator Lens,A2U936-690011 Indicator Lens | ED10 Spare Part,Verified part number A2U936-690011: Indicator Lens for ED10. Check equipment compatibility and submit an RFQ to qualified mining spare parts suppliers on K,/part-number/a2u936-690011,Request Quote,/rfq/new?partNumber=A2U936-690011,PUBLISHED_READY,2026-09-18
PN-000532,A2U220-244096,a2u220-244096,Sandvik / EIMCO,Underground LHD,ED10,Other,进口适配器,,进口适配器,EXPLICIT,VERIFIED,HIGH,"ED10 parts manual page 67, item 1",伊泰LS190-ED10配件手册.pdf,A2U220-244096 — 进口适配器,A2U220-244096 进口适配器 | ED10 Spare Part,Verified part number A2U220-244096: 进口适配器 for ED10. Check equipment compatibility and submit an RFQ to qualified mining spare parts suppliers on KuangpeiYu,/part-number/a2u220-244096,Request Quote,/rfq/new?partNumber=A2U220-244096,PUBLISHED_READY,2026-09-18
PN-000705,A2U900-241052,a2u900-241052,Sandvik / EIMCO,Underground LHD,ED10,Other,出口套管,,出口套管,EXPLICIT,VERIFIED,HIGH,"ED10 parts manual page 67, item 2",伊泰LS190-ED10配件手册.pdf,A2U900-241052 — 出口套管,A2U900-241052 出口套管 | ED10 Spare Part,Verified part number A2U900-241052: 出口套管 for ED10. Check equipment compatibility and submit an RFQ to qualified mining spare parts suppliers on KuangpeiYun,/part-number/a2u900-241052,Request Quote,/rfq/new?partNumber=A2U900-241052,PUBLISHED_READY,2026-09-18
PN-000708,A2U900-241055,a2u900-241055,Sandvik / EIMCO,Underground LHD,ED10,Other,进口套管,,进口套管,EXPLICIT,VERIFIED,HIGH,"ED10 parts manual page 67, item 3",伊泰LS190-ED10配件手册.pdf,A2U900-241055 — 进口套管,A2U900-241055 进口套管 | ED10 Spare Part,Verified part number A2U900-241055: 进口套管 for ED10. Check equipment compatibility and submit an RFQ to qualified mining spare parts suppliers on KuangpeiYun,/part-number/a2u900-241055,Request Quote,/rfq/new?partNumber=A2U900-241055,PUBLISHED_READY,2026-09-18
PN-000709,A2U900-241058,a2u900-241058,Sandvik / EIMCO,Underground LHD,ED10,Hydraulic,Shut-Down Valve,Shut-Down Valve,关闭阀,EXPLICIT,VERIFIED,HIGH,"ED10 parts manual page 67, item 4; SANDVIK LS190-B2285 SPARE PARTS LIST_Mining India_24.03.2026.xlsx, Sheet1, row 98",SANDVIK LS190-B2285 SPARE PARTS LIST_Mining India_24.03.2026.xlsx | 伊泰LS190-ED10配件手册.pdf,A2U900-241058 — Shut-Down Valve,A2U900-241058 Shut-Down Valve | ED10 Spare Part,Verified part number A2U900-241058: Shut-Down Valve for ED10. Check equipment compatibility and submit an RFQ to qualified mining spare parts suppliers on ,/part-number/a2u900-241058,Request Quote,/rfq/new?partNumber=A2U900-241058,PUBLISHED_READY,2026-09-18
PN-000718,A2U900-244094,a2u900-244094,Sandvik / EIMCO,Underground LHD,ED10,Other,出口适配器,,出口适配器,EXPLICIT,VERIFIED,HIGH,"ED10 parts manual page 67, item 5",伊泰LS190-ED10配件手册.pdf,A2U900-244094 — 出口适配器,A2U900-244094 出口适配器 | ED10 Spare Part,Verified part number A2U900-244094: 出口适配器 for ED10. Check equipment compatibility and submit an RFQ to qualified mining spare parts suppliers on KuangpeiYu,/part-number/a2u900-244094,Request Quote,/rfq/new?partNumber=A2U900-244094,PUBLISHED_READY,2026-09-18
PN-000719,A2U900-244098,a2u900-244098,Sandvik / EIMCO,Underground LHD,ED10,Other,Connector Sleeve,Connector Sleeve,连接套管,EXPLICIT,VERIFIED,HIGH,"ED10 parts manual page 67, item 6; SANDVIK LS190-B2285 SPARE PARTS LIST_Mining India_24.03.2026.xlsx, Sheet1, row 57; SANDVIK LS190-B2285 SPARE PARTS LIST_Mining India_24.03.2026.xlsx, Sheet1, row 99",SANDVIK LS190-B2285 SPARE PARTS LIST_Mining India_24.03.2026.xlsx | 伊泰LS190-ED10配件手册.pdf,A2U900-244098 — Connector Sleeve,A2U900-244098 Connector Sleeve | ED10 Spare Part,Verified part number A2U900-244098: Connector Sleeve for ED10. Check equipment compatibility and submit an RFQ to qualified mining spare parts suppliers on,/part-number/a2u900-244098,Request Quote,/rfq/new?partNumber=A2U900-244098,PUBLISHED_READY,2026-09-18
PN-000736,A2U900-291270,a2u900-291270,Sandvik / EIMCO,Underground LHD,ED10,Hydraulic,安装托架－关闭阀,,安装托架－关闭阀,EXPLICIT,VERIFIED,HIGH,"ED10 parts manual page 67, item 7",伊泰LS190-ED10配件手册.pdf,A2U900-291270 — 安装托架－关闭阀,A2U900-291270 安装托架－关闭阀 | ED10 Spare Part,Verified part number A2U900-291270: 安装托架－关闭阀 for ED10. Check equipment compatibility and submit an RFQ to qualified mining spare parts suppliers on Kuangpe,/part-number/a2u900-291270,Request Quote,/rfq/new?partNumber=A2U900-291270,PUBLISHED_READY,2026-09-18
PN-000717,A2U900-243017,a2u900-243017,Sandvik / EIMCO,Underground LHD,ED10,Seal/Gasket,Gasket,Gasket,垫圈,EXPLICIT,VERIFIED,HIGH,"ED10 parts manual page 67, item 12; SANDVIK LS190-B2285 SPARE PARTS LIST_Mining India_24.03.2026.xlsx, Sheet1, row 100",SANDVIK LS190-B2285 SPARE PARTS LIST_Mining India_24.03.2026.xlsx | 伊泰LS190-ED10配件手册.pdf,A2U900-243017 — Gasket,A2U900-243017 Gasket | ED10 Spare Part,Verified part number A2U900-243017: Gasket for ED10. Check equipment compatibility and submit an RFQ to qualified mining spare parts suppliers on KuangpeiY,/part-number/a2u900-243017,Request Quote,/rfq/new?partNumber=A2U900-243017,PUBLISHED_READY,2026-09-18
PN-000694,A2U900-196182,a2u900-196182,Sandvik / EIMCO,Underground LHD,ED10,Fastener,六角头螺钉,,六角头螺钉,EXPLICIT,VERIFIED,HIGH,"ED10 parts manual page 67, item 17",伊泰LS190-ED10配件手册.pdf,A2U900-196182 — 六角头螺钉,A2U900-196182 六角头螺钉 | ED10 Spare Part,Verified part number A2U900-196182: 六角头螺钉 for ED10. Check equipment compatibility and submit an RFQ to qualified mining spare parts suppliers on KuangpeiYu,/part-number/a2u900-196182,Request Quote,/rfq/new?partNumber=A2U900-196182,PUBLISHED_READY,2026-09-18
PN-000530,A2U220-244081,a2u220-244081,Sandvik / EIMCO,Underground LHD,ED10,Hose/Fitting,"HOSE, SILICON","HOSE, SILICON | HOSE SILICON",软管，硅,EXPLICIT,VERIFIED,HIGH,"ED10 parts manual page 69, item 3; LS_190_-REQUIREMENT20260107.xlsx, Sheet1, row 24; SANDVIK LS 190-312 PARTS20260228.xlsx, Sheet1, row 40",LS_190_-REQUIREMENT20260107.xlsx | SANDVIK LS 190-312 PARTS20260228.xlsx | 伊泰LS190-ED10配件手册.pdf,"A2U220-244081 — HOSE, SILICON","A2U220-244081 HOSE, SILICON | ED10 Spare Part","Verified part number A2U220-244081: HOSE, SILICON for ED10. Check equipment compatibility and submit an RFQ to qualified mining spare parts suppliers on Ku",/part-number/a2u220-244081,Request Quote,/rfq/new?partNumber=A2U220-244081,PUBLISHED_READY,2026-09-18
PN-000555,A2U220-259009,a2u220-259009,Sandvik / EIMCO,Underground LHD,ED10,Engine,改进型涡轮增压器总成,,改进型涡轮增压器总成,EXPLICIT,VERIFIED,HIGH,"ED10 parts manual page 69, item 4",伊泰LS190-ED10配件手册.pdf,A2U220-259009 — 改进型涡轮增压器总成,A2U220-259009 改进型涡轮增压器总成 | ED10 Spare Part,Verified part number A2U220-259009: 改进型涡轮增压器总成 for ED10. Check equipment compatibility and submit an RFQ to qualified mining spare parts suppliers on Kuang,/part-number/a2u220-259009,Request Quote,/rfq/new?partNumber=A2U220-259009,PUBLISHED_READY,2026-09-18
PN-000704,A2U900-241033,a2u900-241033,Sandvik / EIMCO,Underground LHD,ED10,Other,元件，阻火器,,元件，阻火器,EXPLICIT,VERIFIED,HIGH,"ED10 parts manual page 69, item 5",伊泰LS190-ED10配件手册.pdf,A2U900-241033 — 元件，阻火器,A2U900-241033 元件，阻火器 | ED10 Spare Part,Verified part number A2U900-241033: 元件，阻火器 for ED10. Check equipment compatibility and submit an RFQ to qualified mining spare parts suppliers on KuangpeiY,/part-number/a2u900-241033,Request Quote,/rfq/new?partNumber=A2U900-241033,PUBLISHED_READY,2026-09-18
PN-000716,A2U900-243007,a2u900-243007,Sandvik / EIMCO,Underground LHD,ED10,Fastener,垫圈，阻火器,,垫圈，阻火器,EXPLICIT,VERIFIED,HIGH,"ED10 parts manual page 69, item 6",伊泰LS190-ED10配件手册.pdf,A2U900-243007 — 垫圈，阻火器,A2U900-243007 垫圈，阻火器 | ED10 Spare Part,Verified part number A2U900-243007: 垫圈，阻火器 for ED10. Check equipment compatibility and submit an RFQ to qualified mining spare parts suppliers on KuangpeiY,/part-number/a2u900-243007,Request Quote,/rfq/new?partNumber=A2U900-243007,PUBLISHED_READY,2026-09-18
PN-001060,C2A7C1152,c2a7c1152,Sandvik / EIMCO,Underground LHD,ED10,Fastener,垫圈，后冷器法兰,,垫圈，后冷器法兰,EXPLICIT,VERIFIED,HIGH,"ED10 parts manual page 69, item 7",伊泰LS190-ED10配件手册.pdf,C2A7C1152 — 垫圈，后冷器法兰,C2A7C1152 垫圈，后冷器法兰 | ED10 Spare Part,Verified part number C2A7C1152: 垫圈，后冷器法兰 for ED10. Check equipment compatibility and submit an RFQ to qualified mining spare parts suppliers on KuangpeiYun,/part-number/c2a7c1152,Request Quote,/rfq/new?partNumber=C2A7C1152,PUBLISHED_READY,2026-09-18
PN-001064,C2A9S4182,c2a9s4182,Sandvik / EIMCO,Underground LHD,ED10,Other,塞子,,塞子,EXPLICIT,VERIFIED,HIGH,"ED10 parts manual page 69, item 8",伊泰LS190-ED10配件手册.pdf,C2A9S4182 — 塞子,C2A9S4182 塞子 | ED10 Spare Part,Verified part number C2A9S4182: 塞子 for ED10. Check equipment compatibility and submit an RFQ to qualified mining spare parts suppliers on KuangpeiYun.,/part-number/c2a9s4182,Request Quote,/rfq/new?partNumber=C2A9S4182,PUBLISHED_READY,2026-09-18
PN-001829,HAS040P,has040p,Sandvik / EIMCO,Underground LHD,ED10,Hose/Fitting,软管夹,,软管夹,EXPLICIT,VERIFIED,HIGH,"ED10 parts manual page 69, item 10",伊泰LS190-ED10配件手册.pdf,HAS040P — 软管夹,HAS040P 软管夹 | ED10 Spare Part,Verified part number HAS040P: 软管夹 for ED10. Check equipment compatibility and submit an RFQ to qualified mining spare parts suppliers on KuangpeiYun.,/part-number/has040p,Request Quote,/rfq/new?partNumber=HAS040P,PUBLISHED_READY,2026-09-18
PN-001057,C2A6V5219,c2a6v5219,Sandvik / EIMCO,Underground LHD,ED10,Fastener,六角头螺栓,,六角头螺栓,EXPLICIT,VERIFIED,HIGH,"ED10 parts manual page 69, item 13",伊泰LS190-ED10配件手册.pdf,C2A6V5219 — 六角头螺栓,C2A6V5219 六角头螺栓 | ED10 Spare Part,Verified part number C2A6V5219: 六角头螺栓 for ED10. Check equipment compatibility and submit an RFQ to qualified mining spare parts suppliers on KuangpeiYun.,/part-number/c2a6v5219,Request Quote,/rfq/new?partNumber=C2A6V5219,PUBLISHED_READY,2026-09-18
PN-001063,C2A9M1974,c2a9m1974,Sandvik / EIMCO,Underground LHD,ED10,Fastener,平垫圈,,平垫圈,EXPLICIT,VERIFIED,HIGH,"ED10 parts manual page 69, item 14",伊泰LS190-ED10配件手册.pdf,C2A9M1974 — 平垫圈,C2A9M1974 平垫圈 | ED10 Spare Part,Verified part number C2A9M1974: 平垫圈 for ED10. Check equipment compatibility and submit an RFQ to qualified mining spare parts suppliers on KuangpeiYun.,/part-number/c2a9m1974,Request Quote,/rfq/new?partNumber=C2A9M1974,PUBLISHED_READY,2026-09-18
PN-000706,A2U900-241053,a2u900-241053,Sandvik / EIMCO,Underground LHD,ED10,Hydraulic,Butterfly Valve,Butterfly Valve,蝶形阀,EXPLICIT,VERIFIED,HIGH,"ED10 parts manual page 71, item 1; SANDVIK LS190-B2285 SPARE PARTS LIST_Mining India_24.03.2026.xlsx, Sheet1, row 457",SANDVIK LS190-B2285 SPARE PARTS LIST_Mining India_24.03.2026.xlsx | 伊泰LS190-ED10配件手册.pdf,A2U900-241053 — Butterfly Valve,A2U900-241053 Butterfly Valve | ED10 Spare Part,Verified part number A2U900-241053: Butterfly Valve for ED10. Check equipment compatibility and submit an RFQ to qualified mining spare parts suppliers on ,/part-number/a2u900-241053,Request Quote,/rfq/new?partNumber=A2U900-241053,PUBLISHED_READY,2026-09-18
PN-000707,A2U900-241054,a2u900-241054,Sandvik / EIMCO,Underground LHD,ED10,Hydraulic,蝶形阀托架,,蝶形阀托架,EXPLICIT,VERIFIED,HIGH,"ED10 parts manual page 71, item 2",伊泰LS190-ED10配件手册.pdf,A2U900-241054 — 蝶形阀托架,A2U900-241054 蝶形阀托架 | ED10 Spare Part,Verified part number A2U900-241054: 蝶形阀托架 for ED10. Check equipment compatibility and submit an RFQ to qualified mining spare parts suppliers on KuangpeiYu,/part-number/a2u900-241054,Request Quote,/rfq/new?partNumber=A2U900-241054,PUBLISHED_READY,2026-09-18
PN-000714,A2U900-241068,a2u900-241068,Sandvik / EIMCO,Underground LHD,ED10,Hydraulic,Shut Down Valve Rod End,Shut Down Valve Rod End,关闭阀杆端,EXPLICIT,VERIFIED,HIGH,"ED10 parts manual page 71, item 3; SANDVIK LS190-B2285 SPARE PARTS LIST_Mining India_24.03.2026.xlsx, Sheet1, row 459",SANDVIK LS190-B2285 SPARE PARTS LIST_Mining India_24.03.2026.xlsx | 伊泰LS190-ED10配件手册.pdf,A2U900-241068 — Shut Down Valve Rod End,A2U900-241068 Shut Down Valve Rod End | ED10 Spare Part,Verified part number A2U900-241068: Shut Down Valve Rod End for ED10. Check equipment compatibility and submit an RFQ to qualified mining spare parts suppl,/part-number/a2u900-241068,Request Quote,/rfq/new?partNumber=A2U900-241068,PUBLISHED_READY,2026-09-18
PN-000824,A2U900-651010,a2u900-651010,Sandvik / EIMCO,Underground LHD,ED10,Engine,ENGINE STRANGER CYLINDER(AIR CIRCUIT),ENGINE STRANGER CYLINDER(AIR CIRCUIT),气压缸－单一工作,EXPLICIT,VERIFIED,HIGH,"ED10 parts manual page 71, item 4; SANDVIK LS190-B2285 SPARE PARTS LIST_Mining India_24.03.2026.xlsx, Sheet1, row 232",SANDVIK LS190-B2285 SPARE PARTS LIST_Mining India_24.03.2026.xlsx | 伊泰LS190-ED10配件手册.pdf,A2U900-651010 — ENGINE STRANGER CYLINDER(AIR CIRCUIT),A2U900-651010 ENGINE STRANGER CYLINDER(AIR CIRCUIT) | ED10 S,Verified part number A2U900-651010: ENGINE STRANGER CYLINDER(AIR CIRCUIT) for ED10. Check equipment compatibility and submit an RFQ to qualified mining spa,/part-number/a2u900-651010,Request Quote,/rfq/new?partNumber=A2U900-651010,PUBLISHED_READY,2026-09-18
PN-000710,A2U900-241063,a2u900-241063,Sandvik / EIMCO,Underground LHD,ED10,Hydraulic,关闭阀工作轴,,关闭阀工作轴,EXPLICIT,VERIFIED,HIGH,"ED10 parts manual page 73, item 1",伊泰LS190-ED10配件手册.pdf,A2U900-241063 — 关闭阀工作轴,A2U900-241063 关闭阀工作轴 | ED10 Spare Part,Verified part number A2U900-241063: 关闭阀工作轴 for ED10. Check equipment compatibility and submit an RFQ to qualified mining spare parts suppliers on KuangpeiY,/part-number/a2u900-241063,Request Quote,/rfq/new?partNumber=A2U900-241063,PUBLISHED_READY,2026-09-18
PN-000711,A2U900-241064,a2u900-241064,Sandvik / EIMCO,Underground LHD,ED10,Hydraulic,关闭阀轴O形圈,,关闭阀轴O形圈,EXPLICIT,VERIFIED,HIGH,"ED10 parts manual page 73, item 2",伊泰LS190-ED10配件手册.pdf,A2U900-241064 — 关闭阀轴O形圈,A2U900-241064 关闭阀轴O形圈 | ED10 Spare Part,Verified part number A2U900-241064: 关闭阀轴O形圈 for ED10. Check equipment compatibility and submit an RFQ to qualified mining spare parts suppliers on Kuangpei,/part-number/a2u900-241064,Request Quote,/rfq/new?partNumber=A2U900-241064,PUBLISHED_READY,2026-09-18
PN-000712,A2U900-241065,a2u900-241065,Sandvik / EIMCO,Underground LHD,ED10,Hydraulic,关闭阀碟O形圈,,关闭阀碟O形圈,EXPLICIT,VERIFIED,HIGH,"ED10 parts manual page 73, item 3",伊泰LS190-ED10配件手册.pdf,A2U900-241065 — 关闭阀碟O形圈,A2U900-241065 关闭阀碟O形圈 | ED10 Spare Part,Verified part number A2U900-241065: 关闭阀碟O形圈 for ED10. Check equipment compatibility and submit an RFQ to qualified mining spare parts suppliers on Kuangpei,/part-number/a2u900-241065,Request Quote,/rfq/new?partNumber=A2U900-241065,PUBLISHED_READY,2026-09-18
PN-000713,A2U900-241066,a2u900-241066,Sandvik / EIMCO,Underground LHD,ED10,Hydraulic,关闭阀回位弹簧,,关闭阀回位弹簧,EXPLICIT,VERIFIED,HIGH,"ED10 parts manual page 73, item 4",伊泰LS190-ED10配件手册.pdf,A2U900-241066 — 关闭阀回位弹簧,A2U900-241066 关闭阀回位弹簧 | ED10 Spare Part,Verified part number A2U900-241066: 关闭阀回位弹簧 for ED10. Check equipment compatibility and submit an RFQ to qualified mining spare parts suppliers on Kuangpei,/part-number/a2u900-241066,Request Quote,/rfq/new?partNumber=A2U900-241066,PUBLISHED_READY,2026-09-18
PN-000715,A2U900-241069,a2u900-241069,Sandvik / EIMCO,Underground LHD,ED10,Hydraulic,关闭阀O形圈,,关闭阀O形圈,EXPLICIT,VERIFIED,HIGH,"ED10 parts manual page 73, item 5",伊泰LS190-ED10配件手册.pdf,A2U900-241069 — 关闭阀O形圈,A2U900-241069 关闭阀O形圈 | ED10 Spare Part,Verified part number A2U900-241069: 关闭阀O形圈 for ED10. Check equipment compatibility and submit an RFQ to qualified mining spare parts suppliers on KuangpeiY,/part-number/a2u900-241069,Request Quote,/rfq/new?partNumber=A2U900-241069,PUBLISHED_READY,2026-09-18
PN-001642,D2NP10-0866,d2np10-0866,Sandvik / EIMCO,Underground LHD,ED10,Structure,夹安装,,夹安装,EXPLICIT,VERIFIED,HIGH,"ED10 parts manual page 75, item 1",伊泰LS190-ED10配件手册.pdf,D2NP10-0866 — 夹安装,D2NP10-0866 夹安装 | ED10 Spare Part,Verified part number D2NP10-0866: 夹安装 for ED10. Check equipment compatibility and submit an RFQ to qualified mining spare parts suppliers on KuangpeiYun.,/part-number/d2np10-0866,Request Quote,/rfq/new?partNumber=D2NP10-0866,PUBLISHED_READY,2026-09-18
PN-001645,D2NP10-8771,d2np10-8771,Sandvik / EIMCO,Underground LHD,ED10,Other,障板,,障板,EXPLICIT,VERIFIED,HIGH,"ED10 parts manual page 75, item 2",伊泰LS190-ED10配件手册.pdf,D2NP10-8771 — 障板,D2NP10-8771 障板 | ED10 Spare Part,Verified part number D2NP10-8771: 障板 for ED10. Check equipment compatibility and submit an RFQ to qualified mining spare parts suppliers on KuangpeiYun.,/part-number/d2np10-8771,Request Quote,/rfq/new?partNumber=D2NP10-8771,PUBLISHED_READY,2026-09-18
PN-001646,D2NP10-9297,d2np10-9297,Sandvik / EIMCO,Underground LHD,ED10,Other,抽空机外圈,,抽空机外圈,EXPLICIT,VERIFIED,HIGH,"ED10 parts manual page 75, item 3",伊泰LS190-ED10配件手册.pdf,D2NP10-9297 — 抽空机外圈,D2NP10-9297 抽空机外圈 | ED10 Spare Part,Verified part number D2NP10-9297: 抽空机外圈 for ED10. Check equipment compatibility and submit an RFQ to qualified mining spare parts suppliers on KuangpeiYun.,/part-number/d2np10-9297,Request Quote,/rfq/new?partNumber=D2NP10-9297,PUBLISHED_READY,2026-09-18
PN-001652,D2NP53-2503,d2np53-2503,Sandvik / EIMCO,Underground LHD,ED10,Filter,粗过滤器元件,,粗过滤器元件,EXPLICIT,VERIFIED,HIGH,"ED10 parts manual page 75, item 4",伊泰LS190-ED10配件手册.pdf,D2NP53-2503 — 粗过滤器元件,D2NP53-2503 粗过滤器元件 | ED10 Spare Part,Verified part number D2NP53-2503: 粗过滤器元件 for ED10. Check equipment compatibility and submit an RFQ to qualified mining spare parts suppliers on KuangpeiYun,/part-number/d2np53-2503,Request Quote,/rfq/new?partNumber=D2NP53-2503,PUBLISHED_READY,2026-09-18
PN-001653,D2NP53-2504,d2np53-2504,Sandvik / EIMCO,Underground LHD,ED10,Filter,安全过滤器元件,,安全过滤器元件,EXPLICIT,VERIFIED,HIGH,"ED10 parts manual page 75, item 5",伊泰LS190-ED10配件手册.pdf,D2NP53-2504 — 安全过滤器元件,D2NP53-2504 安全过滤器元件 | ED10 Spare Part,Verified part number D2NP53-2504: 安全过滤器元件 for ED10. Check equipment compatibility and submit an RFQ to qualified mining spare parts suppliers on KuangpeiYu,/part-number/d2np53-2504,Request Quote,/rfq/new?partNumber=D2NP53-2504,PUBLISHED_READY,2026-09-18
PN-001643,D2NP10-3198,d2np10-3198,Sandvik / EIMCO,Underground LHD,ED10,Hydraulic,阀,,阀,EXPLICIT,VERIFIED,HIGH,"ED10 parts manual page 75, item 6",伊泰LS190-ED10配件手册.pdf,D2NP10-3198 — 阀,D2NP10-3198 阀 | ED10 Spare Part,Verified part number D2NP10-3198: 阀 for ED10. Check equipment compatibility and submit an RFQ to qualified mining spare parts suppliers on KuangpeiYun.,/part-number/d2np10-3198,Request Quote,/rfq/new?partNumber=D2NP10-3198,PUBLISHED_READY,2026-09-18
PN-000589,A2U220-293004,a2u220-293004,Sandvik / EIMCO,Underground LHD,ED10,Engine,涡轮增压器油蓄能器,,涡轮增压器油蓄能器,EXPLICIT,VERIFIED,HIGH,"ED10 parts manual page 77, item 1",伊泰LS190-ED10配件手册.pdf,A2U220-293004 — 涡轮增压器油蓄能器,A2U220-293004 涡轮增压器油蓄能器 | ED10 Spare Part,Verified part number A2U220-293004: 涡轮增压器油蓄能器 for ED10. Check equipment compatibility and submit an RFQ to qualified mining spare parts suppliers on Kuangp,/part-number/a2u220-293004,Request Quote,/rfq/new?partNumber=A2U220-293004,PUBLISHED_READY,2026-09-18
PN-001627,D2900-6-160-7,d2900-6-160-7,Sandvik / EIMCO,Underground LHD,ED10,Hydraulic,液压软管,,液压软管,EXPLICIT,VERIFIED,HIGH,"ED10 parts manual page 77, item 3",伊泰LS190-ED10配件手册.pdf,D2900-6-160-7 — 液压软管,D2900-6-160-7 液压软管 | ED10 Spare Part,Verified part number D2900-6-160-7: 液压软管 for ED10. Check equipment compatibility and submit an RFQ to qualified mining spare parts suppliers on KuangpeiYun,/part-number/d2900-6-160-7,Request Quote,/rfq/new?partNumber=D2900-6-160-7,PUBLISHED_READY,2026-09-18
PN-000162,445502764,445502764,Sandvik / EIMCO,Underground LHD,ED10,Fastener,六角头螺栓,,六角头螺栓,EXPLICIT,VERIFIED,HIGH,"ED10 parts manual page 77, item 4",伊泰LS190-ED10配件手册.pdf,445502764 — 六角头螺栓,445502764 六角头螺栓 | ED10 Spare Part,Verified part number 445502764: 六角头螺栓 for ED10. Check equipment compatibility and submit an RFQ to qualified mining spare parts suppliers on KuangpeiYun.,/part-number/445502764,Request Quote,/rfq/new?partNumber=445502764,PUBLISHED_READY,2026-09-18
PN-000215,455669030,455669030,Sandvik / EIMCO,Underground LHD,ED10,Fastener,螺母，尼龙嵌层,,螺母，尼龙嵌层,EXPLICIT,VERIFIED,HIGH,"ED10 parts manual page 77, item 6",伊泰LS190-ED10配件手册.pdf,455669030 — 螺母，尼龙嵌层,455669030 螺母，尼龙嵌层 | ED10 Spare Part,Verified part number 455669030: 螺母，尼龙嵌层 for ED10. Check equipment compatibility and submit an RFQ to qualified mining spare parts suppliers on KuangpeiYun.,/part-number/455669030,Request Quote,/rfq/new?partNumber=455669030,PUBLISHED_READY,2026-09-18
PN-001820,F3GLF3376,f3glf3376,Sandvik / EIMCO,Underground LHD,ED10,Engine,"SPIN-ON-FILTER, TURBO OIL ACCUM.","SPIN-ON-FILTER, TURBO OIL ACCUM.",油滤清器滤芯,EXPLICIT,VERIFIED,HIGH,"ED10 parts manual page 77, item 7; SANDVIK LS190-B2285 SPARE PARTS LIST_Mining India_24.03.2026.xlsx, Sheet1, row 20",SANDVIK LS190-B2285 SPARE PARTS LIST_Mining India_24.03.2026.xlsx | 伊泰LS190-ED10配件手册.pdf,"F3GLF3376 — SPIN-ON-FILTER, TURBO OIL ACCUM.","F3GLF3376 SPIN-ON-FILTER, TURBO OIL ACCUM. | ED10 Spare Part","Verified part number F3GLF3376: SPIN-ON-FILTER, TURBO OIL ACCUM. for ED10. Check equipment compatibility and submit an RFQ to qualified mining spare parts ",/part-number/f3glf3376,Request Quote,/rfq/new?partNumber=F3GLF3376,PUBLISHED_READY,2026-09-18
PN-001563,D21-64,d21-64,Sandvik / EIMCO,Underground LHD,ED10,Structure,变径衬套,,变径衬套,EXPLICIT,VERIFIED,HIGH,"ED10 parts manual page 77, item 8",伊泰LS190-ED10配件手册.pdf,D21-64 — 变径衬套,D21-64 变径衬套 | ED10 Spare Part,Verified part number D21-64: 变径衬套 for ED10. Check equipment compatibility and submit an RFQ to qualified mining spare parts suppliers on KuangpeiYun.,/part-number/d21-64,Request Quote,/rfq/new?partNumber=D21-64,PUBLISHED_READY,2026-09-18
PN-001626,D2900-6-150-9,d2900-6-150-9,Sandvik / EIMCO,Underground LHD,ED10,Hydraulic,液压软管,,液压软管,EXPLICIT,VERIFIED,HIGH,"ED10 parts manual page 77, item 10",伊泰LS190-ED10配件手册.pdf,D2900-6-150-9 — 液压软管,D2900-6-150-9 液压软管 | ED10 Spare Part,Verified part number D2900-6-150-9: 液压软管 for ED10. Check equipment compatibility and submit an RFQ to qualified mining spare parts suppliers on KuangpeiYun,/part-number/d2900-6-150-9,Request Quote,/rfq/new?partNumber=D2900-6-150-9,PUBLISHED_READY,2026-09-18
PN-000085,100485,100485,Sandvik / EIMCO,Underground LHD,ED10,Hose/Fitting,肘接头,,肘接头,EXPLICIT,VERIFIED,HIGH,"ED10 parts manual page 80, item 1",伊泰LS190-ED10配件手册.pdf,100485 — 肘接头,100485 肘接头 | ED10 Spare Part,Verified part number 100485: 肘接头 for ED10. Check equipment compatibility and submit an RFQ to qualified mining spare parts suppliers on KuangpeiYun.,/part-number/100485,Request Quote,/rfq/new?partNumber=100485,PUBLISHED_READY,2026-09-18
PN-000092,107263,107263,Sandvik / EIMCO,Underground LHD,ED10,Other,旋钮,,旋钮,EXPLICIT,VERIFIED,HIGH,"ED10 parts manual page 80, item 2",伊泰LS190-ED10配件手册.pdf,107263 — 旋钮,107263 旋钮 | ED10 Spare Part,Verified part number 107263: 旋钮 for ED10. Check equipment compatibility and submit an RFQ to qualified mining spare parts suppliers on KuangpeiYun.,/part-number/107263,Request Quote,/rfq/new?partNumber=107263,PUBLISHED_READY,2026-09-18
PN-000402,A2U130-391156,a2u130-391156,Sandvik / EIMCO,Underground LHD,ED10,Other,车轴,,车轴,EXPLICIT,VERIFIED,HIGH,"ED10 parts manual page 80, item 3",伊泰LS190-ED10配件手册.pdf,A2U130-391156 — 车轴,A2U130-391156 车轴 | ED10 Spare Part,Verified part number A2U130-391156: 车轴 for ED10. Check equipment compatibility and submit an RFQ to qualified mining spare parts suppliers on KuangpeiYun.,/part-number/a2u130-391156,Request Quote,/rfq/new?partNumber=A2U130-391156,PUBLISHED_READY,2026-09-18
PN-000406,A2U130-391171,a2u130-391171,Sandvik / EIMCO,Underground LHD,ED10,Structure,安装托座,,安装托座,EXPLICIT,VERIFIED,HIGH,"ED10 parts manual page 80, item 4",伊泰LS190-ED10配件手册.pdf,A2U130-391171 — 安装托座,A2U130-391171 安装托座 | ED10 Spare Part,Verified part number A2U130-391171: 安装托座 for ED10. Check equipment compatibility and submit an RFQ to qualified mining spare parts suppliers on KuangpeiYun,/part-number/a2u130-391171,Request Quote,/rfq/new?partNumber=A2U130-391171,PUBLISHED_READY,2026-09-18
PN-000401,A2U130-391154,a2u130-391154,Sandvik / EIMCO,Underground LHD,ED10,Transmission/Driveline,变速杆,,变速杆,EXPLICIT,VERIFIED,HIGH,"ED10 parts manual page 80, item 5",伊泰LS190-ED10配件手册.pdf,A2U130-391154 — 变速杆,A2U130-391154 变速杆 | ED10 Spare Part,Verified part number A2U130-391154: 变速杆 for ED10. Check equipment compatibility and submit an RFQ to qualified mining spare parts suppliers on KuangpeiYun.,/part-number/a2u130-391154,Request Quote,/rfq/new?partNumber=A2U130-391154,PUBLISHED_READY,2026-09-18
PN-000616,A2U220-391162,a2u220-391162,Sandvik / EIMCO,Underground LHD,ED10,Other,方向操纵杆,,方向操纵杆,EXPLICIT,VERIFIED,HIGH,"ED10 parts manual page 80, item 6",伊泰LS190-ED10配件手册.pdf,A2U220-391162 — 方向操纵杆,A2U220-391162 方向操纵杆 | ED10 Spare Part,Verified part number A2U220-391162: 方向操纵杆 for ED10. Check equipment compatibility and submit an RFQ to qualified mining spare parts suppliers on KuangpeiYu,/part-number/a2u220-391162,Request Quote,/rfq/new?partNumber=A2U220-391162,PUBLISHED_READY,2026-09-18
PN-000111,228655,228655,Sandvik / EIMCO,Underground LHD,ED10,Hydraulic,安装阀片,,安装阀片,EXPLICIT,VERIFIED,HIGH,"ED10 parts manual page 80, item 7",伊泰LS190-ED10配件手册.pdf,228655 — 安装阀片,228655 安装阀片 | ED10 Spare Part,Verified part number 228655: 安装阀片 for ED10. Check equipment compatibility and submit an RFQ to qualified mining spare parts suppliers on KuangpeiYun.,/part-number/228655,Request Quote,/rfq/new?partNumber=228655,PUBLISHED_READY,2026-09-18
PN-000766,A2U900-492023,a2u900-492023,Sandvik / EIMCO,Underground LHD,ED10,Other,"KNOB, TAPERED","KNOB, TAPERED",锥形旋钮,EXPLICIT,VERIFIED,HIGH,"ED10 parts manual page 80, item 8; SANDVIK LS190-B2285 SPARE PARTS LIST_Mining India_24.03.2026.xlsx, Sheet1, row 198",SANDVIK LS190-B2285 SPARE PARTS LIST_Mining India_24.03.2026.xlsx | 伊泰LS190-ED10配件手册.pdf,"A2U900-492023 — KNOB, TAPERED","A2U900-492023 KNOB, TAPERED | ED10 Spare Part","Verified part number A2U900-492023: KNOB, TAPERED for ED10. Check equipment compatibility and submit an RFQ to qualified mining spare parts suppliers on Ku",/part-number/a2u900-492023,Request Quote,/rfq/new?partNumber=A2U900-492023,PUBLISHED_READY,2026-09-18
PN-000121,254058,254058,Sandvik / EIMCO,Underground LHD,ED10,Other,连杆,,连杆,EXPLICIT,VERIFIED,HIGH,"ED10 parts manual page 80, item 9",伊泰LS190-ED10配件手册.pdf,254058 — 连杆,254058 连杆 | ED10 Spare Part,Verified part number 254058: 连杆 for ED10. Check equipment compatibility and submit an RFQ to qualified mining spare parts suppliers on KuangpeiYun.,/part-number/254058,Request Quote,/rfq/new?partNumber=254058,PUBLISHED_READY,2026-09-18
PN-001830,HRA68,hra68,Sandvik / EIMCO,Underground LHD,ED10,Hose/Fitting,球形接头,,球形接头,EXPLICIT,VERIFIED,HIGH,"ED10 parts manual page 80, item 10",伊泰LS190-ED10配件手册.pdf,HRA68 — 球形接头,HRA68 球形接头 | ED10 Spare Part,Verified part number HRA68: 球形接头 for ED10. Check equipment compatibility and submit an RFQ to qualified mining spare parts suppliers on KuangpeiYun.,/part-number/hra68,Request Quote,/rfq/new?partNumber=HRA68,PUBLISHED_READY,2026-09-18
PN-001835,L255,l255,Sandvik / EIMCO,Underground LHD,ED10,Other,锥体锁止,,锥体锁止,EXPLICIT,VERIFIED,HIGH,"ED10 parts manual page 80, item 11",伊泰LS190-ED10配件手册.pdf,L255 — 锥体锁止,L255 锥体锁止 | ED10 Spare Part,Verified part number L255: 锥体锁止 for ED10. Check equipment compatibility and submit an RFQ to qualified mining spare parts suppliers on KuangpeiYun.,/part-number/l255,Request Quote,/rfq/new?partNumber=L255,PUBLISHED_READY,2026-09-18
PN-001836,L256,l256,Sandvik / EIMCO,Underground LHD,ED10,Fastener,防松螺母,,防松螺母,EXPLICIT,VERIFIED,HIGH,"ED10 parts manual page 80, item 12",伊泰LS190-ED10配件手册.pdf,L256 — 防松螺母,L256 防松螺母 | ED10 Spare Part,Verified part number L256: 防松螺母 for ED10. Check equipment compatibility and submit an RFQ to qualified mining spare parts suppliers on KuangpeiYun.,/part-number/l256,Request Quote,/rfq/new?partNumber=L256,PUBLISHED_READY,2026-09-18
PN-001846,P1FG,p1fg,Sandvik / EIMCO,Underground LHD,ED10,Other,90度滑油嘴,,90度滑油嘴 | 润滑接头,EXPLICIT,VERIFIED,HIGH,"ED10 parts manual page 80, item 13; ED10 parts manual page 169, item 3; ED10 parts manual page 171, item 3; ED10 parts manual page 192, item 11; ED10 parts manual page 194, item 5; ED10 parts manual page 199, item 19; ED10 parts manual page 211, item 6; ED10 parts manual page 232, item 7; ED10 parts manual page 271, item 6; ED10 parts manual page 319, item 9",伊泰LS190-ED10配件手册.pdf,P1FG — 90度滑油嘴,P1FG 90度滑油嘴 | ED10 Spare Part,Verified part number P1FG: 90度滑油嘴 for ED10. Check equipment compatibility and submit an RFQ to qualified mining spare parts suppliers on KuangpeiYun.,/part-number/p1fg,Request Quote,/rfq/new?partNumber=P1FG,PUBLISHED_READY,2026-09-18
PN-000139,445250791,445250791,Sandvik / EIMCO,Underground LHD,ED10,Other,平头螺丝,,平头螺丝,EXPLICIT,VERIFIED,HIGH,"ED10 parts manual page 80, item 17",伊泰LS190-ED10配件手册.pdf,445250791 — 平头螺丝,445250791 平头螺丝 | ED10 Spare Part,Verified part number 445250791: 平头螺丝 for ED10. Check equipment compatibility and submit an RFQ to qualified mining spare parts suppliers on KuangpeiYun.,/part-number/445250791,Request Quote,/rfq/new?partNumber=445250791,PUBLISHED_READY,2026-09-18
PN-001876,T6H20,t6h20,Sandvik / EIMCO,Underground LHD,ED10,Fastener,六角头螺栓,,六角头螺栓,EXPLICIT,VERIFIED,HIGH,"ED10 parts manual page 80, item 20",伊泰LS190-ED10配件手册.pdf,T6H20 — 六角头螺栓,T6H20 六角头螺栓 | ED10 Spare Part,Verified part number T6H20: 六角头螺栓 for ED10. Check equipment compatibility and submit an RFQ to qualified mining spare parts suppliers on KuangpeiYun.,/part-number/t6h20,Request Quote,/rfq/new?partNumber=T6H20,PUBLISHED_READY,2026-09-18
PN-001908,WG6F,wg6f,Sandvik / EIMCO,Underground LHD,ED10,Fastener,弹簧垫圈,,弹簧垫圈,EXPLICIT,VERIFIED,HIGH,"ED10 parts manual page 80, item 21",伊泰LS190-ED10配件手册.pdf,WG6F — 弹簧垫圈,WG6F 弹簧垫圈 | ED10 Spare Part,Verified part number WG6F: 弹簧垫圈 for ED10. Check equipment compatibility and submit an RFQ to qualified mining spare parts suppliers on KuangpeiYun.,/part-number/wg6f,Request Quote,/rfq/new?partNumber=WG6F,PUBLISHED_READY,2026-09-18
PN-000741,A2U900-331057,a2u900-331057,Sandvik / EIMCO,Underground LHD,ED10,Transmission/Driveline,变速箱,,变速箱,EXPLICIT,VERIFIED,HIGH,"ED10 parts manual page 82, item 1",伊泰LS190-ED10配件手册.pdf,A2U900-331057 — 变速箱,A2U900-331057 变速箱 | ED10 Spare Part,Verified part number A2U900-331057: 变速箱 for ED10. Check equipment compatibility and submit an RFQ to qualified mining spare parts suppliers on KuangpeiYun.,/part-number/a2u900-331057,Request Quote,/rfq/new?partNumber=A2U900-331057,PUBLISHED_READY,2026-09-18
PN-000387,A2U130-197201,a2u130-197201,Sandvik / EIMCO,Underground LHD,ED10,Other,罩,,罩,EXPLICIT,VERIFIED,HIGH,"ED10 parts manual page 82, item 2",伊泰LS190-ED10配件手册.pdf,A2U130-197201 — 罩,A2U130-197201 罩 | ED10 Spare Part,Verified part number A2U130-197201: 罩 for ED10. Check equipment compatibility and submit an RFQ to qualified mining spare parts suppliers on KuangpeiYun.,/part-number/a2u130-197201,Request Quote,/rfq/new?partNumber=A2U130-197201,PUBLISHED_READY,2026-09-18
PN-000603,A2U220-330040,a2u220-330040,Sandvik / EIMCO,Underground LHD,ED10,Transmission/Driveline,变速箱隔离安装组,,变速箱隔离安装组,EXPLICIT,VERIFIED,HIGH,"ED10 parts manual page 82, item 3",伊泰LS190-ED10配件手册.pdf,A2U220-330040 — 变速箱隔离安装组,A2U220-330040 变速箱隔离安装组 | ED10 Spare Part,Verified part number A2U220-330040: 变速箱隔离安装组 for ED10. Check equipment compatibility and submit an RFQ to qualified mining spare parts suppliers on Kuangpe,/part-number/a2u220-330040,Request Quote,/rfq/new?partNumber=A2U220-330040,PUBLISHED_READY,2026-09-18
PN-000850,A2U913-391143,a2u913-391143,Sandvik / EIMCO,Underground LHD,ED10,Structure,升举托架,,升举托架,EXPLICIT,VERIFIED,HIGH,"ED10 parts manual page 82, item 4",伊泰LS190-ED10配件手册.pdf,A2U913-391143 — 升举托架,A2U913-391143 升举托架 | ED10 Spare Part,Verified part number A2U913-391143: 升举托架 for ED10. Check equipment compatibility and submit an RFQ to qualified mining spare parts suppliers on KuangpeiYun,/part-number/a2u913-391143,Request Quote,/rfq/new?partNumber=A2U913-391143,PUBLISHED_READY,2026-09-18
PN-000851,A2U913-391144,a2u913-391144,Sandvik / EIMCO,Underground LHD,ED10,Structure,升举托架,,升举托架,EXPLICIT,VERIFIED,HIGH,"ED10 parts manual page 82, item 5",伊泰LS190-ED10配件手册.pdf,A2U913-391144 — 升举托架,A2U913-391144 升举托架 | ED10 Spare Part,Verified part number A2U913-391144: 升举托架 for ED10. Check equipment compatibility and submit an RFQ to qualified mining spare parts suppliers on KuangpeiYun,/part-number/a2u913-391144,Request Quote,/rfq/new?partNumber=A2U913-391144,PUBLISHED_READY,2026-09-18
PN-001439,CL268361,cl268361,Sandvik / EIMCO,Underground LHD,ED10,Other,输入轴及前盖组,,输入轴及前盖组,EXPLICIT,VERIFIED,HIGH,"ED10 parts manual page 84, item 1",伊泰LS190-ED10配件手册.pdf,CL268361 — 输入轴及前盖组,CL268361 输入轴及前盖组 | ED10 Spare Part,Verified part number CL268361: 输入轴及前盖组 for ED10. Check equipment compatibility and submit an RFQ to qualified mining spare parts suppliers on KuangpeiYun.,/part-number/cl268361,Request Quote,/rfq/new?partNumber=CL268361,PUBLISHED_READY,2026-09-18
PN-001443,CL269750,cl269750,Sandvik / EIMCO,Underground LHD,ED10,Transmission/Driveline,变速箱壳及后盖组,,变速箱壳及后盖组,EXPLICIT,VERIFIED,HIGH,"ED10 parts manual page 84, item 2",伊泰LS190-ED10配件手册.pdf,CL269750 — 变速箱壳及后盖组,CL269750 变速箱壳及后盖组 | ED10 Spare Part,Verified part number CL269750: 变速箱壳及后盖组 for ED10. Check equipment compatibility and submit an RFQ to qualified mining spare parts suppliers on KuangpeiYun.,/part-number/cl269750,Request Quote,/rfq/new?partNumber=CL269750,PUBLISHED_READY,2026-09-18
PN-001445,CL269765,cl269765,Sandvik / EIMCO,Underground LHD,ED10,Transmission/Driveline,变速箱壳及后盖,,变速箱壳及后盖,EXPLICIT,VERIFIED,HIGH,"ED10 parts manual page 84, item 3",伊泰LS190-ED10配件手册.pdf,CL269765 — 变速箱壳及后盖,CL269765 变速箱壳及后盖 | ED10 Spare Part,Verified part number CL269765: 变速箱壳及后盖 for ED10. Check equipment compatibility and submit an RFQ to qualified mining spare parts suppliers on KuangpeiYun.,/part-number/cl269765,Request Quote,/rfq/new?partNumber=CL269765,PUBLISHED_READY,2026-09-18
PN-001440,CL269658,cl269658,Sandvik / EIMCO,Underground LHD,ED10,Other,倒车及高速挡车轴组,,倒车及高速挡车轴组,EXPLICIT,VERIFIED,HIGH,"ED10 parts manual page 84, item 4",伊泰LS190-ED10配件手册.pdf,CL269658 — 倒车及高速挡车轴组,CL269658 倒车及高速挡车轴组 | ED10 Spare Part,Verified part number CL269658: 倒车及高速挡车轴组 for ED10. Check equipment compatibility and submit an RFQ to qualified mining spare parts suppliers on KuangpeiYun,/part-number/cl269658,Request Quote,/rfq/new?partNumber=CL269658,PUBLISHED_READY,2026-09-18
PN-001441,CL269659,cl269659,Sandvik / EIMCO,Underground LHD,ED10,Other,进挡及第耳挡车轴组,,进挡及第耳挡车轴组,EXPLICIT,VERIFIED,HIGH,"ED10 parts manual page 84, item 5",伊泰LS190-ED10配件手册.pdf,CL269659 — 进挡及第耳挡车轴组,CL269659 进挡及第耳挡车轴组 | ED10 Spare Part,Verified part number CL269659: 进挡及第耳挡车轴组 for ED10. Check equipment compatibility and submit an RFQ to qualified mining spare parts suppliers on KuangpeiYun,/part-number/cl269659,Request Quote,/rfq/new?partNumber=CL269659,PUBLISHED_READY,2026-09-18
PN-001444,CL269761,cl269761,Sandvik / EIMCO,Underground LHD,ED10,Other,车轴组,,车轴组,EXPLICIT,VERIFIED,HIGH,"ED10 parts manual page 84, item 6",伊泰LS190-ED10配件手册.pdf,CL269761 — 车轴组,CL269761 车轴组 | ED10 Spare Part,Verified part number CL269761: 车轴组 for ED10. Check equipment compatibility and submit an RFQ to qualified mining spare parts suppliers on KuangpeiYun.,/part-number/cl269761,Request Quote,/rfq/new?partNumber=CL269761,PUBLISHED_READY,2026-09-18
PN-001442,CL269722,cl269722,Sandvik / EIMCO,Underground LHD,ED10,Other,怠速车轴及第4挡速度,,怠速车轴及第4挡速度,EXPLICIT,VERIFIED,HIGH,"ED10 parts manual page 84, item 7",伊泰LS190-ED10配件手册.pdf,CL269722 — 怠速车轴及第4挡速度,CL269722 怠速车轴及第4挡速度 | ED10 Spare Part,Verified part number CL269722: 怠速车轴及第4挡速度 for ED10. Check equipment compatibility and submit an RFQ to qualified mining spare parts suppliers on KuangpeiYu,/part-number/cl269722,Request Quote,/rfq/new?partNumber=CL269722,PUBLISHED_READY,2026-09-18
PN-001345,CL240429,cl240429,Sandvik / EIMCO,Underground LHD,ED10,Other,输出轴组,,输出轴组,EXPLICIT,VERIFIED,HIGH,"ED10 parts manual page 84, item 8",伊泰LS190-ED10配件手册.pdf,CL240429 — 输出轴组,CL240429 输出轴组 | ED10 Spare Part,Verified part number CL240429: 输出轴组 for ED10. Check equipment compatibility and submit an RFQ to qualified mining spare parts suppliers on KuangpeiYun.,/part-number/cl240429,Request Quote,/rfq/new?partNumber=CL240429,PUBLISHED_READY,2026-09-18
PN-001308,CL235800,cl235800,Sandvik / EIMCO,Underground LHD,ED10,Hydraulic,控制阀安装,,控制阀安装,EXPLICIT,VERIFIED,HIGH,"ED10 parts manual page 84, item 9",伊泰LS190-ED10配件手册.pdf,CL235800 — 控制阀安装,CL235800 控制阀安装 | ED10 Spare Part,Verified part number CL235800: 控制阀安装 for ED10. Check equipment compatibility and submit an RFQ to qualified mining spare parts suppliers on KuangpeiYun.,/part-number/cl235800,Request Quote,/rfq/new?partNumber=CL235800,PUBLISHED_READY,2026-09-18
PN-001321,CL237637,cl237637,Sandvik / EIMCO,Underground LHD,ED10,Other,法兰,,法兰,EXPLICIT,VERIFIED,HIGH,"ED10 parts manual page 84, item 10; ED10 parts manual page 84, item 14",伊泰LS190-ED10配件手册.pdf,CL237637 — 法兰,CL237637 法兰 | ED10 Spare Part,Verified part number CL237637: 法兰 for ED10. Check equipment compatibility and submit an RFQ to qualified mining spare parts suppliers on KuangpeiYun.,/part-number/cl237637,Request Quote,/rfq/new?partNumber=CL237637,PUBLISHED_READY,2026-09-18
PN-001223,CL215634,cl215634,Sandvik / EIMCO,Underground LHD,ED10,Fastener,螺母,,螺母,EXPLICIT,VERIFIED,HIGH,"ED10 parts manual page 84, item 11; ED10 parts manual page 84, item 15",伊泰LS190-ED10配件手册.pdf,CL215634 — 螺母,CL215634 螺母 | ED10 Spare Part,Verified part number CL215634: 螺母 for ED10. Check equipment compatibility and submit an RFQ to qualified mining spare parts suppliers on KuangpeiYun.,/part-number/cl215634,Request Quote,/rfq/new?partNumber=CL215634,PUBLISHED_READY,2026-09-18
PN-001291,CL231916,cl231916,Sandvik / EIMCO,Underground LHD,ED10,Fastener,垫圈,,垫圈,EXPLICIT,VERIFIED,HIGH,"ED10 parts manual page 84, item 12; ED10 parts manual page 84, item 16",伊泰LS190-ED10配件手册.pdf,CL231916 — 垫圈,CL231916 垫圈 | ED10 Spare Part,Verified part number CL231916: 垫圈 for ED10. Check equipment compatibility and submit an RFQ to qualified mining spare parts suppliers on KuangpeiYun.,/part-number/cl231916,Request Quote,/rfq/new?partNumber=CL231916,PUBLISHED_READY,2026-09-18
PN-001437,CL25K60128,cl25k60128,Sandvik / EIMCO,Underground LHD,ED10,Other,O形圈,,O形圈,EXPLICIT,VERIFIED,HIGH,"ED10 parts manual page 84, item 13; ED10 parts manual page 84, item 17",伊泰LS190-ED10配件手册.pdf,CL25K60128 — O形圈,CL25K60128 O形圈 | ED10 Spare Part,Verified part number CL25K60128: O形圈 for ED10. Check equipment compatibility and submit an RFQ to qualified mining spare parts suppliers on KuangpeiYun.,/part-number/cl25k60128,Request Quote,/rfq/new?partNumber=CL25K60128,PUBLISHED_READY,2026-09-18
PN-001221,CL214985,cl214985,Sandvik / EIMCO,Underground LHD,ED10,Other,法兰,,法兰 | 法兰盘,EXPLICIT,VERIFIED,HIGH,"ED10 parts manual page 84, item 18; ED10 parts manual page 116, item 12",伊泰LS190-ED10配件手册.pdf,CL214985 — 法兰,CL214985 法兰 | ED10 Spare Part,Verified part number CL214985: 法兰 for ED10. Check equipment compatibility and submit an RFQ to qualified mining spare parts suppliers on KuangpeiYun.,/part-number/cl214985,Request Quote,/rfq/new?partNumber=CL214985,PUBLISHED_READY,2026-09-18
PN-001225,CL216058,cl216058,Sandvik / EIMCO,Underground LHD,ED10,Fastener,螺母,,螺母 | 输出轴螺母,EXPLICIT,VERIFIED,HIGH,"ED10 parts manual page 84, item 19; ED10 parts manual page 127, item 13",伊泰LS190-ED10配件手册.pdf,CL216058 — 螺母,CL216058 螺母 | ED10 Spare Part,Verified part number CL216058: 螺母 for ED10. Check equipment compatibility and submit an RFQ to qualified mining spare parts suppliers on KuangpeiYun.,/part-number/cl216058,Request Quote,/rfq/new?partNumber=CL216058,PUBLISHED_READY,2026-09-18
PN-001088,CL102745,cl102745,Sandvik / EIMCO,Underground LHD,ED10,Fastener,垫圈,,垫圈 | 输出轴垫圈,EXPLICIT,VERIFIED,HIGH,"ED10 parts manual page 84, item 20; ED10 parts manual page 127, item 12",伊泰LS190-ED10配件手册.pdf,CL102745 — 垫圈,CL102745 垫圈 | ED10 Spare Part,Verified part number CL102745: 垫圈 for ED10. Check equipment compatibility and submit an RFQ to qualified mining spare parts suppliers on KuangpeiYun.,/part-number/cl102745,Request Quote,/rfq/new?partNumber=CL102745,PUBLISHED_READY,2026-09-18
PN-001431,CL258K40112,cl258k40112,Sandvik / EIMCO,Underground LHD,ED10,Other,O形圈,,O形圈,EXPLICIT,VERIFIED,HIGH,"ED10 parts manual page 84, item 21",伊泰LS190-ED10配件手册.pdf,CL258K40112 — O形圈,CL258K40112 O形圈 | ED10 Spare Part,Verified part number CL258K40112: O形圈 for ED10. Check equipment compatibility and submit an RFQ to qualified mining spare parts suppliers on KuangpeiYun.,/part-number/cl258k40112,Request Quote,/rfq/new?partNumber=CL258K40112,PUBLISHED_READY,2026-09-18
PN-001322,CL237720,cl237720,Sandvik / EIMCO,Underground LHD,ED10,Other,输入轴法兰油封,,输入轴法兰油封,EXPLICIT,VERIFIED,HIGH,"ED10 parts manual page 86, item 1",伊泰LS190-ED10配件手册.pdf,CL237720 — 输入轴法兰油封,CL237720 输入轴法兰油封 | ED10 Spare Part,Verified part number CL237720: 输入轴法兰油封 for ED10. Check equipment compatibility and submit an RFQ to qualified mining spare parts suppliers on KuangpeiYun.,/part-number/cl237720,Request Quote,/rfq/new?partNumber=CL237720,PUBLISHED_READY,2026-09-18
PN-001239,CL223901,cl223901,Sandvik / EIMCO,Underground LHD,ED10,Other,输入轴前轴承卡环,,输入轴前轴承卡环 | 4挡速度离合器润滑管 | 定位钢球,EXPLICIT,VERIFIED,HIGH,"ED10 parts manual page 86, item 2; ED10 parts manual page 86, item 4; ED10 parts manual page 88, item 31; ED10 parts manual page 88, item 34",伊泰LS190-ED10配件手册.pdf,CL223901 — 输入轴前轴承卡环,CL223901 输入轴前轴承卡环 | ED10 Spare Part,Verified part number CL223901: 输入轴前轴承卡环 for ED10. Check equipment compatibility and submit an RFQ to qualified mining spare parts suppliers on KuangpeiYun.,/part-number/cl223901,Request Quote,/rfq/new?partNumber=CL223901,PUBLISHED_READY,2026-09-18
PN-001251,CL225603,cl225603,Sandvik / EIMCO,Underground LHD,ED10,Other,输入轴前轴承,,输入轴前轴承,EXPLICIT,VERIFIED,HIGH,"ED10 parts manual page 86, item 3",伊泰LS190-ED10配件手册.pdf,CL225603 — 输入轴前轴承,CL225603 输入轴前轴承 | ED10 Spare Part,Verified part number CL225603: 输入轴前轴承 for ED10. Check equipment compatibility and submit an RFQ to qualified mining spare parts suppliers on KuangpeiYun.,/part-number/cl225603,Request Quote,/rfq/new?partNumber=CL225603,PUBLISHED_READY,2026-09-18
PN-001092,CL10F-16,cl10f-16,Sandvik / EIMCO,Underground LHD,ED10,Other,管塞,,管塞 | 变换器腔室管道塞子,EXPLICIT,VERIFIED,HIGH,"ED10 parts manual page 86, item 5; ED10 parts manual page 120, item 6",伊泰LS190-ED10配件手册.pdf,CL10F-16 — 管塞,CL10F-16 管塞 | ED10 Spare Part,Verified part number CL10F-16: 管塞 for ED10. Check equipment compatibility and submit an RFQ to qualified mining spare parts suppliers on KuangpeiYun.,/part-number/cl10f-16,Request Quote,/rfq/new?partNumber=CL10F-16,PUBLISHED_READY,2026-09-18
PN-001366,CL244427,cl244427,Sandvik / EIMCO,Underground LHD,ED10,Other,前罩和管装配－包括零件7到13，15到18，23，24和25。,,前罩和管装配－包括零件7到13，15到18，23，24和25。,EXPLICIT,VERIFIED,HIGH,"ED10 parts manual page 86, item 6",伊泰LS190-ED10配件手册.pdf,CL244427 — 前罩和管装配－包括零件7到13，15到18，23，24和25。,CL244427 前罩和管装配－包括零件7到13，15到18，23，24和25。 | ED10 Spare Part,Verified part number CL244427: 前罩和管装配－包括零件7到13，15到18，23，24和25。 for ED10. Check equipment compatibility and submit an RFQ to qualified mining spare parts su,/part-number/cl244427,Request Quote,/rfq/new?partNumber=CL244427,PUBLISHED_READY,2026-09-18
PN-001478,CL76K-110,cl76k-110,Sandvik / EIMCO,Underground LHD,ED10,Other,O形圈,,O形圈,EXPLICIT,VERIFIED,HIGH,"ED10 parts manual page 86, item 7",伊泰LS190-ED10配件手册.pdf,CL76K-110 — O形圈,CL76K-110 O形圈 | ED10 Spare Part,Verified part number CL76K-110: O形圈 for ED10. Check equipment compatibility and submit an RFQ to qualified mining spare parts suppliers on KuangpeiYun.,/part-number/cl76k-110,Request Quote,/rfq/new?partNumber=CL76K-110,PUBLISHED_READY,2026-09-18
PN-001282,CL231629,cl231629,Sandvik / EIMCO,Underground LHD,ED10,Other,3挡管路装配,,3挡管路装配,EXPLICIT,VERIFIED,HIGH,"ED10 parts manual page 86, item 8",伊泰LS190-ED10配件手册.pdf,CL231629 — 3挡管路装配,CL231629 3挡管路装配 | ED10 Spare Part,Verified part number CL231629: 3挡管路装配 for ED10. Check equipment compatibility and submit an RFQ to qualified mining spare parts suppliers on KuangpeiYun.,/part-number/cl231629,Request Quote,/rfq/new?partNumber=CL231629,PUBLISHED_READY,2026-09-18
PN-001269,CL231048,cl231048,Sandvik / EIMCO,Underground LHD,ED10,Other,管卡,,管卡,EXPLICIT,VERIFIED,HIGH,"ED10 parts manual page 86, item 9",伊泰LS190-ED10配件手册.pdf,CL231048 — 管卡,CL231048 管卡 | ED10 Spare Part,Verified part number CL231048: 管卡 for ED10. Check equipment compatibility and submit an RFQ to qualified mining spare parts suppliers on KuangpeiYun.,/part-number/cl231048,Request Quote,/rfq/new?partNumber=CL231048,PUBLISHED_READY,2026-09-18
PN-001446,CL4 E-05,cl4-e-05,Sandvik / EIMCO,Underground LHD,ED10,Fastener,管卡螺钉防松垫圈,,管卡螺钉防松垫圈 | 套管防松螺钉，防松垫圈,EXPLICIT,VERIFIED,HIGH,"ED10 parts manual page 86, item 10; ED10 parts manual page 86, item 17",伊泰LS190-ED10配件手册.pdf,CL4 E-05 — 管卡螺钉防松垫圈,CL4 E-05 管卡螺钉防松垫圈 | ED10 Spare Part,Verified part number CL4 E-05: 管卡螺钉防松垫圈 for ED10. Check equipment compatibility and submit an RFQ to qualified mining spare parts suppliers on KuangpeiYun.,/part-number/cl4-e-05,Request Quote,/rfq/new?partNumber=CL4 E-05,PUBLISHED_READY,2026-09-18
PN-001125,CL1C-510,cl1c-510,Sandvik / EIMCO,Underground LHD,ED10,Fastener,管卡螺钉,,管卡螺钉 | 套管防松螺钉,EXPLICIT,VERIFIED,HIGH,"ED10 parts manual page 86, item 11; ED10 parts manual page 86, item 18",伊泰LS190-ED10配件手册.pdf,CL1C-510 — 管卡螺钉,CL1C-510 管卡螺钉 | ED10 Spare Part,Verified part number CL1C-510: 管卡螺钉 for ED10. Check equipment compatibility and submit an RFQ to qualified mining spare parts suppliers on KuangpeiYun.,/part-number/cl1c-510,Request Quote,/rfq/new?partNumber=CL1C-510,PUBLISHED_READY,2026-09-18
PN-001364,CL243377,cl243377,Sandvik / EIMCO,Underground LHD,ED10,Other,调节器旁通管装配,,调节器旁通管装配,EXPLICIT,VERIFIED,HIGH,"ED10 parts manual page 86, item 12",伊泰LS190-ED10配件手册.pdf,CL243377 — 调节器旁通管装配,CL243377 调节器旁通管装配 | ED10 Spare Part,Verified part number CL243377: 调节器旁通管装配 for ED10. Check equipment compatibility and submit an RFQ to qualified mining spare parts suppliers on KuangpeiYun.,/part-number/cl243377,Request Quote,/rfq/new?partNumber=CL243377,PUBLISHED_READY,2026-09-18
PN-001281,CL231628,cl231628,Sandvik / EIMCO,Underground LHD,ED10,Other,倒挡管路装配,,倒挡管路装配,EXPLICIT,VERIFIED,HIGH,"ED10 parts manual page 86, item 13",伊泰LS190-ED10配件手册.pdf,CL231628 — 倒挡管路装配,CL231628 倒挡管路装配 | ED10 Spare Part,Verified part number CL231628: 倒挡管路装配 for ED10. Check equipment compatibility and submit an RFQ to qualified mining spare parts suppliers on KuangpeiYun.,/part-number/cl231628,Request Quote,/rfq/new?partNumber=CL231628,PUBLISHED_READY,2026-09-18
PN-001323,CL238535,cl238535,Sandvik / EIMCO,Underground LHD,ED10,Other,呼吸器,,呼吸器,EXPLICIT,VERIFIED,HIGH,"ED10 parts manual page 86, item 14",伊泰LS190-ED10配件手册.pdf,CL238535 — 呼吸器,CL238535 呼吸器 | ED10 Spare Part,Verified part number CL238535: 呼吸器 for ED10. Check equipment compatibility and submit an RFQ to qualified mining spare parts suppliers on KuangpeiYun.,/part-number/cl238535,Request Quote,/rfq/new?partNumber=CL238535,PUBLISHED_READY,2026-09-18
PN-001320,CL237576,cl237576,Sandvik / EIMCO,Underground LHD,ED10,Other,前罩套管,,前罩套管,EXPLICIT,VERIFIED,HIGH,"ED10 parts manual page 86, item 15",伊泰LS190-ED10配件手册.pdf,CL237576 — 前罩套管,CL237576 前罩套管 | ED10 Spare Part,Verified part number CL237576: 前罩套管 for ED10. Check equipment compatibility and submit an RFQ to qualified mining spare parts suppliers on KuangpeiYun.,/part-number/cl237576,Request Quote,/rfq/new?partNumber=CL237576,PUBLISHED_READY,2026-09-18
PN-001257,CL230851,cl230851,Sandvik / EIMCO,Underground LHD,ED10,Other,前罩套管锁止,,前罩套管锁止,EXPLICIT,VERIFIED,HIGH,"ED10 parts manual page 86, item 16",伊泰LS190-ED10配件手册.pdf,CL230851 — 前罩套管锁止,CL230851 前罩套管锁止 | ED10 Spare Part,Verified part number CL230851: 前罩套管锁止 for ED10. Check equipment compatibility and submit an RFQ to qualified mining spare parts suppliers on KuangpeiYun.,/part-number/cl230851,Request Quote,/rfq/new?partNumber=CL230851,PUBLISHED_READY,2026-09-18
PN-001284,CL231782,cl231782,Sandvik / EIMCO,Underground LHD,ED10,Other,输入轴,,输入轴,EXPLICIT,VERIFIED,HIGH,"ED10 parts manual page 86, item 19",伊泰LS190-ED10配件手册.pdf,CL231782 — 输入轴,CL231782 输入轴 | ED10 Spare Part,Verified part number CL231782: 输入轴 for ED10. Check equipment compatibility and submit an RFQ to qualified mining spare parts suppliers on KuangpeiYun.,/part-number/cl231782,Request Quote,/rfq/new?partNumber=CL231782,PUBLISHED_READY,2026-09-18
PN-001349,CL241684,cl241684,Sandvik / EIMCO,Underground LHD,ED10,Other,输入轴后轴承,,输入轴后轴承,EXPLICIT,VERIFIED,HIGH,"ED10 parts manual page 86, item 20",伊泰LS190-ED10配件手册.pdf,CL241684 — 输入轴后轴承,CL241684 输入轴后轴承 | ED10 Spare Part,Verified part number CL241684: 输入轴后轴承 for ED10. Check equipment compatibility and submit an RFQ to qualified mining spare parts suppliers on KuangpeiYun.,/part-number/cl241684,Request Quote,/rfq/new?partNumber=CL241684,PUBLISHED_READY,2026-09-18
PN-001386,CL248197,cl248197,Sandvik / EIMCO,Underground LHD,ED10,Other,输入轴齿轮30吨,,输入轴齿轮30吨,EXPLICIT,VERIFIED,HIGH,"ED10 parts manual page 86, item 21",伊泰LS190-ED10配件手册.pdf,CL248197 — 输入轴齿轮30吨,CL248197 输入轴齿轮30吨 | ED10 Spare Part,Verified part number CL248197: 输入轴齿轮30吨 for ED10. Check equipment compatibility and submit an RFQ to qualified mining spare parts suppliers on KuangpeiYun.,/part-number/cl248197,Request Quote,/rfq/new?partNumber=CL248197,PUBLISHED_READY,2026-09-18
PN-001241,CL224026,cl224026,Sandvik / EIMCO,Underground LHD,ED10,Other,输入轴齿轮卡环,,输入轴齿轮卡环 | 止动环弹簧座圈 | 齿轮卡环,EXPLICIT,VERIFIED,HIGH,"ED10 parts manual page 86, item 22; ED10 parts manual page 99, item 10A; ED10 parts manual page 127, item 18",伊泰LS190-ED10配件手册.pdf,CL224026 — 输入轴齿轮卡环,CL224026 输入轴齿轮卡环 | ED10 Spare Part,Verified part number CL224026: 输入轴齿轮卡环 for ED10. Check equipment compatibility and submit an RFQ to qualified mining spare parts suppliers on KuangpeiYun.,/part-number/cl224026,Request Quote,/rfq/new?partNumber=CL224026,PUBLISHED_READY,2026-09-18
PN-001231,CL222067,cl222067,Sandvik / EIMCO,Underground LHD,ED10,Other,套管,,套管 | 管套 | 4挡速度压力管 | 压力管O形圈,EXPLICIT,VERIFIED,HIGH,"ED10 parts manual page 86, item 23; ED10 parts manual page 86, item 24; ED10 parts manual page 86, item 25; ED10 parts manual page 88, item 2; ED10 parts manual page 88, item 10; ED10 parts manual page 88, item 27; ED10 parts manual page 88, item 29",伊泰LS190-ED10配件手册.pdf,CL222067 — 套管,CL222067 套管 | ED10 Spare Part,Verified part number CL222067: 套管 for ED10. Check equipment compatibility and submit an RFQ to qualified mining spare parts suppliers on KuangpeiYun.,/part-number/cl222067,Request Quote,/rfq/new?partNumber=CL222067,PUBLISHED_READY,2026-09-18
PN-001113,CL16 F-06,cl16-f-06,Sandvik / EIMCO,Underground LHD,ED10,Other,管塞,,管塞,EXPLICIT,VERIFIED,HIGH,"ED10 parts manual page 86, item 26",伊泰LS190-ED10配件手册.pdf,CL16 F-06 — 管塞,CL16 F-06 管塞 | ED10 Spare Part,Verified part number CL16 F-06: 管塞 for ED10. Check equipment compatibility and submit an RFQ to qualified mining spare parts suppliers on KuangpeiYun.,/part-number/cl16-f-06,Request Quote,/rfq/new?partNumber=CL16 F-06,PUBLISHED_READY,2026-09-18
PN-001082,CL1 C-744,cl1-c-744,Sandvik / EIMCO,Underground LHD,ED10,Fastener,罩，固定螺钉,,罩，固定螺钉,EXPLICIT,VERIFIED,HIGH,"ED10 parts manual page 86, item 27",伊泰LS190-ED10配件手册.pdf,CL1 C-744 — 罩，固定螺钉,CL1 C-744 罩，固定螺钉 | ED10 Spare Part,Verified part number CL1 C-744: 罩，固定螺钉 for ED10. Check equipment compatibility and submit an RFQ to qualified mining spare parts suppliers on KuangpeiYun.,/part-number/cl1-c-744,Request Quote,/rfq/new?partNumber=CL1 C-744,PUBLISHED_READY,2026-09-18
PN-001454,CL4E-07,cl4e-07,Sandvik / EIMCO,Underground LHD,ED10,Fastener,罩，固定螺钉防松垫圈,,罩，固定螺钉防松垫圈 | 后盖至变速箱－销钉防松垫圈 | 后盖至变速箱－双头螺栓防松垫圈 | 后盖至变速箱罩－销钉防松垫圈 | 后盖至变速箱罩－双头螺栓防松垫圈,EXPLICIT,VERIFIED,HIGH,"ED10 parts manual page 86, item 28; ED10 parts manual page 86, item 32; ED10 parts manual page 86, item 34; ED10 parts manual page 88, item 8; ED10 parts manual page 88, item 12; ED10 parts manual page 91, item 4; ED10 parts manual page 91, item 7; ED10 parts manual page 127, item 9; ED10 parts manual page 127, item 16",伊泰LS190-ED10配件手册.pdf,CL4E-07 — 罩，固定螺钉防松垫圈,CL4E-07 罩，固定螺钉防松垫圈 | ED10 Spare Part,Verified part number CL4E-07: 罩，固定螺钉防松垫圈 for ED10. Check equipment compatibility and submit an RFQ to qualified mining spare parts suppliers on KuangpeiYun,/part-number/cl4e-07,Request Quote,/rfq/new?partNumber=CL4E-07,PUBLISHED_READY,2026-09-18
PN-001228,CL219370,cl219370,Sandvik / EIMCO,Underground LHD,ED10,Structure,前盖衬套,,前盖衬套,EXPLICIT,VERIFIED,HIGH,"ED10 parts manual page 86, item 29",伊泰LS190-ED10配件手册.pdf,CL219370 — 前盖衬套,CL219370 前盖衬套 | ED10 Spare Part,Verified part number CL219370: 前盖衬套 for ED10. Check equipment compatibility and submit an RFQ to qualified mining spare parts suppliers on KuangpeiYun.,/part-number/cl219370,Request Quote,/rfq/new?partNumber=CL219370,PUBLISHED_READY,2026-09-18
PN-001477,CL76 K-225,cl76-k-225,Sandvik / EIMCO,Underground LHD,ED10,Fastener,前盖衬套垫圈,,前盖衬套垫圈,EXPLICIT,VERIFIED,HIGH,"ED10 parts manual page 86, item 30",伊泰LS190-ED10配件手册.pdf,CL76 K-225 — 前盖衬套垫圈,CL76 K-225 前盖衬套垫圈 | ED10 Spare Part,Verified part number CL76 K-225: 前盖衬套垫圈 for ED10. Check equipment compatibility and submit an RFQ to qualified mining spare parts suppliers on KuangpeiYun.,/part-number/cl76-k-225,Request Quote,/rfq/new?partNumber=CL76 K-225,PUBLISHED_READY,2026-09-18
PN-001081,CL1 C-728,cl1-c-728,Sandvik / EIMCO,Underground LHD,ED10,Fastener,罩，固定螺钉,,罩，固定螺钉,EXPLICIT,VERIFIED,HIGH,"ED10 parts manual page 86, item 31",伊泰LS190-ED10配件手册.pdf,CL1 C-728 — 罩，固定螺钉,CL1 C-728 罩，固定螺钉 | ED10 Spare Part,Verified part number CL1 C-728: 罩，固定螺钉 for ED10. Check equipment compatibility and submit an RFQ to qualified mining spare parts suppliers on KuangpeiYun.,/part-number/cl1-c-728,Request Quote,/rfq/new?partNumber=CL1 C-728,PUBLISHED_READY,2026-09-18
PN-001476,CL7 C-720,cl7-c-720,Sandvik / EIMCO,Underground LHD,ED10,Fastener,罩，固定螺钉,,罩，固定螺钉,EXPLICIT,VERIFIED,HIGH,"ED10 parts manual page 86, item 33",伊泰LS190-ED10配件手册.pdf,CL7 C-720 — 罩，固定螺钉,CL7 C-720 罩，固定螺钉 | ED10 Spare Part,Verified part number CL7 C-720: 罩，固定螺钉 for ED10. Check equipment compatibility and submit an RFQ to qualified mining spare parts suppliers on KuangpeiYun.,/part-number/cl7-c-720,Request Quote,/rfq/new?partNumber=CL7 C-720,PUBLISHED_READY,2026-09-18
PN-001277,CL231606,cl231606,Sandvik / EIMCO,Underground LHD,ED10,Fastener,前罩垫圈,,前罩垫圈,EXPLICIT,VERIFIED,HIGH,"ED10 parts manual page 86, item 35",伊泰LS190-ED10配件手册.pdf,CL231606 — 前罩垫圈,CL231606 前罩垫圈 | ED10 Spare Part,Verified part number CL231606: 前罩垫圈 for ED10. Check equipment compatibility and submit an RFQ to qualified mining spare parts suppliers on KuangpeiYun.,/part-number/cl231606,Request Quote,/rfq/new?partNumber=CL231606,PUBLISHED_READY,2026-09-18
PN-001209,CL214295,cl214295,Sandvik / EIMCO,Underground LHD,ED10,Structure,前罩定位销,,前罩定位销,EXPLICIT,VERIFIED,HIGH,"ED10 parts manual page 86, item 36",伊泰LS190-ED10配件手册.pdf,CL214295 — 前罩定位销,CL214295 前罩定位销 | ED10 Spare Part,Verified part number CL214295: 前罩定位销 for ED10. Check equipment compatibility and submit an RFQ to qualified mining spare parts suppliers on KuangpeiYun.,/part-number/cl214295,Request Quote,/rfq/new?partNumber=CL214295,PUBLISHED_READY,2026-09-18
PN-001481,CL76K-211,cl76k-211,Sandvik / EIMCO,Underground LHD,ED10,Other,离合器压力管O形圈,,离合器压力管O形圈,EXPLICIT,VERIFIED,HIGH,"ED10 parts manual page 88, item 1; ED10 parts manual page 88, item 9",伊泰LS190-ED10配件手册.pdf,CL76K-211 — 离合器压力管O形圈,CL76K-211 离合器压力管O形圈 | ED10 Spare Part,Verified part number CL76K-211: 离合器压力管O形圈 for ED10. Check equipment compatibility and submit an RFQ to qualified mining spare parts suppliers on KuangpeiYu,/part-number/cl76k-211,Request Quote,/rfq/new?partNumber=CL76K-211,PUBLISHED_READY,2026-09-18
PN-001263,CL230900,cl230900,Sandvik / EIMCO,Underground LHD,ED10,Other,低速挡离合器压力管,,低速挡离合器压力管,EXPLICIT,VERIFIED,HIGH,"ED10 parts manual page 88, item 3",伊泰LS190-ED10配件手册.pdf,CL230900 — 低速挡离合器压力管,CL230900 低速挡离合器压力管 | ED10 Spare Part,Verified part number CL230900: 低速挡离合器压力管 for ED10. Check equipment compatibility and submit an RFQ to qualified mining spare parts suppliers on KuangpeiYun,/part-number/cl230900,Request Quote,/rfq/new?partNumber=CL230900,PUBLISHED_READY,2026-09-18
PN-001208,CL214118,cl214118,Sandvik / EIMCO,Underground LHD,ED10,Structure,后盖定位销,,后盖定位销,EXPLICIT,VERIFIED,HIGH,"ED10 parts manual page 88, item 4",伊泰LS190-ED10配件手册.pdf,CL214118 — 后盖定位销,CL214118 后盖定位销 | ED10 Spare Part,Verified part number CL214118: 后盖定位销 for ED10. Check equipment compatibility and submit an RFQ to qualified mining spare parts suppliers on KuangpeiYun.,/part-number/cl214118,Request Quote,/rfq/new?partNumber=CL214118,PUBLISHED_READY,2026-09-18
PN-001351,CL242408,cl242408,Sandvik / EIMCO,Underground LHD,ED10,Transmission/Driveline,后盖至变速箱－衬垫,,后盖至变速箱－衬垫 | 后盖衬垫,EXPLICIT,VERIFIED,HIGH,"ED10 parts manual page 88, item 5; ED10 parts manual page 91, item 1",伊泰LS190-ED10配件手册.pdf,CL242408 — 后盖至变速箱－衬垫,CL242408 后盖至变速箱－衬垫 | ED10 Spare Part,Verified part number CL242408: 后盖至变速箱－衬垫 for ED10. Check equipment compatibility and submit an RFQ to qualified mining spare parts suppliers on KuangpeiYun,/part-number/cl242408,Request Quote,/rfq/new?partNumber=CL242408,PUBLISHED_READY,2026-09-18
PN-001430,CL251473,cl251473,Sandvik / EIMCO,Underground LHD,ED10,Other,后盖,,后盖,EXPLICIT,VERIFIED,HIGH,"ED10 parts manual page 88, item 6",伊泰LS190-ED10配件手册.pdf,CL251473 — 后盖,CL251473 后盖 | ED10 Spare Part,Verified part number CL251473: 后盖 for ED10. Check equipment compatibility and submit an RFQ to qualified mining spare parts suppliers on KuangpeiYun.,/part-number/cl251473,Request Quote,/rfq/new?partNumber=CL251473,PUBLISHED_READY,2026-09-18
PN-001118,CL17C-720,cl17c-720,Sandvik / EIMCO,Underground LHD,ED10,Transmission/Driveline,后盖至变速箱－销钉,,后盖至变速箱－销钉,EXPLICIT,VERIFIED,HIGH,"ED10 parts manual page 88, item 7",伊泰LS190-ED10配件手册.pdf,CL17C-720 — 后盖至变速箱－销钉,CL17C-720 后盖至变速箱－销钉 | ED10 Spare Part,Verified part number CL17C-720: 后盖至变速箱－销钉 for ED10. Check equipment compatibility and submit an RFQ to qualified mining spare parts suppliers on KuangpeiYu,/part-number/cl17c-720,Request Quote,/rfq/new?partNumber=CL17C-720,PUBLISHED_READY,2026-09-18
PN-001137,CL200991,cl200991,Sandvik / EIMCO,Underground LHD,ED10,Transmission/Driveline,后盖至变速箱－双头螺栓,,后盖至变速箱－双头螺栓 | 后盖至变速箱罩－双头螺栓,EXPLICIT,VERIFIED,HIGH,"ED10 parts manual page 88, item 11; ED10 parts manual page 91, item 8",伊泰LS190-ED10配件手册.pdf,CL200991 — 后盖至变速箱－双头螺栓,CL200991 后盖至变速箱－双头螺栓 | ED10 Spare Part,Verified part number CL200991: 后盖至变速箱－双头螺栓 for ED10. Check equipment compatibility and submit an RFQ to qualified mining spare parts suppliers on KuangpeiY,/part-number/cl200991,Request Quote,/rfq/new?partNumber=CL200991,PUBLISHED_READY,2026-09-18
PN-001471,CL64D-07,cl64d-07,Sandvik / EIMCO,Underground LHD,ED10,Transmission/Driveline,后盖至变速箱－双头螺栓防松垫圈,,后盖至变速箱－双头螺栓防松垫圈,EXPLICIT,VERIFIED,HIGH,"ED10 parts manual page 88, item 13",伊泰LS190-ED10配件手册.pdf,CL64D-07 — 后盖至变速箱－双头螺栓防松垫圈,CL64D-07 后盖至变速箱－双头螺栓防松垫圈 | ED10 Spare Part,Verified part number CL64D-07: 后盖至变速箱－双头螺栓防松垫圈 for ED10. Check equipment compatibility and submit an RFQ to qualified mining spare parts suppliers on Kuang,/part-number/cl64d-07,Request Quote,/rfq/new?partNumber=CL64D-07,PUBLISHED_READY,2026-09-18
PN-001327,CL239244,cl239244,Sandvik / EIMCO,Underground LHD,ED10,Other,后盖管套,,后盖管套 | 后盖衬套 | 后轴承盖塞子,EXPLICIT,VERIFIED,HIGH,"ED10 parts manual page 88, item 14; ED10 parts manual page 91, item 5; ED10 parts manual page 99, item 34",伊泰LS190-ED10配件手册.pdf,CL239244 — 后盖管套,CL239244 后盖管套 | ED10 Spare Part,Verified part number CL239244: 后盖管套 for ED10. Check equipment compatibility and submit an RFQ to qualified mining spare parts suppliers on KuangpeiYun.,/part-number/cl239244,Request Quote,/rfq/new?partNumber=CL239244,PUBLISHED_READY,2026-09-18
PN-001224,CL215757,cl215757,Sandvik / EIMCO,Underground LHD,ED10,Other,磁性放泄塞,,磁性放泄塞,EXPLICIT,VERIFIED,HIGH,"ED10 parts manual page 88, item 15",伊泰LS190-ED10配件手册.pdf,CL215757 — 磁性放泄塞,CL215757 磁性放泄塞 | ED10 Spare Part,Verified part number CL215757: 磁性放泄塞 for ED10. Check equipment compatibility and submit an RFQ to qualified mining spare parts suppliers on KuangpeiYun.,/part-number/cl215757,Request Quote,/rfq/new?partNumber=CL215757,PUBLISHED_READY,2026-09-18
PN-001449,CL40K-04,cl40k-04,Sandvik / EIMCO,Underground LHD,ED10,Other,油位塞,,油位塞,EXPLICIT,VERIFIED,HIGH,"ED10 parts manual page 88, item 16; ED10 parts manual page 88, item 17",伊泰LS190-ED10配件手册.pdf,CL40K-04 — 油位塞,CL40K-04 油位塞 | ED10 Spare Part,Verified part number CL40K-04: 油位塞 for ED10. Check equipment compatibility and submit an RFQ to qualified mining spare parts suppliers on KuangpeiYun.,/part-number/cl40k-04,Request Quote,/rfq/new?partNumber=CL40K-04,PUBLISHED_READY,2026-09-18
PN-001412,CL251380,cl251380,Sandvik / EIMCO,Underground LHD,ED10,Other,塞子内径（未显示）,,塞子内径（未显示）,EXPLICIT,VERIFIED,HIGH,"ED10 parts manual page 88, item 16A",伊泰LS190-ED10配件手册.pdf,CL251380 — 塞子内径（未显示）,CL251380 塞子内径（未显示） | ED10 Spare Part,Verified part number CL251380: 塞子内径（未显示） for ED10. Check equipment compatibility and submit an RFQ to qualified mining spare parts suppliers on KuangpeiYun,/part-number/cl251380,Request Quote,/rfq/new?partNumber=CL251380,PUBLISHED_READY,2026-09-18
PN-001275,CL231390,cl231390,Sandvik / EIMCO,Underground LHD,ED10,Structure,滤网安装,,滤网安装,EXPLICIT,VERIFIED,HIGH,"ED10 parts manual page 88, item 18",伊泰LS190-ED10配件手册.pdf,CL231390 — 滤网安装,CL231390 滤网安装 | ED10 Spare Part,Verified part number CL231390: 滤网安装 for ED10. Check equipment compatibility and submit an RFQ to qualified mining spare parts suppliers on KuangpeiYun.,/part-number/cl231390,Request Quote,/rfq/new?partNumber=CL231390,PUBLISHED_READY,2026-09-18
PN-001229,CL219373,cl219373,Sandvik / EIMCO,Underground LHD,ED10,Seal/Gasket,滤网装配衬垫,,滤网装配衬垫,EXPLICIT,VERIFIED,HIGH,"ED10 parts manual page 88, item 19",伊泰LS190-ED10配件手册.pdf,CL219373 — 滤网装配衬垫,CL219373 滤网装配衬垫 | ED10 Spare Part,Verified part number CL219373: 滤网装配衬垫 for ED10. Check equipment compatibility and submit an RFQ to qualified mining spare parts suppliers on KuangpeiYun.,/part-number/cl219373,Request Quote,/rfq/new?partNumber=CL219373,PUBLISHED_READY,2026-09-18
PN-001424,CL251437,cl251437,Sandvik / EIMCO,Underground LHD,ED10,Transmission/Driveline,"变速箱盖和管线装配 - 包括零件2, 3, 10, 22 至 27, 29至 38,",,"变速箱盖和管线装配 - 包括零件2, 3, 10, 22 至 27, 29至 38,",EXPLICIT,VERIFIED,HIGH,"ED10 parts manual page 88, item 20",伊泰LS190-ED10配件手册.pdf,"CL251437 — 变速箱盖和管线装配 - 包括零件2, 3, 10, 22 至 27, 29至 38,","CL251437 变速箱盖和管线装配 - 包括零件2, 3, 10, 22 至 27, 29至 38, | ED10 S","Verified part number CL251437: 变速箱盖和管线装配 - 包括零件2, 3, 10, 22 至 27, 29至 38, for ED10. Check equipment compatibility and submit an RFQ to qualified mining spa",/part-number/cl251437,Request Quote,/rfq/new?partNumber=CL251437,PUBLISHED_READY,2026-09-18
PN-000102,20A,20a,Sandvik / EIMCO,Underground LHD,ED10,Transmission/Driveline,变速箱盖衬套（未显示）,,变速箱盖衬套（未显示）,EXPLICIT,VERIFIED,HIGH,"ED10 parts manual page 88, item 20a",伊泰LS190-ED10配件手册.pdf,20A — 变速箱盖衬套（未显示）,20A 变速箱盖衬套（未显示） | ED10 Spare Part,Verified part number 20A: 变速箱盖衬套（未显示） for ED10. Check equipment compatibility and submit an RFQ to qualified mining spare parts suppliers on KuangpeiYun.,/part-number/20a,Request Quote,/rfq/new?partNumber=20A,PUBLISHED_READY,2026-09-18
PN-001475,CL6H-36,cl6h-36,Sandvik / EIMCO,Underground LHD,ED10,Other,不适应于本机器,,不适应于本机器,EXPLICIT,VERIFIED,HIGH,"ED10 parts manual page 88, item 23",伊泰LS190-ED10配件手册.pdf,CL6H-36 — 不适应于本机器,CL6H-36 不适应于本机器 | ED10 Spare Part,Verified part number CL6H-36: 不适应于本机器 for ED10. Check equipment compatibility and submit an RFQ to qualified mining spare parts suppliers on KuangpeiYun.,/part-number/cl6h-36,Request Quote,/rfq/new?partNumber=CL6H-36,PUBLISHED_READY,2026-09-18
PN-001304,CL234836,cl234836,Sandvik / EIMCO,Underground LHD,ED10,Other,吸管夹,,吸管夹,EXPLICIT,VERIFIED,HIGH,"ED10 parts manual page 88, item 24",伊泰LS190-ED10配件手册.pdf,CL234836 — 吸管夹,CL234836 吸管夹 | ED10 Spare Part,Verified part number CL234836: 吸管夹 for ED10. Check equipment compatibility and submit an RFQ to qualified mining spare parts suppliers on KuangpeiYun.,/part-number/cl234836,Request Quote,/rfq/new?partNumber=CL234836,PUBLISHED_READY,2026-09-18
PN-001480,CL76K-12,cl76k-12,Sandvik / EIMCO,Underground LHD,ED10,Other,吸管装配,,吸管装配 | 管套,EXPLICIT,VERIFIED,HIGH,"ED10 parts manual page 88, item 25; ED10 parts manual page 88, item 28",伊泰LS190-ED10配件手册.pdf,CL76K-12 — 吸管装配,CL76K-12 吸管装配 | ED10 Spare Part,Verified part number CL76K-12: 吸管装配 for ED10. Check equipment compatibility and submit an RFQ to qualified mining spare parts suppliers on KuangpeiYun.,/part-number/cl76k-12,Request Quote,/rfq/new?partNumber=CL76K-12,PUBLISHED_READY,2026-09-18
PN-001278,CL231619,cl231619,Sandvik / EIMCO,Underground LHD,ED10,Other,压力管O形圈,,压力管O形圈,EXPLICIT,VERIFIED,HIGH,"ED10 parts manual page 88, item 26",伊泰LS190-ED10配件手册.pdf,CL231619 — 压力管O形圈,CL231619 压力管O形圈 | ED10 Spare Part,Verified part number CL231619: 压力管O形圈 for ED10. Check equipment compatibility and submit an RFQ to qualified mining spare parts suppliers on KuangpeiYun.,/part-number/cl231619,Request Quote,/rfq/new?partNumber=CL231619,PUBLISHED_READY,2026-09-18
PN-001279,CL231620,cl231620,Sandvik / EIMCO,Underground LHD,ED10,Other,管套,,管套,EXPLICIT,VERIFIED,HIGH,"ED10 parts manual page 88, item 30",伊泰LS190-ED10配件手册.pdf,CL231620 — 管套,CL231620 管套 | ED10 Spare Part,Verified part number CL231620: 管套 for ED10. Check equipment compatibility and submit an RFQ to qualified mining spare parts suppliers on KuangpeiYun.,/part-number/cl231620,Request Quote,/rfq/new?partNumber=CL231620,PUBLISHED_READY,2026-09-18
PN-001307,CL235314,cl235314,Sandvik / EIMCO,Underground LHD,ED10,Other,分油器挡圈,,分油器挡圈,EXPLICIT,VERIFIED,HIGH,"ED10 parts manual page 88, item 32",伊泰LS190-ED10配件手册.pdf,CL235314 — 分油器挡圈,CL235314 分油器挡圈 | ED10 Spare Part,Verified part number CL235314: 分油器挡圈 for ED10. Check equipment compatibility and submit an RFQ to qualified mining spare parts suppliers on KuangpeiYun.,/part-number/cl235314,Request Quote,/rfq/new?partNumber=CL235314,PUBLISHED_READY,2026-09-18
PN-001093,CL10J-08,cl10j-08,Sandvik / EIMCO,Underground LHD,ED10,Other,4挡离合器前分油器及活塞装配,,4挡离合器前分油器及活塞装配,EXPLICIT,VERIFIED,HIGH,"ED10 parts manual page 88, item 33",伊泰LS190-ED10配件手册.pdf,CL10J-08 — 4挡离合器前分油器及活塞装配,CL10J-08 4挡离合器前分油器及活塞装配 | ED10 Spare Part,Verified part number CL10J-08: 4挡离合器前分油器及活塞装配 for ED10. Check equipment compatibility and submit an RFQ to qualified mining spare parts suppliers on Kuangp,/part-number/cl10j-08,Request Quote,/rfq/new?partNumber=CL10J-08,PUBLISHED_READY,2026-09-18
PN-001452,CL4C-516,cl4c-516,Sandvik / EIMCO,Underground LHD,ED10,Other,分油器挡圈,,分油器挡圈,EXPLICIT,VERIFIED,HIGH,"ED10 parts manual page 88, item 35",伊泰LS190-ED10配件手册.pdf,CL4C-516 — 分油器挡圈,CL4C-516 分油器挡圈 | ED10 Spare Part,Verified part number CL4C-516: 分油器挡圈 for ED10. Check equipment compatibility and submit an RFQ to qualified mining spare parts suppliers on KuangpeiYun.,/part-number/cl4c-516,Request Quote,/rfq/new?partNumber=CL4C-516,PUBLISHED_READY,2026-09-18
PN-001267,CL230921,cl230921,Sandvik / EIMCO,Underground LHD,ED10,Fastener,吸管垫圈,,吸管垫圈,EXPLICIT,VERIFIED,HIGH,"ED10 parts manual page 88, item 36",伊泰LS190-ED10配件手册.pdf,CL230921 — 吸管垫圈,CL230921 吸管垫圈 | ED10 Spare Part,Verified part number CL230921: 吸管垫圈 for ED10. Check equipment compatibility and submit an RFQ to qualified mining spare parts suppliers on KuangpeiYun.,/part-number/cl230921,Request Quote,/rfq/new?partNumber=CL230921,PUBLISHED_READY,2026-09-18
PN-001482,CL76K-216,cl76k-216,Sandvik / EIMCO,Underground LHD,ED10,Other,吸管O形圈,,吸管O形圈,EXPLICIT,VERIFIED,HIGH,"ED10 parts manual page 88, item 37",伊泰LS190-ED10配件手册.pdf,CL76K-216 — 吸管O形圈,CL76K-216 吸管O形圈 | ED10 Spare Part,Verified part number CL76K-216: 吸管O形圈 for ED10. Check equipment compatibility and submit an RFQ to qualified mining spare parts suppliers on KuangpeiYun.,/part-number/cl76k-216,Request Quote,/rfq/new?partNumber=CL76K-216,PUBLISHED_READY,2026-09-18
PN-001397,CL249894,cl249894,Sandvik / EIMCO,Underground LHD,ED10,Other,吸管夹铆钉,,吸管夹铆钉 | 铆钉,EXPLICIT,VERIFIED,HIGH,"ED10 parts manual page 88, item 38; ED10 parts manual page 88, item 60; ED10 parts manual page 89, item 63",伊泰LS190-ED10配件手册.pdf,CL249894 — 吸管夹铆钉,CL249894 吸管夹铆钉 | ED10 Spare Part,Verified part number CL249894: 吸管夹铆钉 for ED10. Check equipment compatibility and submit an RFQ to qualified mining spare parts suppliers on KuangpeiYun.,/part-number/cl249894,Request Quote,/rfq/new?partNumber=CL249894,PUBLISHED_READY,2026-09-18
PN-001380,CL247884,cl247884,Sandvik / EIMCO,Underground LHD,ED10,Other,挡油板,,挡油板,EXPLICIT,VERIFIED,HIGH,"ED10 parts manual page 88, item 61",伊泰LS190-ED10配件手册.pdf,CL247884 — 挡油板,CL247884 挡油板 | ED10 Spare Part,Verified part number CL247884: 挡油板 for ED10. Check equipment compatibility and submit an RFQ to qualified mining spare parts suppliers on KuangpeiYun.,/part-number/cl247884,Request Quote,/rfq/new?partNumber=CL247884,PUBLISHED_READY,2026-09-18
PN-001381,CL247885,cl247885,Sandvik / EIMCO,Underground LHD,ED10,Other,挡油板,,挡油板,EXPLICIT,VERIFIED,HIGH,"ED10 parts manual page 88, item 62",伊泰LS190-ED10配件手册.pdf,CL247885 — 挡油板,CL247885 挡油板 | ED10 Spare Part,Verified part number CL247885: 挡油板 for ED10. Check equipment compatibility and submit an RFQ to qualified mining spare parts suppliers on KuangpeiYun.,/part-number/cl247885,Request Quote,/rfq/new?partNumber=CL247885,PUBLISHED_READY,2026-09-18
PN-001385,CL248166,cl248166,Sandvik / EIMCO,Underground LHD,ED10,Electrical,衬套速度传感器（未显示）,,衬套速度传感器（未显示）,EXPLICIT,VERIFIED,HIGH,"ED10 parts manual page 89, item 64",伊泰LS190-ED10配件手册.pdf,CL248166 — 衬套速度传感器（未显示）,CL248166 衬套速度传感器（未显示） | ED10 Spare Part,Verified part number CL248166: 衬套速度传感器（未显示） for ED10. Check equipment compatibility and submit an RFQ to qualified mining spare parts suppliers on Kuangpei,/part-number/cl248166,Request Quote,/rfq/new?partNumber=CL248166,PUBLISHED_READY,2026-09-18
PN-001135,CL1KM-18,cl1km-18,Sandvik / EIMCO,Underground LHD,ED10,Electrical,塞子传感器,,塞子传感器,EXPLICIT,VERIFIED,HIGH,"ED10 parts manual page 89, item 66",伊泰LS190-ED10配件手册.pdf,CL1KM-18 — 塞子传感器,CL1KM-18 塞子传感器 | ED10 Spare Part,Verified part number CL1KM-18: 塞子传感器 for ED10. Check equipment compatibility and submit an RFQ to qualified mining spare parts suppliers on KuangpeiYun.,/part-number/cl1km-18,Request Quote,/rfq/new?partNumber=CL1KM-18,PUBLISHED_READY,2026-09-18
PN-001479,CL76K-114,cl76k-114,Sandvik / EIMCO,Underground LHD,ED10,Other,O形圈塞（未显示）,,O形圈塞（未显示）,EXPLICIT,VERIFIED,HIGH,"ED10 parts manual page 89, item 67",伊泰LS190-ED10配件手册.pdf,CL76K-114 — O形圈塞（未显示）,CL76K-114 O形圈塞（未显示） | ED10 Spare Part,Verified part number CL76K-114: O形圈塞（未显示） for ED10. Check equipment compatibility and submit an RFQ to qualified mining spare parts suppliers on KuangpeiYu,/part-number/cl76k-114,Request Quote,/rfq/new?partNumber=CL76K-114,PUBLISHED_READY,2026-09-18
PN-001414,CL251425,cl251425,Sandvik / EIMCO,Underground LHD,ED10,Other,后盖,,后盖,EXPLICIT,VERIFIED,HIGH,"ED10 parts manual page 91, item 2",伊泰LS190-ED10配件手册.pdf,CL251425 — 后盖,CL251425 后盖 | ED10 Spare Part,Verified part number CL251425: 后盖 for ED10. Check equipment compatibility and submit an RFQ to qualified mining spare parts suppliers on KuangpeiYun.,/part-number/cl251425,Request Quote,/rfq/new?partNumber=CL251425,PUBLISHED_READY,2026-09-18
PN-001117,CL17 C-720,cl17-c-720,Sandvik / EIMCO,Underground LHD,ED10,Transmission/Driveline,后盖至变速箱罩－销钉,,后盖至变速箱罩－销钉,EXPLICIT,VERIFIED,HIGH,"ED10 parts manual page 91, item 3",伊泰LS190-ED10配件手册.pdf,CL17 C-720 — 后盖至变速箱罩－销钉,CL17 C-720 后盖至变速箱罩－销钉 | ED10 Spare Part,Verified part number CL17 C-720: 后盖至变速箱罩－销钉 for ED10. Check equipment compatibility and submit an RFQ to qualified mining spare parts suppliers on Kuangpei,/part-number/cl17-c-720,Request Quote,/rfq/new?partNumber=CL17 C-720,PUBLISHED_READY,2026-09-18
PN-001470,CL64 D-07,cl64-d-07,Sandvik / EIMCO,Underground LHD,ED10,Transmission/Driveline,后盖至变速箱罩－双头螺栓螺母,,后盖至变速箱罩－双头螺栓螺母,EXPLICIT,VERIFIED,HIGH,"ED10 parts manual page 91, item 6",伊泰LS190-ED10配件手册.pdf,CL64 D-07 — 后盖至变速箱罩－双头螺栓螺母,CL64 D-07 后盖至变速箱罩－双头螺栓螺母 | ED10 Spare Part,Verified part number CL64 D-07: 后盖至变速箱罩－双头螺栓螺母 for ED10. Check equipment compatibility and submit an RFQ to qualified mining spare parts suppliers on Kuang,/part-number/cl64-d-07,Request Quote,/rfq/new?partNumber=CL64 D-07,PUBLISHED_READY,2026-09-18
PN-001396,CL249779,cl249779,Sandvik / EIMCO,Underground LHD,ED10,Other,倒挡和3挡离合器轴及活塞环,,倒挡和3挡离合器轴及活塞环 | 前进和第2档齿轮轴活塞环,EXPLICIT,VERIFIED,HIGH,"ED10 parts manual page 93, item 1; ED10 parts manual page 96, item 1",伊泰LS190-ED10配件手册.pdf,CL249779 — 倒挡和3挡离合器轴及活塞环,CL249779 倒挡和3挡离合器轴及活塞环 | ED10 Spare Part,Verified part number CL249779: 倒挡和3挡离合器轴及活塞环 for ED10. Check equipment compatibility and submit an RFQ to qualified mining spare parts suppliers on Kuangpe,/part-number/cl249779,Request Quote,/rfq/new?partNumber=CL249779,PUBLISHED_READY,2026-09-18
PN-001382,CL247949,cl247949,Sandvik / EIMCO,Underground LHD,ED10,Other,前轴承卡环,,前轴承卡环 | 前轴承限位环,EXPLICIT,VERIFIED,HIGH,"ED10 parts manual page 93, item 2; ED10 parts manual page 93, item 6; ED10 parts manual page 96, item 2; ED10 parts manual page 96, item 7",伊泰LS190-ED10配件手册.pdf,CL247949 — 前轴承卡环,CL247949 前轴承卡环 | ED10 Spare Part,Verified part number CL247949: 前轴承卡环 for ED10. Check equipment compatibility and submit an RFQ to qualified mining spare parts suppliers on KuangpeiYun.,/part-number/cl247949,Request Quote,/rfq/new?partNumber=CL247949,PUBLISHED_READY,2026-09-18
PN-001336,CL239947,cl239947,Sandvik / EIMCO,Underground LHD,ED10,Other,倒挡及3挡轴前轴承端板,,倒挡及3挡轴前轴承端板 | 前进和第2档齿轮轴前轴承端板,EXPLICIT,VERIFIED,HIGH,"ED10 parts manual page 93, item 3; ED10 parts manual page 96, item 3",伊泰LS190-ED10配件手册.pdf,CL239947 — 倒挡及3挡轴前轴承端板,CL239947 倒挡及3挡轴前轴承端板 | ED10 Spare Part,Verified part number CL239947: 倒挡及3挡轴前轴承端板 for ED10. Check equipment compatibility and submit an RFQ to qualified mining spare parts suppliers on KuangpeiY,/part-number/cl239947,Request Quote,/rfq/new?partNumber=CL239947,PUBLISHED_READY,2026-09-18
PN-001096,CL10J-4,cl10j-4,Sandvik / EIMCO,Underground LHD,ED10,Other,倒挡及3挡轴轴承端板球,,倒挡及3挡轴轴承端板球,EXPLICIT,VERIFIED,HIGH,"ED10 parts manual page 93, item 4",伊泰LS190-ED10配件手册.pdf,CL10J-4 — 倒挡及3挡轴轴承端板球,CL10J-4 倒挡及3挡轴轴承端板球 | ED10 Spare Part,Verified part number CL10J-4: 倒挡及3挡轴轴承端板球 for ED10. Check equipment compatibility and submit an RFQ to qualified mining spare parts suppliers on KuangpeiYu,/part-number/cl10j-4,Request Quote,/rfq/new?partNumber=CL10J-4,PUBLISHED_READY,2026-09-18
PN-001335,CL239946,cl239946,Sandvik / EIMCO,Underground LHD,ED10,Other,倒挡及3挡轴轴承前轴承,,倒挡及3挡轴轴承前轴承 | 前进和第2档轴前轴承,EXPLICIT,VERIFIED,HIGH,"ED10 parts manual page 93, item 5; ED10 parts manual page 96, item 5",伊泰LS190-ED10配件手册.pdf,CL239946 — 倒挡及3挡轴轴承前轴承,CL239946 倒挡及3挡轴轴承前轴承 | ED10 Spare Part,Verified part number CL239946: 倒挡及3挡轴轴承前轴承 for ED10. Check equipment compatibility and submit an RFQ to qualified mining spare parts suppliers on KuangpeiY,/part-number/cl239946,Request Quote,/rfq/new?partNumber=CL239946,PUBLISHED_READY,2026-09-18
PN-001299,CL233389,cl233389,Sandvik / EIMCO,Underground LHD,ED10,Other,离合器驱动齿轮轴承－防护嵌入,,离合器驱动齿轮轴承－防护嵌入,EXPLICIT,VERIFIED,HIGH,"ED10 parts manual page 93, item 7",伊泰LS190-ED10配件手册.pdf,CL233389 — 离合器驱动齿轮轴承－防护嵌入,CL233389 离合器驱动齿轮轴承－防护嵌入 | ED10 Spare Part,Verified part number CL233389: 离合器驱动齿轮轴承－防护嵌入 for ED10. Check equipment compatibility and submit an RFQ to qualified mining spare parts suppliers on Kuangp,/part-number/cl233389,Request Quote,/rfq/new?partNumber=CL233389,PUBLISHED_READY,2026-09-18
PN-001238,CL223877,cl223877,Sandvik / EIMCO,Underground LHD,ED10,Other,离合器驱动齿轮轴承卡环,,离合器驱动齿轮轴承卡环 | 离合器驱动齿轮轴承 | 离合器驱动齿轮轴承-卡环,EXPLICIT,VERIFIED,HIGH,"ED10 parts manual page 93, item 8; ED10 parts manual page 93, item 31; ED10 parts manual page 96, item 9; ED10 parts manual page 96, item 11",伊泰LS190-ED10配件手册.pdf,CL223877 — 离合器驱动齿轮轴承卡环,CL223877 离合器驱动齿轮轴承卡环 | ED10 Spare Part,Verified part number CL223877: 离合器驱动齿轮轴承卡环 for ED10. Check equipment compatibility and submit an RFQ to qualified mining spare parts suppliers on KuangpeiY,/part-number/cl223877,Request Quote,/rfq/new?partNumber=CL223877,PUBLISHED_READY,2026-09-18
PN-001365,CL243997,cl243997,Sandvik / EIMCO,Underground LHD,ED10,Other,离合器从动盘毂挡油环,,离合器从动盘毂挡油环 | 离合器从动盘毂挡油板 | 挡油板,EXPLICIT,VERIFIED,HIGH,"ED10 parts manual page 93, item 9; ED10 parts manual page 93, item 40; ED10 parts manual page 96, item 10; ED10 parts manual page 96, item 19; ED10 parts manual page 99, item 12; ED10 parts manual page 101, item 24",伊泰LS190-ED10配件手册.pdf,CL243997 — 离合器从动盘毂挡油环,CL243997 离合器从动盘毂挡油环 | ED10 Spare Part,Verified part number CL243997: 离合器从动盘毂挡油环 for ED10. Check equipment compatibility and submit an RFQ to qualified mining spare parts suppliers on KuangpeiYu,/part-number/cl243997,Request Quote,/rfq/new?partNumber=CL243997,PUBLISHED_READY,2026-09-18
PN-001222,CL215190,cl215190,Sandvik / EIMCO,Underground LHD,ED10,Other,端板卡环,,端板卡环 | 端板-卡环 | 端板座圈塞,EXPLICIT,VERIFIED,HIGH,"ED10 parts manual page 93, item 10; ED10 parts manual page 93, item 24; ED10 parts manual page 96, item 28; ED10 parts manual page 96, item 42; ED10 parts manual page 99, item 7; ED10 parts manual page 101, item 23",伊泰LS190-ED10配件手册.pdf,CL215190 — 端板卡环,CL215190 端板卡环 | ED10 Spare Part,Verified part number CL215190: 端板卡环 for ED10. Check equipment compatibility and submit an RFQ to qualified mining spare parts suppliers on KuangpeiYun.,/part-number/cl215190,Request Quote,/rfq/new?partNumber=CL215190,PUBLISHED_READY,2026-09-18
PN-001370,CL245205,cl245205,Sandvik / EIMCO,Underground LHD,ED10,Other,端板－3挡离合器,,端板－3挡离合器 | 端板-第2档离合器,EXPLICIT,VERIFIED,HIGH,"ED10 parts manual page 93, item 11; ED10 parts manual page 96, item 29",伊泰LS190-ED10配件手册.pdf,CL245205 — 端板－3挡离合器,CL245205 端板－3挡离合器 | ED10 Spare Part,Verified part number CL245205: 端板－3挡离合器 for ED10. Check equipment compatibility and submit an RFQ to qualified mining spare parts suppliers on KuangpeiYun.,/part-number/cl245205,Request Quote,/rfq/new?partNumber=CL245205,PUBLISHED_READY,2026-09-18
PN-001249,CL224772,cl224772,Sandvik / EIMCO,Underground LHD,ED10,Other,离合器外驱动－3挡离合器,,离合器外驱动－3挡离合器 | 离合器外盘－倒挡离合器 | 离合器外盘-第2档离合器 | 离合器外盘-向前离合器 | 离合器外盘,EXPLICIT,VERIFIED,HIGH,"ED10 parts manual page 93, item 12; ED10 parts manual page 93, item 22; ED10 parts manual page 96, item 30; ED10 parts manual page 96, item 39; ED10 parts manual page 99, item 4; ED10 parts manual page 101, item 20",伊泰LS190-ED10配件手册.pdf,CL224772 — 离合器外驱动－3挡离合器,CL224772 离合器外驱动－3挡离合器 | ED10 Spare Part,Verified part number CL224772: 离合器外驱动－3挡离合器 for ED10. Check equipment compatibility and submit an RFQ to qualified mining spare parts suppliers on Kuangpei,/part-number/cl224772,Request Quote,/rfq/new?partNumber=CL224772,PUBLISHED_READY,2026-09-18
PN-001312,CL236989,cl236989,Sandvik / EIMCO,Underground LHD,ED10,Other,离合器内盘－3挡离合器,,离合器内盘－3挡离合器 | 离合器内盘－倒挡离合器 | 离合器内盘-第2档离合器 | 离合器内盘-向前离合器 | 离合器内盘,EXPLICIT,VERIFIED,HIGH,"ED10 parts manual page 93, item 13; ED10 parts manual page 93, item 21; ED10 parts manual page 96, item 31; ED10 parts manual page 96, item 40; ED10 parts manual page 101, item 21",伊泰LS190-ED10配件手册.pdf,CL236989 — 离合器内盘－3挡离合器,CL236989 离合器内盘－3挡离合器 | ED10 Spare Part,Verified part number CL236989: 离合器内盘－3挡离合器 for ED10. Check equipment compatibility and submit an RFQ to qualified mining spare parts suppliers on KuangpeiY,/part-number/cl236989,Request Quote,/rfq/new?partNumber=CL236989,PUBLISHED_READY,2026-09-18
PN-001411,CL251306,cl251306,Sandvik / EIMCO,Underground LHD,ED10,Other,离合器活塞装配－3挡离合器,,离合器活塞装配－3挡离合器 | 离合器组件-第2档离合器,EXPLICIT,VERIFIED,HIGH,"ED10 parts manual page 93, item 14; ED10 parts manual page 96, item 32",伊泰LS190-ED10配件手册.pdf,CL251306 — 离合器活塞装配－3挡离合器,CL251306 离合器活塞装配－3挡离合器 | ED10 Spare Part,Verified part number CL251306: 离合器活塞装配－3挡离合器 for ED10. Check equipment compatibility and submit an RFQ to qualified mining spare parts suppliers on Kuangpe,/part-number/cl251306,Request Quote,/rfq/new?partNumber=CL251306,PUBLISHED_READY,2026-09-18
PN-001394,CL249680,cl249680,Sandvik / EIMCO,Underground LHD,ED10,Seal/Gasket,离合器活塞量测密封（未显示）,,离合器活塞量测密封（未显示） | 密封圈-内活塞N.I. | 密封－离合器活塞量测直径N.I.,EXPLICIT,VERIFIED,HIGH,"ED10 parts manual page 93, item 14A; ED10 parts manual page 96, item 32A; ED10 parts manual page 99, item 3A; ED10 parts manual page 101, item 1A",伊泰LS190-ED10配件手册.pdf,CL249680 — 离合器活塞量测密封（未显示）,CL249680 离合器活塞量测密封（未显示） | ED10 Spare Part,Verified part number CL249680: 离合器活塞量测密封（未显示） for ED10. Check equipment compatibility and submit an RFQ to qualified mining spare parts suppliers on Kuangp,/part-number/cl249680,Request Quote,/rfq/new?partNumber=CL249680,PUBLISHED_READY,2026-09-18
PN-001248,CL224771,cl224771,Sandvik / EIMCO,Underground LHD,ED10,Seal/Gasket,离合器活塞外密封,,离合器活塞外密封 | 离合器活塞外密封圈,EXPLICIT,VERIFIED,HIGH,"ED10 parts manual page 93, item 15; ED10 parts manual page 93, item 19; ED10 parts manual page 96, item 37; ED10 parts manual page 101, item 18",伊泰LS190-ED10配件手册.pdf,CL224771 — 离合器活塞外密封,CL224771 离合器活塞外密封 | ED10 Spare Part,Verified part number CL224771: 离合器活塞外密封 for ED10. Check equipment compatibility and submit an RFQ to qualified mining spare parts suppliers on KuangpeiYun.,/part-number/cl224771,Request Quote,/rfq/new?partNumber=CL224771,PUBLISHED_READY,2026-09-18
PN-001258,CL230857,cl230857,Sandvik / EIMCO,Underground LHD,ED10,Seal/Gasket,离合器活塞内密封,,离合器活塞内密封 | 离合器活塞内密封圈 | 离合器公司内密封,EXPLICIT,VERIFIED,HIGH,"ED10 parts manual page 93, item 16; ED10 parts manual page 93, item 18; ED10 parts manual page 96, item 34; ED10 parts manual page 96, item 36; ED10 parts manual page 99, item 1; ED10 parts manual page 101, item 1",伊泰LS190-ED10配件手册.pdf,CL230857 — 离合器活塞内密封,CL230857 离合器活塞内密封 | ED10 Spare Part,Verified part number CL230857: 离合器活塞内密封 for ED10. Check equipment compatibility and submit an RFQ to qualified mining spare parts suppliers on KuangpeiYun.,/part-number/cl230857,Request Quote,/rfq/new?partNumber=CL230857,PUBLISHED_READY,2026-09-18
PN-001408,CL251052,cl251052,Sandvik / EIMCO,Underground LHD,ED10,Other,倒挡和3挡离合器鼓及鼓装配,,倒挡和3挡离合器鼓及鼓装配,EXPLICIT,VERIFIED,HIGH,"ED10 parts manual page 93, item 17",伊泰LS190-ED10配件手册.pdf,CL251052 — 倒挡和3挡离合器鼓及鼓装配,CL251052 倒挡和3挡离合器鼓及鼓装配 | ED10 Spare Part,Verified part number CL251052: 倒挡和3挡离合器鼓及鼓装配 for ED10. Check equipment compatibility and submit an RFQ to qualified mining spare parts suppliers on Kuangpe,/part-number/cl251052,Request Quote,/rfq/new?partNumber=CL251052,PUBLISHED_READY,2026-09-18
PN-001374,CL245916,cl245916,Sandvik / EIMCO,Underground LHD,ED10,Other,离合器活塞装配－倒挡离合器,,离合器活塞装配－倒挡离合器 | 离合器装配-向前离合器,EXPLICIT,VERIFIED,HIGH,"ED10 parts manual page 93, item 20; ED10 parts manual page 96, item 38",伊泰LS190-ED10配件手册.pdf,CL245916 — 离合器活塞装配－倒挡离合器,CL245916 离合器活塞装配－倒挡离合器 | ED10 Spare Part,Verified part number CL245916: 离合器活塞装配－倒挡离合器 for ED10. Check equipment compatibility and submit an RFQ to qualified mining spare parts suppliers on Kuangpe,/part-number/cl245916,Request Quote,/rfq/new?partNumber=CL245916,PUBLISHED_READY,2026-09-18
PN-001311,CL236810,cl236810,Sandvik / EIMCO,Underground LHD,ED10,Other,端板－倒挡离合器,,端板－倒挡离合器,EXPLICIT,VERIFIED,HIGH,"ED10 parts manual page 93, item 23",伊泰LS190-ED10配件手册.pdf,CL236810 — 端板－倒挡离合器,CL236810 端板－倒挡离合器 | ED10 Spare Part,Verified part number CL236810: 端板－倒挡离合器 for ED10. Check equipment compatibility and submit an RFQ to qualified mining spare parts suppliers on KuangpeiYun.,/part-number/cl236810,Request Quote,/rfq/new?partNumber=CL236810,PUBLISHED_READY,2026-09-18
PN-001379,CL247655,cl247655,Sandvik / EIMCO,Underground LHD,ED10,Fastener,安装BELLEVILLE垫圈,安装BELLEVILLE垫圈,活塞复位弹簧,EXPLICIT,VERIFIED,HIGH,"ED10 parts manual page 93, item 26; ED10 parts manual page 96, item 17",伊泰LS190-ED10配件手册.pdf,CL247655 — 安装BELLEVILLE垫圈,CL247655 安装BELLEVILLE垫圈 | ED10 Spare Part,Verified part number CL247655: 安装BELLEVILLE垫圈 for ED10. Check equipment compatibility and submit an RFQ to qualified mining spare parts suppliers on Kuangp,/part-number/cl247655,Request Quote,/rfq/new?partNumber=CL247655,PUBLISHED_READY,2026-09-18
PN-001325,CL239230,cl239230,Sandvik / EIMCO,Underground LHD,ED10,Other,弹簧座圈－卡环座圈,,弹簧座圈－卡环座圈 | 弹簧座圈-卡环座圈,EXPLICIT,VERIFIED,HIGH,"ED10 parts manual page 93, item 28; ED10 parts manual page 93, item 36; ED10 parts manual page 96, item 15; ED10 parts manual page 96, item 24",伊泰LS190-ED10配件手册.pdf,CL239230 — 弹簧座圈－卡环座圈,CL239230 弹簧座圈－卡环座圈 | ED10 Spare Part,Verified part number CL239230: 弹簧座圈－卡环座圈 for ED10. Check equipment compatibility and submit an RFQ to qualified mining spare parts suppliers on KuangpeiYun,/part-number/cl239230,Request Quote,/rfq/new?partNumber=CL239230,PUBLISHED_READY,2026-09-18
PN-001302,CL234350,cl234350,Sandvik / EIMCO,Underground LHD,ED10,Other,弹簧座圈－卡环,,弹簧座圈－卡环 | 弹簧座圈卡环 | 2级齿轮卡环 | 弹簧活塞-卡环,EXPLICIT,VERIFIED,HIGH,"ED10 parts manual page 93, item 29; ED10 parts manual page 93, item 37; ED10 parts manual page 96, item 13; ED10 parts manual page 96, item 20; ED10 parts manual page 96, item 23",伊泰LS190-ED10配件手册.pdf,CL234350 — 弹簧座圈－卡环,CL234350 弹簧座圈－卡环 | ED10 Spare Part,Verified part number CL234350: 弹簧座圈－卡环 for ED10. Check equipment compatibility and submit an RFQ to qualified mining spare parts suppliers on KuangpeiYun.,/part-number/cl234350,Request Quote,/rfq/new?partNumber=CL234350,PUBLISHED_READY,2026-09-18
PN-001256,CL230829,cl230829,Sandvik / EIMCO,Underground LHD,ED10,Other,离合器驱动齿轮轴承,,离合器驱动齿轮轴承,EXPLICIT,VERIFIED,HIGH,"ED10 parts manual page 93, item 30; ED10 parts manual page 96, item 12",伊泰LS190-ED10配件手册.pdf,CL230829 — 离合器驱动齿轮轴承,CL230829 离合器驱动齿轮轴承 | ED10 Spare Part,Verified part number CL230829: 离合器驱动齿轮轴承 for ED10. Check equipment compatibility and submit an RFQ to qualified mining spare parts suppliers on KuangpeiYun,/part-number/cl230829,Request Quote,/rfq/new?partNumber=CL230829,PUBLISHED_READY,2026-09-18
PN-001292,CL232088,cl232088,Sandvik / EIMCO,Underground LHD,ED10,Other,弹簧座圈,,弹簧座圈 | 弹簧限位器,EXPLICIT,VERIFIED,HIGH,"ED10 parts manual page 93, item 33; ED10 parts manual page 96, item 27; ED10 parts manual page 101, item 25",伊泰LS190-ED10配件手册.pdf,CL232088 — 弹簧座圈,CL232088 弹簧座圈 | ED10 Spare Part,Verified part number CL232088: 弹簧座圈 for ED10. Check equipment compatibility and submit an RFQ to qualified mining spare parts suppliers on KuangpeiYun.,/part-number/cl232088,Request Quote,/rfq/new?partNumber=CL232088,PUBLISHED_READY,2026-09-18
PN-001255,CL230822,cl230822,Sandvik / EIMCO,Underground LHD,ED10,Other,活塞回位弹簧,,活塞回位弹簧 | 活塞复位弹簧,EXPLICIT,VERIFIED,HIGH,"ED10 parts manual page 93, item 34; ED10 parts manual page 96, item 26; ED10 parts manual page 101, item 26",伊泰LS190-ED10配件手册.pdf,CL230822 — 活塞回位弹簧,CL230822 活塞回位弹簧 | ED10 Spare Part,Verified part number CL230822: 活塞回位弹簧 for ED10. Check equipment compatibility and submit an RFQ to qualified mining spare parts suppliers on KuangpeiYun.,/part-number/cl230822,Request Quote,/rfq/new?partNumber=CL230822,PUBLISHED_READY,2026-09-18
PN-001293,CL232089,cl232089,Sandvik / EIMCO,Underground LHD,ED10,Other,弹簧座圈,,弹簧座圈,EXPLICIT,VERIFIED,HIGH,"ED10 parts manual page 93, item 35; ED10 parts manual page 96, item 25; ED10 parts manual page 101, item 27",伊泰LS190-ED10配件手册.pdf,CL232089 — 弹簧座圈,CL232089 弹簧座圈 | ED10 Spare Part,Verified part number CL232089: 弹簧座圈 for ED10. Check equipment compatibility and submit an RFQ to qualified mining spare parts suppliers on KuangpeiYun.,/part-number/cl232089,Request Quote,/rfq/new?partNumber=CL232089,PUBLISHED_READY,2026-09-18
PN-001259,CL230860,cl230860,Sandvik / EIMCO,Underground LHD,ED10,Other,3挡齿轮轴承,,3挡齿轮轴承,EXPLICIT,VERIFIED,HIGH,"ED10 parts manual page 93, item 38",伊泰LS190-ED10配件手册.pdf,CL230860 — 3挡齿轮轴承,CL230860 3挡齿轮轴承 | ED10 Spare Part,Verified part number CL230860: 3挡齿轮轴承 for ED10. Check equipment compatibility and submit an RFQ to qualified mining spare parts suppliers on KuangpeiYun.,/part-number/cl230860,Request Quote,/rfq/new?partNumber=CL230860,PUBLISHED_READY,2026-09-18
PN-001237,CL223874,cl223874,Sandvik / EIMCO,Underground LHD,ED10,Other,3挡齿轮轴承卡环,,3挡齿轮轴承卡环,EXPLICIT,VERIFIED,HIGH,"ED10 parts manual page 93, item 39; ED10 parts manual page 93, item 42",伊泰LS190-ED10配件手册.pdf,CL223874 — 3挡齿轮轴承卡环,CL223874 3挡齿轮轴承卡环 | ED10 Spare Part,Verified part number CL223874: 3挡齿轮轴承卡环 for ED10. Check equipment compatibility and submit an RFQ to qualified mining spare parts suppliers on KuangpeiYun.,/part-number/cl223874,Request Quote,/rfq/new?partNumber=CL223874,PUBLISHED_READY,2026-09-18
PN-001264,CL230906,cl230906,Sandvik / EIMCO,Underground LHD,ED10,Seal/Gasket,3挡齿轮轴承垫片,,3挡齿轮轴承垫片,EXPLICIT,VERIFIED,HIGH,"ED10 parts manual page 93, item 41",伊泰LS190-ED10配件手册.pdf,CL230906 — 3挡齿轮轴承垫片,CL230906 3挡齿轮轴承垫片 | ED10 Spare Part,Verified part number CL230906: 3挡齿轮轴承垫片 for ED10. Check equipment compatibility and submit an RFQ to qualified mining spare parts suppliers on KuangpeiYun.,/part-number/cl230906,Request Quote,/rfq/new?partNumber=CL230906,PUBLISHED_READY,2026-09-18
PN-001300,CL233390,cl233390,Sandvik / EIMCO,Underground LHD,ED10,Other,3挡齿轮轴承－外遮护,,3挡齿轮轴承－外遮护,EXPLICIT,VERIFIED,HIGH,"ED10 parts manual page 93, item 43",伊泰LS190-ED10配件手册.pdf,CL233390 — 3挡齿轮轴承－外遮护,CL233390 3挡齿轮轴承－外遮护 | ED10 Spare Part,Verified part number CL233390: 3挡齿轮轴承－外遮护 for ED10. Check equipment compatibility and submit an RFQ to qualified mining spare parts suppliers on KuangpeiYu,/part-number/cl233390,Request Quote,/rfq/new?partNumber=CL233390,PUBLISHED_READY,2026-09-18
PN-001337,CL239948,cl239948,Sandvik / EIMCO,Underground LHD,ED10,Other,倒挡和3挡轴后轴承,,倒挡和3挡轴后轴承,EXPLICIT,VERIFIED,HIGH,"ED10 parts manual page 94, item 44",伊泰LS190-ED10配件手册.pdf,CL239948 — 倒挡和3挡轴后轴承,CL239948 倒挡和3挡轴后轴承 | ED10 Spare Part,Verified part number CL239948: 倒挡和3挡轴后轴承 for ED10. Check equipment compatibility and submit an RFQ to qualified mining spare parts suppliers on KuangpeiYun,/part-number/cl239948,Request Quote,/rfq/new?partNumber=CL239948,PUBLISHED_READY,2026-09-18
PN-001244,CL224106,cl224106,Sandvik / EIMCO,Underground LHD,ED10,Other,齿轮卡环,,齿轮卡环,EXPLICIT,VERIFIED,HIGH,"ED10 parts manual page 94, item 45",伊泰LS190-ED10配件手册.pdf,CL224106 — 齿轮卡环,CL224106 齿轮卡环 | ED10 Spare Part,Verified part number CL224106: 齿轮卡环 for ED10. Check equipment compatibility and submit an RFQ to qualified mining spare parts suppliers on KuangpeiYun.,/part-number/cl224106,Request Quote,/rfq/new?partNumber=CL224106,PUBLISHED_READY,2026-09-18
PN-001391,CL249572,cl249572,Sandvik / EIMCO,Underground LHD,ED10,Other,低速离合器驱动齿轮－低速驱动26吨,,低速离合器驱动齿轮－低速驱动26吨,EXPLICIT,VERIFIED,HIGH,"ED10 parts manual page 94, item 46",伊泰LS190-ED10配件手册.pdf,CL249572 — 低速离合器驱动齿轮－低速驱动26吨,CL249572 低速离合器驱动齿轮－低速驱动26吨 | ED10 Spare Part,Verified part number CL249572: 低速离合器驱动齿轮－低速驱动26吨 for ED10. Check equipment compatibility and submit an RFQ to qualified mining spare parts suppliers on Kua,/part-number/cl249572,Request Quote,/rfq/new?partNumber=CL249572,PUBLISHED_READY,2026-09-18
PN-001274,CL231252,cl231252,Sandvik / EIMCO,Underground LHD,ED10,Other,3挡齿轮－高速挡52吨,,3挡齿轮－高速挡52吨,EXPLICIT,VERIFIED,HIGH,"ED10 parts manual page 94, item 47",伊泰LS190-ED10配件手册.pdf,CL231252 — 3挡齿轮－高速挡52吨,CL231252 3挡齿轮－高速挡52吨 | ED10 Spare Part,Verified part number CL231252: 3挡齿轮－高速挡52吨 for ED10. Check equipment compatibility and submit an RFQ to qualified mining spare parts suppliers on KuangpeiY,/part-number/cl231252,Request Quote,/rfq/new?partNumber=CL231252,PUBLISHED_READY,2026-09-18
PN-001387,CL248200,cl248200,Sandvik / EIMCO,Underground LHD,ED10,Other,离合器驱动齿轮－离合器驱动26吨,,离合器驱动齿轮－离合器驱动26吨 | 向前离合器驱动齿轮,EXPLICIT,VERIFIED,HIGH,"ED10 parts manual page 94, item 48; ED10 parts manual page 96, item 43",伊泰LS190-ED10配件手册.pdf,CL248200 — 离合器驱动齿轮－离合器驱动26吨,CL248200 离合器驱动齿轮－离合器驱动26吨 | ED10 Spare Part,Verified part number CL248200: 离合器驱动齿轮－离合器驱动26吨 for ED10. Check equipment compatibility and submit an RFQ to qualified mining spare parts suppliers on Kuan,/part-number/cl248200,Request Quote,/rfq/new?partNumber=CL248200,PUBLISHED_READY,2026-09-18
PN-001097,CL10J4,cl10j4,Sandvik / EIMCO,Underground LHD,ED10,Other,前进和第2档齿轮轴前轴承滚珠,,前进和第2档齿轮轴前轴承滚珠,EXPLICIT,VERIFIED,HIGH,"ED10 parts manual page 96, item 4",伊泰LS190-ED10配件手册.pdf,CL10J4 — 前进和第2档齿轮轴前轴承滚珠,CL10J4 前进和第2档齿轮轴前轴承滚珠 | ED10 Spare Part,Verified part number CL10J4: 前进和第2档齿轮轴前轴承滚珠 for ED10. Check equipment compatibility and submit an RFQ to qualified mining spare parts suppliers on Kuangpei,/part-number/cl10j4,Request Quote,/rfq/new?partNumber=CL10J4,PUBLISHED_READY,2026-09-18
PN-001262,CL230889,cl230889,Sandvik / EIMCO,Underground LHD,ED10,Other,前轴承定位环,,前轴承定位环 | 输出轴轴承卡环,EXPLICIT,VERIFIED,HIGH,"ED10 parts manual page 96, item 6; ED10 parts manual page 127, item 5",伊泰LS190-ED10配件手册.pdf,CL230889 — 前轴承定位环,CL230889 前轴承定位环 | ED10 Spare Part,Verified part number CL230889: 前轴承定位环 for ED10. Check equipment compatibility and submit an RFQ to qualified mining spare parts suppliers on KuangpeiYun.,/part-number/cl230889,Request Quote,/rfq/new?partNumber=CL230889,PUBLISHED_READY,2026-09-18
PN-001301,CL23389,cl23389,Sandvik / EIMCO,Underground LHD,ED10,Other,离合器驱动齿轮轴承-内,,离合器驱动齿轮轴承-内,EXPLICIT,VERIFIED,HIGH,"ED10 parts manual page 96, item 8",伊泰LS190-ED10配件手册.pdf,CL23389 — 离合器驱动齿轮轴承-内,CL23389 离合器驱动齿轮轴承-内 | ED10 Spare Part,Verified part number CL23389: 离合器驱动齿轮轴承-内 for ED10. Check equipment compatibility and submit an RFQ to qualified mining spare parts suppliers on KuangpeiYu,/part-number/cl23389,Request Quote,/rfq/new?partNumber=CL23389,PUBLISHED_READY,2026-09-18
PN-001339,CL239986,cl239986,Sandvik / EIMCO,Underground LHD,ED10,Other,2级齿轮定位环座圈,,2级齿轮定位环座圈,EXPLICIT,VERIFIED,HIGH,"ED10 parts manual page 96, item 21",伊泰LS190-ED10配件手册.pdf,CL239986 — 2级齿轮定位环座圈,CL239986 2级齿轮定位环座圈 | ED10 Spare Part,Verified part number CL239986: 2级齿轮定位环座圈 for ED10. Check equipment compatibility and submit an RFQ to qualified mining spare parts suppliers on KuangpeiYun,/part-number/cl239986,Request Quote,/rfq/new?partNumber=CL239986,PUBLISHED_READY,2026-09-18
PN-001378,CL247487,cl247487,Sandvik / EIMCO,Underground LHD,ED10,Other,2级齿轮定位环座圈卡环,,2级齿轮定位环座圈卡环 | 泵驱动卡环,EXPLICIT,VERIFIED,HIGH,"ED10 parts manual page 96, item 22; ED10 parts manual page 131, item 10",伊泰LS190-ED10配件手册.pdf,CL247487 — 2级齿轮定位环座圈卡环,CL247487 2级齿轮定位环座圈卡环 | ED10 Spare Part,Verified part number CL247487: 2级齿轮定位环座圈卡环 for ED10. Check equipment compatibility and submit an RFQ to qualified mining spare parts suppliers on KuangpeiY,/part-number/cl247487,Request Quote,/rfq/new?partNumber=CL247487,PUBLISHED_READY,2026-09-18
PN-000108,224771,224771,Sandvik / EIMCO,Underground LHD,ED10,Seal/Gasket,离合器活塞外密封圈,,离合器活塞外密封圈,EXPLICIT,VERIFIED,HIGH,"ED10 parts manual page 96, item 33",伊泰LS190-ED10配件手册.pdf,224771 — 离合器活塞外密封圈,224771 离合器活塞外密封圈 | ED10 Spare Part,Verified part number 224771: 离合器活塞外密封圈 for ED10. Check equipment compatibility and submit an RFQ to qualified mining spare parts suppliers on KuangpeiYun.,/part-number/224771,Request Quote,/rfq/new?partNumber=224771,PUBLISHED_READY,2026-09-18
PN-001409,CL251056,cl251056,Sandvik / EIMCO,Underground LHD,ED10,Other,前进和第2档轴，离合器滚筒及塞子装配,,前进和第2档轴，离合器滚筒及塞子装配,EXPLICIT,VERIFIED,HIGH,"ED10 parts manual page 96, item 35",伊泰LS190-ED10配件手册.pdf,CL251056 — 前进和第2档轴，离合器滚筒及塞子装配,CL251056 前进和第2档轴，离合器滚筒及塞子装配 | ED10 Spare Part,Verified part number CL251056: 前进和第2档轴，离合器滚筒及塞子装配 for ED10. Check equipment compatibility and submit an RFQ to qualified mining spare parts suppliers on Ku,/part-number/cl251056,Request Quote,/rfq/new?partNumber=CL251056,PUBLISHED_READY,2026-09-18
PN-001250,CL224774,cl224774,Sandvik / EIMCO,Underground LHD,ED10,Other,端板-向前离合器,,端板-向前离合器 | 端板 | 离合器盘端板,EXPLICIT,VERIFIED,HIGH,"ED10 parts manual page 96, item 41; ED10 parts manual page 99, item 6; ED10 parts manual page 101, item 22",伊泰LS190-ED10配件手册.pdf,CL224774 — 端板-向前离合器,CL224774 端板-向前离合器 | ED10 Spare Part,Verified part number CL224774: 端板-向前离合器 for ED10. Check equipment compatibility and submit an RFQ to qualified mining spare parts suppliers on KuangpeiYun.,/part-number/cl224774,Request Quote,/rfq/new?partNumber=CL224774,PUBLISHED_READY,2026-09-18
PN-001331,CL239909,cl239909,Sandvik / EIMCO,Underground LHD,ED10,Other,2级齿轮,,2级齿轮,EXPLICIT,VERIFIED,HIGH,"ED10 parts manual page 97, item 44",伊泰LS190-ED10配件手册.pdf,CL239909 — 2级齿轮,CL239909 2级齿轮 | ED10 Spare Part,Verified part number CL239909: 2级齿轮 for ED10. Check equipment compatibility and submit an RFQ to qualified mining spare parts suppliers on KuangpeiYun.,/part-number/cl239909,Request Quote,/rfq/new?partNumber=CL239909,PUBLISHED_READY,2026-09-18
PN-001369,CL244771,cl244771,Sandvik / EIMCO,Underground LHD,ED10,Seal/Gasket,离合器活塞外密封圈,,离合器活塞外密封圈,EXPLICIT,VERIFIED,HIGH,"ED10 parts manual page 99, item 2",伊泰LS190-ED10配件手册.pdf,CL244771 — 离合器活塞外密封圈,CL244771 离合器活塞外密封圈 | ED10 Spare Part,Verified part number CL244771: 离合器活塞外密封圈 for ED10. Check equipment compatibility and submit an RFQ to qualified mining spare parts suppliers on KuangpeiYun,/part-number/cl244771,Request Quote,/rfq/new?partNumber=CL244771,PUBLISHED_READY,2026-09-18
PN-001395,CL249717,cl249717,Sandvik / EIMCO,Underground LHD,ED10,Other,离合器活塞装配,,离合器活塞装配,EXPLICIT,VERIFIED,HIGH,"ED10 parts manual page 99, item 3",伊泰LS190-ED10配件手册.pdf,CL249717 — 离合器活塞装配,CL249717 离合器活塞装配 | ED10 Spare Part,Verified part number CL249717: 离合器活塞装配 for ED10. Check equipment compatibility and submit an RFQ to qualified mining spare parts suppliers on KuangpeiYun.,/part-number/cl249717,Request Quote,/rfq/new?partNumber=CL249717,PUBLISHED_READY,2026-09-18
PN-001265,CL230911,cl230911,Sandvik / EIMCO,Underground LHD,ED10,Other,离合器内盘,,离合器内盘,EXPLICIT,VERIFIED,HIGH,"ED10 parts manual page 99, item 5",伊泰LS190-ED10配件手册.pdf,CL230911 — 离合器内盘,CL230911 离合器内盘 | ED10 Spare Part,Verified part number CL230911: 离合器内盘 for ED10. Check equipment compatibility and submit an RFQ to qualified mining spare parts suppliers on KuangpeiYun.,/part-number/cl230911,Request Quote,/rfq/new?partNumber=CL230911,PUBLISHED_READY,2026-09-18
PN-001211,CL214917,cl214917,Sandvik / EIMCO,Underground LHD,ED10,Other,弹簧座圈,,弹簧座圈,EXPLICIT,VERIFIED,HIGH,"ED10 parts manual page 99, item 8",伊泰LS190-ED10配件手册.pdf,CL214917 — 弹簧座圈,CL214917 弹簧座圈 | ED10 Spare Part,Verified part number CL214917: 弹簧座圈 for ED10. Check equipment compatibility and submit an RFQ to qualified mining spare parts suppliers on KuangpeiYun.,/part-number/cl214917,Request Quote,/rfq/new?partNumber=CL214917,PUBLISHED_READY,2026-09-18
PN-001418,CL251430,cl251430,Sandvik / EIMCO,Underground LHD,ED10,Other,弹簧- 活塞复位器,,弹簧- 活塞复位器,EXPLICIT,VERIFIED,HIGH,"ED10 parts manual page 99, item 9",伊泰LS190-ED10配件手册.pdf,CL251430 — 弹簧- 活塞复位器,CL251430 弹簧- 活塞复位器 | ED10 Spare Part,Verified part number CL251430: 弹簧- 活塞复位器 for ED10. Check equipment compatibility and submit an RFQ to qualified mining spare parts suppliers on KuangpeiYun,/part-number/cl251430,Request Quote,/rfq/new?partNumber=CL251430,PUBLISHED_READY,2026-09-18
PN-001421,CL251433,cl251433,Sandvik / EIMCO,Underground LHD,ED10,Other,弹簧座圈,,弹簧座圈,EXPLICIT,VERIFIED,HIGH,"ED10 parts manual page 99, item 10",伊泰LS190-ED10配件手册.pdf,CL251433 — 弹簧座圈,CL251433 弹簧座圈 | ED10 Spare Part,Verified part number CL251433: 弹簧座圈 for ED10. Check equipment compatibility and submit an RFQ to qualified mining spare parts suppliers on KuangpeiYun.,/part-number/cl251433,Request Quote,/rfq/new?partNumber=CL251433,PUBLISHED_READY,2026-09-18
PN-001420,CL251432,cl251432,Sandvik / EIMCO,Underground LHD,ED10,Other,弹簧座圈卡环,,弹簧座圈卡环,EXPLICIT,VERIFIED,HIGH,"ED10 parts manual page 99, item 11",伊泰LS190-ED10配件手册.pdf,CL251432 — 弹簧座圈卡环,CL251432 弹簧座圈卡环 | ED10 Spare Part,Verified part number CL251432: 弹簧座圈卡环 for ED10. Check equipment compatibility and submit an RFQ to qualified mining spare parts suppliers on KuangpeiYun.,/part-number/cl251432,Request Quote,/rfq/new?partNumber=CL251432,PUBLISHED_READY,2026-09-18
PN-001423,CL251435,cl251435,Sandvik / EIMCO,Underground LHD,ED10,Other,低速齿轮轴承装配,,低速齿轮轴承装配,EXPLICIT,VERIFIED,HIGH,"ED10 parts manual page 99, item 13",伊泰LS190-ED10配件手册.pdf,CL251435 — 低速齿轮轴承装配,CL251435 低速齿轮轴承装配 | ED10 Spare Part,Verified part number CL251435: 低速齿轮轴承装配 for ED10. Check equipment compatibility and submit an RFQ to qualified mining spare parts suppliers on KuangpeiYun.,/part-number/cl251435,Request Quote,/rfq/new?partNumber=CL251435,PUBLISHED_READY,2026-09-18
PN-001392,CL249573,cl249573,Sandvik / EIMCO,Underground LHD,ED10,Other,低速齿轮 - 54T,,低速齿轮 - 54T,EXPLICIT,VERIFIED,HIGH,"ED10 parts manual page 99, item 14",伊泰LS190-ED10配件手册.pdf,CL249573 — 低速齿轮 - 54T,CL249573 低速齿轮 - 54T | ED10 Spare Part,Verified part number CL249573: 低速齿轮 - 54T for ED10. Check equipment compatibility and submit an RFQ to qualified mining spare parts suppliers on KuangpeiYu,/part-number/cl249573,Request Quote,/rfq/new?partNumber=CL249573,PUBLISHED_READY,2026-09-18
PN-001419,CL251431,cl251431,Sandvik / EIMCO,Underground LHD,ED10,Other,轴承护圈座圈,,轴承护圈座圈,EXPLICIT,VERIFIED,HIGH,"ED10 parts manual page 99, item 16",伊泰LS190-ED10配件手册.pdf,CL251431 — 轴承护圈座圈,CL251431 轴承护圈座圈 | ED10 Spare Part,Verified part number CL251431: 轴承护圈座圈 for ED10. Check equipment compatibility and submit an RFQ to qualified mining spare parts suppliers on KuangpeiYun.,/part-number/cl251431,Request Quote,/rfq/new?partNumber=CL251431,PUBLISHED_READY,2026-09-18
PN-001416,CL251428,cl251428,Sandvik / EIMCO,Underground LHD,ED10,Other,低速轴前轴承钢碗-不像插图所示,,低速轴前轴承钢碗-不像插图所示,EXPLICIT,VERIFIED,HIGH,"ED10 parts manual page 99, item 17",伊泰LS190-ED10配件手册.pdf,CL251428 — 低速轴前轴承钢碗-不像插图所示,CL251428 低速轴前轴承钢碗-不像插图所示 | ED10 Spare Part,Verified part number CL251428: 低速轴前轴承钢碗-不像插图所示 for ED10. Check equipment compatibility and submit an RFQ to qualified mining spare parts suppliers on Kuang,/part-number/cl251428,Request Quote,/rfq/new?partNumber=CL251428,PUBLISHED_READY,2026-09-18
PN-001417,CL251429,cl251429,Sandvik / EIMCO,Underground LHD,ED10,Other,低速轴前轴承锥-不像插图所示,,低速轴前轴承锥-不像插图所示,EXPLICIT,VERIFIED,HIGH,"ED10 parts manual page 99, item 18",伊泰LS190-ED10配件手册.pdf,CL251429 — 低速轴前轴承锥-不像插图所示,CL251429 低速轴前轴承锥-不像插图所示 | ED10 Spare Part,Verified part number CL251429: 低速轴前轴承锥-不像插图所示 for ED10. Check equipment compatibility and submit an RFQ to qualified mining spare parts suppliers on Kuangp,/part-number/cl251429,Request Quote,/rfq/new?partNumber=CL251429,PUBLISHED_READY,2026-09-18
PN-001260,CL230886,cl230886,Sandvik / EIMCO,Underground LHD,ED10,Other,低速离合器轴先导轴承,,低速离合器轴先导轴承,EXPLICIT,VERIFIED,HIGH,"ED10 parts manual page 99, item 19",伊泰LS190-ED10配件手册.pdf,CL230886 — 低速离合器轴先导轴承,CL230886 低速离合器轴先导轴承 | ED10 Spare Part,Verified part number CL230886: 低速离合器轴先导轴承 for ED10. Check equipment compatibility and submit an RFQ to qualified mining spare parts suppliers on KuangpeiYu,/part-number/cl230886,Request Quote,/rfq/new?partNumber=CL230886,PUBLISHED_READY,2026-09-18
PN-001243,CL224075,cl224075,Sandvik / EIMCO,Underground LHD,ED10,Other,低速轴卡环,,低速轴卡环,EXPLICIT,VERIFIED,HIGH,"ED10 parts manual page 99, item 20",伊泰LS190-ED10配件手册.pdf,CL224075 — 低速轴卡环,CL224075 低速轴卡环 | ED10 Spare Part,Verified part number CL224075: 低速轴卡环 for ED10. Check equipment compatibility and submit an RFQ to qualified mining spare parts suppliers on KuangpeiYun.,/part-number/cl224075,Request Quote,/rfq/new?partNumber=CL224075,PUBLISHED_READY,2026-09-18
PN-001410,CL251070,cl251070,Sandvik / EIMCO,Underground LHD,ED10,Other,低速离合器鼓和轮毂装配,,低速离合器鼓和轮毂装配,EXPLICIT,VERIFIED,HIGH,"ED10 parts manual page 99, item 21",伊泰LS190-ED10配件手册.pdf,CL251070 — 低速离合器鼓和轮毂装配,CL251070 低速离合器鼓和轮毂装配 | ED10 Spare Part,Verified part number CL251070: 低速离合器鼓和轮毂装配 for ED10. Check equipment compatibility and submit an RFQ to qualified mining spare parts suppliers on KuangpeiY,/part-number/cl251070,Request Quote,/rfq/new?partNumber=CL251070,PUBLISHED_READY,2026-09-18
PN-001485,CL76K227,cl76k227,Sandvik / EIMCO,Underground LHD,ED10,Other,低速轴O形圈,,低速轴O形圈,EXPLICIT,VERIFIED,HIGH,"ED10 parts manual page 99, item 22",伊泰LS190-ED10配件手册.pdf,CL76K227 — 低速轴O形圈,CL76K227 低速轴O形圈 | ED10 Spare Part,Verified part number CL76K227: 低速轴O形圈 for ED10. Check equipment compatibility and submit an RFQ to qualified mining spare parts suppliers on KuangpeiYun.,/part-number/cl76k227,Request Quote,/rfq/new?partNumber=CL76K227,PUBLISHED_READY,2026-09-18
PN-001415,CL251426,cl251426,Sandvik / EIMCO,Underground LHD,ED10,Other,低速轴,,低速轴,EXPLICIT,VERIFIED,HIGH,"ED10 parts manual page 99, item 23",伊泰LS190-ED10配件手册.pdf,CL251426 — 低速轴,CL251426 低速轴 | ED10 Spare Part,Verified part number CL251426: 低速轴 for ED10. Check equipment compatibility and submit an RFQ to qualified mining spare parts suppliers on KuangpeiYun.,/part-number/cl251426,Request Quote,/rfq/new?partNumber=CL251426,PUBLISHED_READY,2026-09-18
PN-001389,CL248917,cl248917,Sandvik / EIMCO,Underground LHD,ED10,Other,低速轴塞,,低速轴塞,EXPLICIT,VERIFIED,HIGH,"ED10 parts manual page 99, item 24",伊泰LS190-ED10配件手册.pdf,CL248917 — 低速轴塞,CL248917 低速轴塞 | ED10 Spare Part,Verified part number CL248917: 低速轴塞 for ED10. Check equipment compatibility and submit an RFQ to qualified mining spare parts suppliers on KuangpeiYun.,/part-number/cl248917,Request Quote,/rfq/new?partNumber=CL248917,PUBLISHED_READY,2026-09-18
PN-001425,CL251440,cl251440,Sandvik / EIMCO,Underground LHD,ED10,Other,低速轴装配-包括零件20 至24,,低速轴装配-包括零件20 至24,EXPLICIT,VERIFIED,HIGH,"ED10 parts manual page 99, item 25",伊泰LS190-ED10配件手册.pdf,CL251440 — 低速轴装配-包括零件20 至24,CL251440 低速轴装配-包括零件20 至24 | ED10 Spare Part,Verified part number CL251440: 低速轴装配-包括零件20 至24 for ED10. Check equipment compatibility and submit an RFQ to qualified mining spare parts suppliers on Kuan,/part-number/cl251440,Request Quote,/rfq/new?partNumber=CL251440,PUBLISHED_READY,2026-09-18
PN-001362,CL243259,cl243259,Sandvik / EIMCO,Underground LHD,ED10,Other,低速轴后齿轮钢碗,,低速轴后齿轮钢碗 | 后轴承杯,EXPLICIT,VERIFIED,HIGH,"ED10 parts manual page 99, item 26; ED10 parts manual page 103, item 10",伊泰LS190-ED10配件手册.pdf,CL243259 — 低速轴后齿轮钢碗,CL243259 低速轴后齿轮钢碗 | ED10 Spare Part,Verified part number CL243259: 低速轴后齿轮钢碗 for ED10. Check equipment compatibility and submit an RFQ to qualified mining spare parts suppliers on KuangpeiYun.,/part-number/cl243259,Request Quote,/rfq/new?partNumber=CL243259,PUBLISHED_READY,2026-09-18
PN-001360,CL243257,cl243257,Sandvik / EIMCO,Underground LHD,ED10,Other,低速轴后齿轮锥,,低速轴后齿轮锥 | 前轴承锥形内圈 | 后轴承锥形内圈,EXPLICIT,VERIFIED,HIGH,"ED10 parts manual page 99, item 26A; ED10 parts manual page 103, item 6; ED10 parts manual page 103, item 9",伊泰LS190-ED10配件手册.pdf,CL243257 — 低速轴后齿轮锥,CL243257 低速轴后齿轮锥 | ED10 Spare Part,Verified part number CL243257: 低速轴后齿轮锥 for ED10. Check equipment compatibility and submit an RFQ to qualified mining spare parts suppliers on KuangpeiYun.,/part-number/cl243257,Request Quote,/rfq/new?partNumber=CL243257,PUBLISHED_READY,2026-09-18
PN-001426,CL251442,cl251442,Sandvik / EIMCO,Underground LHD,ED10,Seal/Gasket,齿轮盖垫片-004,,齿轮盖垫片-004,EXPLICIT,VERIFIED,HIGH,"ED10 parts manual page 99, item 30",伊泰LS190-ED10配件手册.pdf,CL251442 — 齿轮盖垫片-004,CL251442 齿轮盖垫片-004 | ED10 Spare Part,Verified part number CL251442: 齿轮盖垫片-004 for ED10. Check equipment compatibility and submit an RFQ to qualified mining spare parts suppliers on KuangpeiYun,/part-number/cl251442,Request Quote,/rfq/new?partNumber=CL251442,PUBLISHED_READY,2026-09-18
PN-001427,CL251443,cl251443,Sandvik / EIMCO,Underground LHD,ED10,Seal/Gasket,齿轮盖垫片-007,,齿轮盖垫片-007,EXPLICIT,VERIFIED,HIGH,"ED10 parts manual page 99, item 30A",伊泰LS190-ED10配件手册.pdf,CL251443 — 齿轮盖垫片-007,CL251443 齿轮盖垫片-007 | ED10 Spare Part,Verified part number CL251443: 齿轮盖垫片-007 for ED10. Check equipment compatibility and submit an RFQ to qualified mining spare parts suppliers on KuangpeiYun,/part-number/cl251443,Request Quote,/rfq/new?partNumber=CL251443,PUBLISHED_READY,2026-09-18
PN-001428,CL251444,cl251444,Sandvik / EIMCO,Underground LHD,ED10,Seal/Gasket,齿轮盖垫片-010,,齿轮盖垫片-010,EXPLICIT,VERIFIED,HIGH,"ED10 parts manual page 99, item 30B",伊泰LS190-ED10配件手册.pdf,CL251444 — 齿轮盖垫片-010,CL251444 齿轮盖垫片-010 | ED10 Spare Part,Verified part number CL251444: 齿轮盖垫片-010 for ED10. Check equipment compatibility and submit an RFQ to qualified mining spare parts suppliers on KuangpeiYun,/part-number/cl251444,Request Quote,/rfq/new?partNumber=CL251444,PUBLISHED_READY,2026-09-18
PN-001429,CL251445,cl251445,Sandvik / EIMCO,Underground LHD,ED10,Seal/Gasket,齿轮盖垫片-020,,齿轮盖垫片-020,EXPLICIT,VERIFIED,HIGH,"ED10 parts manual page 99, item 30C",伊泰LS190-ED10配件手册.pdf,CL251445 — 齿轮盖垫片-020,CL251445 齿轮盖垫片-020 | ED10 Spare Part,Verified part number CL251445: 齿轮盖垫片-020 for ED10. Check equipment compatibility and submit an RFQ to qualified mining spare parts suppliers on KuangpeiYun,/part-number/cl251445,Request Quote,/rfq/new?partNumber=CL251445,PUBLISHED_READY,2026-09-18
PN-001422,CL251434,cl251434,Sandvik / EIMCO,Underground LHD,ED10,Other,后齿轮盖,,后齿轮盖,EXPLICIT,VERIFIED,HIGH,"ED10 parts manual page 99, item 31",伊泰LS190-ED10配件手册.pdf,CL251434 — 后齿轮盖,CL251434 后齿轮盖 | ED10 Spare Part,Verified part number CL251434: 后齿轮盖 for ED10. Check equipment compatibility and submit an RFQ to qualified mining spare parts suppliers on KuangpeiYun.,/part-number/cl251434,Request Quote,/rfq/new?partNumber=CL251434,PUBLISHED_READY,2026-09-18
PN-001486,CL76K241,cl76k241,Sandvik / EIMCO,Underground LHD,ED10,Other,O形圈,,O形圈,EXPLICIT,VERIFIED,HIGH,"ED10 parts manual page 99, item 31A",伊泰LS190-ED10配件手册.pdf,CL76K241 — O形圈,CL76K241 O形圈 | ED10 Spare Part,Verified part number CL76K241: O形圈 for ED10. Check equipment compatibility and submit an RFQ to qualified mining spare parts suppliers on KuangpeiYun.,/part-number/cl76k241,Request Quote,/rfq/new?partNumber=CL76K241,PUBLISHED_READY,2026-09-18
PN-001458,CL4E-6,cl4e-6,Sandvik / EIMCO,Underground LHD,ED10,Fastener,后轴承螺钉锁紧垫圈,,后轴承螺钉锁紧垫圈,EXPLICIT,VERIFIED,HIGH,"ED10 parts manual page 99, item 32",伊泰LS190-ED10配件手册.pdf,CL4E-6 — 后轴承螺钉锁紧垫圈,CL4E-6 后轴承螺钉锁紧垫圈 | ED10 Spare Part,Verified part number CL4E-6: 后轴承螺钉锁紧垫圈 for ED10. Check equipment compatibility and submit an RFQ to qualified mining spare parts suppliers on KuangpeiYun.,/part-number/cl4e-6,Request Quote,/rfq/new?partNumber=CL4E-6,PUBLISHED_READY,2026-09-18
PN-001127,CL1C-618,cl1c-618,Sandvik / EIMCO,Underground LHD,ED10,Fastener,后轴承螺钉,,后轴承螺钉 | 叶轮至盖螺钉,EXPLICIT,VERIFIED,HIGH,"ED10 parts manual page 99, item 33; ED10 parts manual page 123, item 18",伊泰LS190-ED10配件手册.pdf,CL1C-618 — 后轴承螺钉,CL1C-618 后轴承螺钉 | ED10 Spare Part,Verified part number CL1C-618: 后轴承螺钉 for ED10. Check equipment compatibility and submit an RFQ to qualified mining spare parts suppliers on KuangpeiYun.,/part-number/cl1c-618,Request Quote,/rfq/new?partNumber=CL1C-618,PUBLISHED_READY,2026-09-18
PN-001484,CL76K112,cl76k112,Sandvik / EIMCO,Underground LHD,ED10,Other,后轴承盖O形圈,,后轴承盖O形圈,EXPLICIT,VERIFIED,HIGH,"ED10 parts manual page 99, item 35",伊泰LS190-ED10配件手册.pdf,CL76K112 — 后轴承盖O形圈,CL76K112 后轴承盖O形圈 | ED10 Spare Part,Verified part number CL76K112: 后轴承盖O形圈 for ED10. Check equipment compatibility and submit an RFQ to qualified mining spare parts suppliers on KuangpeiYun.,/part-number/cl76k112,Request Quote,/rfq/new?partNumber=CL76K112,PUBLISHED_READY,2026-09-18
PN-001406,CL250215,cl250215,Sandvik / EIMCO,Underground LHD,ED10,Other,离合器轴活塞环,,离合器轴活塞环,EXPLICIT,VERIFIED,HIGH,"ED10 parts manual page 99, item 36",伊泰LS190-ED10配件手册.pdf,CL250215 — 离合器轴活塞环,CL250215 离合器轴活塞环 | ED10 Spare Part,Verified part number CL250215: 离合器轴活塞环 for ED10. Check equipment compatibility and submit an RFQ to qualified mining spare parts suppliers on KuangpeiYun.,/part-number/cl250215,Request Quote,/rfq/new?partNumber=CL250215,PUBLISHED_READY,2026-09-18
PN-001359,CL243251,cl243251,Sandvik / EIMCO,Underground LHD,ED10,Other,4挡离合器鼓定位环,,4挡离合器鼓定位环 | 轴承卡环,EXPLICIT,VERIFIED,HIGH,"ED10 parts manual page 101, item 2; ED10 parts manual page 123, item 22",伊泰LS190-ED10配件手册.pdf,CL243251 — 4挡离合器鼓定位环,CL243251 4挡离合器鼓定位环 | ED10 Spare Part,Verified part number CL243251: 4挡离合器鼓定位环 for ED10. Check equipment compatibility and submit an RFQ to qualified mining spare parts suppliers on KuangpeiYun,/part-number/cl243251,Request Quote,/rfq/new?partNumber=CL243251,PUBLISHED_READY,2026-09-18
PN-001413,CL251402,cl251402,Sandvik / EIMCO,Underground LHD,ED10,Other,4挡离合器鼓及轮毂装配,,4挡离合器鼓及轮毂装配,EXPLICIT,VERIFIED,HIGH,"ED10 parts manual page 101, item 3",伊泰LS190-ED10配件手册.pdf,CL251402 — 4挡离合器鼓及轮毂装配,CL251402 4挡离合器鼓及轮毂装配 | ED10 Spare Part,Verified part number CL251402: 4挡离合器鼓及轮毂装配 for ED10. Check equipment compatibility and submit an RFQ to qualified mining spare parts suppliers on KuangpeiY,/part-number/cl251402,Request Quote,/rfq/new?partNumber=CL251402,PUBLISHED_READY,2026-09-18
PN-001341,CL240161,cl240161,Sandvik / EIMCO,Underground LHD,ED10,Other,怠速车轴及塞子装配,,怠速车轴及塞子装配,EXPLICIT,VERIFIED,HIGH,"ED10 parts manual page 101, item 4",伊泰LS190-ED10配件手册.pdf,CL240161 — 怠速车轴及塞子装配,CL240161 怠速车轴及塞子装配 | ED10 Spare Part,Verified part number CL240161: 怠速车轴及塞子装配 for ED10. Check equipment compatibility and submit an RFQ to qualified mining spare parts suppliers on KuangpeiYun,/part-number/cl240161,Request Quote,/rfq/new?partNumber=CL240161,PUBLISHED_READY,2026-09-18
PN-001254,CL230292,cl230292,Sandvik / EIMCO,Underground LHD,ED10,Other,怠速轴齿轮键,,怠速轴齿轮键,EXPLICIT,VERIFIED,HIGH,"ED10 parts manual page 101, item 5",伊泰LS190-ED10配件手册.pdf,CL230292 — 怠速轴齿轮键,CL230292 怠速轴齿轮键 | ED10 Spare Part,Verified part number CL230292: 怠速轴齿轮键 for ED10. Check equipment compatibility and submit an RFQ to qualified mining spare parts suppliers on KuangpeiYun.,/part-number/cl230292,Request Quote,/rfq/new?partNumber=CL230292,PUBLISHED_READY,2026-09-18
PN-001388,CL248212,cl248212,Sandvik / EIMCO,Underground LHD,ED10,Other,怠速轴齿轮,,怠速轴齿轮,EXPLICIT,VERIFIED,HIGH,"ED10 parts manual page 101, item 6",伊泰LS190-ED10配件手册.pdf,CL248212 — 怠速轴齿轮,CL248212 怠速轴齿轮 | ED10 Spare Part,Verified part number CL248212: 怠速轴齿轮 for ED10. Check equipment compatibility and submit an RFQ to qualified mining spare parts suppliers on KuangpeiYun.,/part-number/cl248212,Request Quote,/rfq/new?partNumber=CL248212,PUBLISHED_READY,2026-09-18
PN-001332,CL239922,cl239922,Sandvik / EIMCO,Underground LHD,ED10,Other,怠速轴后轴承装配,,怠速轴后轴承装配,EXPLICIT,VERIFIED,HIGH,"ED10 parts manual page 101, item 7",伊泰LS190-ED10配件手册.pdf,CL239922 — 怠速轴后轴承装配,CL239922 怠速轴后轴承装配 | ED10 Spare Part,Verified part number CL239922: 怠速轴后轴承装配 for ED10. Check equipment compatibility and submit an RFQ to qualified mining spare parts suppliers on KuangpeiYun.,/part-number/cl239922,Request Quote,/rfq/new?partNumber=CL239922,PUBLISHED_READY,2026-09-18
PN-001095,CL10J-15,cl10j-15,Sandvik / EIMCO,Underground LHD,ED10,Other,怠速轴后轴承锁球,,怠速轴后轴承锁球,EXPLICIT,VERIFIED,HIGH,"ED10 parts manual page 101, item 8",伊泰LS190-ED10配件手册.pdf,CL10J-15 — 怠速轴后轴承锁球,CL10J-15 怠速轴后轴承锁球 | ED10 Spare Part,Verified part number CL10J-15: 怠速轴后轴承锁球 for ED10. Check equipment compatibility and submit an RFQ to qualified mining spare parts suppliers on KuangpeiYun.,/part-number/cl10j-15,Request Quote,/rfq/new?partNumber=CL10J-15,PUBLISHED_READY,2026-09-18
PN-001268,CL230952,cl230952,Sandvik / EIMCO,Underground LHD,ED10,Other,后轴承定位环,,后轴承定位环,EXPLICIT,VERIFIED,HIGH,"ED10 parts manual page 101, item 9",伊泰LS190-ED10配件手册.pdf,CL230952 — 后轴承定位环,CL230952 后轴承定位环 | ED10 Spare Part,Verified part number CL230952: 后轴承定位环 for ED10. Check equipment compatibility and submit an RFQ to qualified mining spare parts suppliers on KuangpeiYun.,/part-number/cl230952,Request Quote,/rfq/new?partNumber=CL230952,PUBLISHED_READY,2026-09-18
PN-001340,CL240056,cl240056,Sandvik / EIMCO,Underground LHD,ED10,Fastener,怠速轴垫圈,,怠速轴垫圈,EXPLICIT,VERIFIED,HIGH,"ED10 parts manual page 101, item 10",伊泰LS190-ED10配件手册.pdf,CL240056 — 怠速轴垫圈,CL240056 怠速轴垫圈 | ED10 Spare Part,Verified part number CL240056: 怠速轴垫圈 for ED10. Check equipment compatibility and submit an RFQ to qualified mining spare parts suppliers on KuangpeiYun.,/part-number/cl240056,Request Quote,/rfq/new?partNumber=CL240056,PUBLISHED_READY,2026-09-18
PN-001283,CL231639,cl231639,Sandvik / EIMCO,Underground LHD,ED10,Fastener,怠速轴螺母,,怠速轴螺母,EXPLICIT,VERIFIED,HIGH,"ED10 parts manual page 101, item 11",伊泰LS190-ED10配件手册.pdf,CL231639 — 怠速轴螺母,CL231639 怠速轴螺母 | ED10 Spare Part,Verified part number CL231639: 怠速轴螺母 for ED10. Check equipment compatibility and submit an RFQ to qualified mining spare parts suppliers on KuangpeiYun.,/part-number/cl231639,Request Quote,/rfq/new?partNumber=CL231639,PUBLISHED_READY,2026-09-18
PN-001266,CL230918,cl230918,Sandvik / EIMCO,Underground LHD,ED10,Fastener,怠速轴轴承盖垫圈,,怠速轴轴承盖垫圈,EXPLICIT,VERIFIED,HIGH,"ED10 parts manual page 101, item 12",伊泰LS190-ED10配件手册.pdf,CL230918 — 怠速轴轴承盖垫圈,CL230918 怠速轴轴承盖垫圈 | ED10 Spare Part,Verified part number CL230918: 怠速轴轴承盖垫圈 for ED10. Check equipment compatibility and submit an RFQ to qualified mining spare parts suppliers on KuangpeiYun.,/part-number/cl230918,Request Quote,/rfq/new?partNumber=CL230918,PUBLISHED_READY,2026-09-18
PN-001333,CL239924,cl239924,Sandvik / EIMCO,Underground LHD,ED10,Other,怠速轴轴承盖,,怠速轴轴承盖,EXPLICIT,VERIFIED,HIGH,"ED10 parts manual page 101, item 13",伊泰LS190-ED10配件手册.pdf,CL239924 — 怠速轴轴承盖,CL239924 怠速轴轴承盖 | ED10 Spare Part,Verified part number CL239924: 怠速轴轴承盖 for ED10. Check equipment compatibility and submit an RFQ to qualified mining spare parts suppliers on KuangpeiYun.,/part-number/cl239924,Request Quote,/rfq/new?partNumber=CL239924,PUBLISHED_READY,2026-09-18
PN-001456,CL4E-09,cl4e-09,Sandvik / EIMCO,Underground LHD,ED10,Fastener,轴承螺钉防松垫圈,,轴承螺钉防松垫圈,EXPLICIT,VERIFIED,HIGH,"ED10 parts manual page 101, item 14",伊泰LS190-ED10配件手册.pdf,CL4E-09 — 轴承螺钉防松垫圈,CL4E-09 轴承螺钉防松垫圈 | ED10 Spare Part,Verified part number CL4E-09: 轴承螺钉防松垫圈 for ED10. Check equipment compatibility and submit an RFQ to qualified mining spare parts suppliers on KuangpeiYun.,/part-number/cl4e-09,Request Quote,/rfq/new?partNumber=CL4E-09,PUBLISHED_READY,2026-09-18
PN-001133,CL1C-924,cl1c-924,Sandvik / EIMCO,Underground LHD,ED10,Fastener,轴承螺钉,,轴承螺钉,EXPLICIT,VERIFIED,HIGH,"ED10 parts manual page 101, item 15",伊泰LS190-ED10配件手册.pdf,CL1C-924 — 轴承螺钉,CL1C-924 轴承螺钉 | ED10 Spare Part,Verified part number CL1C-924: 轴承螺钉 for ED10. Check equipment compatibility and submit an RFQ to qualified mining spare parts suppliers on KuangpeiYun.,/part-number/cl1c-924,Request Quote,/rfq/new?partNumber=CL1C-924,PUBLISHED_READY,2026-09-18
PN-001373,CL245897,cl245897,Sandvik / EIMCO,Underground LHD,ED10,Other,离合器活塞装配,,离合器活塞装配,EXPLICIT,VERIFIED,HIGH,"ED10 parts manual page 101, item 19",伊泰LS190-ED10配件手册.pdf,CL245897 — 离合器活塞装配,CL245897 离合器活塞装配 | ED10 Spare Part,Verified part number CL245897: 离合器活塞装配 for ED10. Check equipment compatibility and submit an RFQ to qualified mining spare parts suppliers on KuangpeiYun.,/part-number/cl245897,Request Quote,/rfq/new?partNumber=CL245897,PUBLISHED_READY,2026-09-18
PN-001261,CL230888,cl230888,Sandvik / EIMCO,Underground LHD,ED10,Other,轴承卡环,,轴承卡环 | 4挡齿轮轴承卡环 | 4挡齿轮前轴承卡环,EXPLICIT,VERIFIED,HIGH,"ED10 parts manual page 101, item 28; ED10 parts manual page 101, item 33; ED10 parts manual page 101, item 35",伊泰LS190-ED10配件手册.pdf,CL230888 — 轴承卡环,CL230888 轴承卡环 | ED10 Spare Part,Verified part number CL230888: 轴承卡环 for ED10. Check equipment compatibility and submit an RFQ to qualified mining spare parts suppliers on KuangpeiYun.,/part-number/cl230888,Request Quote,/rfq/new?partNumber=CL230888,PUBLISHED_READY,2026-09-18
PN-001280,CL231624,cl231624,Sandvik / EIMCO,Underground LHD,ED10,Other,4挡齿轮轴承,,4挡齿轮轴承,EXPLICIT,VERIFIED,HIGH,"ED10 parts manual page 101, item 29; ED10 parts manual page 101, item 32",伊泰LS190-ED10配件手册.pdf,CL231624 — 4挡齿轮轴承,CL231624 4挡齿轮轴承 | ED10 Spare Part,Verified part number CL231624: 4挡齿轮轴承 for ED10. Check equipment compatibility and submit an RFQ to qualified mining spare parts suppliers on KuangpeiYun.,/part-number/cl231624,Request Quote,/rfq/new?partNumber=CL231624,PUBLISHED_READY,2026-09-18
PN-001393,CL249574,cl249574,Sandvik / EIMCO,Underground LHD,ED10,Other,4挡齿轮,,4挡齿轮,EXPLICIT,VERIFIED,HIGH,"ED10 parts manual page 101, item 30",伊泰LS190-ED10配件手册.pdf,CL249574 — 4挡齿轮,CL249574 4挡齿轮 | ED10 Spare Part,Verified part number CL249574: 4挡齿轮 for ED10. Check equipment compatibility and submit an RFQ to qualified mining spare parts suppliers on KuangpeiYun.,/part-number/cl249574,Request Quote,/rfq/new?partNumber=CL249574,PUBLISHED_READY,2026-09-18
PN-001294,CL232405,cl232405,Sandvik / EIMCO,Underground LHD,ED10,Other,4挡齿轮隔套,,4挡齿轮隔套,EXPLICIT,VERIFIED,HIGH,"ED10 parts manual page 101, item 31",伊泰LS190-ED10配件手册.pdf,CL232405 — 4挡齿轮隔套,CL232405 4挡齿轮隔套 | ED10 Spare Part,Verified part number CL232405: 4挡齿轮隔套 for ED10. Check equipment compatibility and submit an RFQ to qualified mining spare parts suppliers on KuangpeiYun.,/part-number/cl232405,Request Quote,/rfq/new?partNumber=CL232405,PUBLISHED_READY,2026-09-18
PN-001236,CL223386,cl223386,Sandvik / EIMCO,Underground LHD,ED10,Other,怠速轴前轴承,,怠速轴前轴承,EXPLICIT,VERIFIED,HIGH,"ED10 parts manual page 101, item 34",伊泰LS190-ED10配件手册.pdf,CL223386 — 怠速轴前轴承,CL223386 怠速轴前轴承 | ED10 Spare Part,Verified part number CL223386: 怠速轴前轴承 for ED10. Check equipment compatibility and submit an RFQ to qualified mining spare parts suppliers on KuangpeiYun.,/part-number/cl223386,Request Quote,/rfq/new?partNumber=CL223386,PUBLISHED_READY,2026-09-18
PN-001407,CL250219,cl250219,Sandvik / EIMCO,Underground LHD,ED10,Other,4挡齿轮活塞环,,4挡齿轮活塞环,EXPLICIT,VERIFIED,HIGH,"ED10 parts manual page 101, item 36",伊泰LS190-ED10配件手册.pdf,CL250219 — 4挡齿轮活塞环,CL250219 4挡齿轮活塞环 | ED10 Spare Part,Verified part number CL250219: 4挡齿轮活塞环 for ED10. Check equipment compatibility and submit an RFQ to qualified mining spare parts suppliers on KuangpeiYun.,/part-number/cl250219,Request Quote,/rfq/new?partNumber=CL250219,PUBLISHED_READY,2026-09-18
PN-001288,CL231884,cl231884,Sandvik / EIMCO,Underground LHD,ED10,Seal/Gasket,前轴承盖油密封,,前轴承盖油密封 | 后轴承盖油密封,EXPLICIT,VERIFIED,HIGH,"ED10 parts manual page 103, item 1; ED10 parts manual page 103, item 15",伊泰LS190-ED10配件手册.pdf,CL231884 — 前轴承盖油密封,CL231884 前轴承盖油密封 | ED10 Spare Part,Verified part number CL231884: 前轴承盖油密封 for ED10. Check equipment compatibility and submit an RFQ to qualified mining spare parts suppliers on KuangpeiYun.,/part-number/cl231884,Request Quote,/rfq/new?partNumber=CL231884,PUBLISHED_READY,2026-09-18
PN-001285,CL231818,cl231818,Sandvik / EIMCO,Underground LHD,ED10,Other,前轴承盖,,前轴承盖,EXPLICIT,VERIFIED,HIGH,"ED10 parts manual page 103, item 2",伊泰LS190-ED10配件手册.pdf,CL231818 — 前轴承盖,CL231818 前轴承盖 | ED10 Spare Part,Verified part number CL231818: 前轴承盖 for ED10. Check equipment compatibility and submit an RFQ to qualified mining spare parts suppliers on KuangpeiYun.,/part-number/cl231818,Request Quote,/rfq/new?partNumber=CL231818,PUBLISHED_READY,2026-09-18
PN-001433,CL25K-40400,cl25k-40400,Sandvik / EIMCO,Underground LHD,ED10,Other,前轴承盖O-型环,,前轴承盖O-型环,EXPLICIT,VERIFIED,HIGH,"ED10 parts manual page 103, item 4",伊泰LS190-ED10配件手册.pdf,CL25K-40400 — 前轴承盖O-型环,CL25K-40400 前轴承盖O-型环 | ED10 Spare Part,Verified part number CL25K-40400: 前轴承盖O-型环 for ED10. Check equipment compatibility and submit an RFQ to qualified mining spare parts suppliers on KuangpeiY,/part-number/cl25k-40400,Request Quote,/rfq/new?partNumber=CL25K-40400,PUBLISHED_READY,2026-09-18
PN-001361,CL243258,cl243258,Sandvik / EIMCO,Underground LHD,ED10,Other,前轴承杯,,前轴承杯,EXPLICIT,VERIFIED,HIGH,"ED10 parts manual page 103, item 5",伊泰LS190-ED10配件手册.pdf,CL243258 — 前轴承杯,CL243258 前轴承杯 | ED10 Spare Part,Verified part number CL243258: 前轴承杯 for ED10. Check equipment compatibility and submit an RFQ to qualified mining spare parts suppliers on KuangpeiYun.,/part-number/cl243258,Request Quote,/rfq/new?partNumber=CL243258,PUBLISHED_READY,2026-09-18
PN-001338,CL239980,cl239980,Sandvik / EIMCO,Underground LHD,ED10,Other,输出轴齿轮隔套,,输出轴齿轮隔套,EXPLICIT,VERIFIED,HIGH,"ED10 parts manual page 103, item 7",伊泰LS190-ED10配件手册.pdf,CL239980 — 输出轴齿轮隔套,CL239980 输出轴齿轮隔套 | ED10 Spare Part,Verified part number CL239980: 输出轴齿轮隔套 for ED10. Check equipment compatibility and submit an RFQ to qualified mining spare parts suppliers on KuangpeiYun.,/part-number/cl239980,Request Quote,/rfq/new?partNumber=CL239980,PUBLISHED_READY,2026-09-18
PN-001334,CL239932,cl239932,Sandvik / EIMCO,Underground LHD,ED10,Other,输出轴,,输出轴,EXPLICIT,VERIFIED,HIGH,"ED10 parts manual page 103, item 8",伊泰LS190-ED10配件手册.pdf,CL239932 — 输出轴,CL239932 输出轴 | ED10 Spare Part,Verified part number CL239932: 输出轴 for ED10. Check equipment compatibility and submit an RFQ to qualified mining spare parts suppliers on KuangpeiYun.,/part-number/cl239932,Request Quote,/rfq/new?partNumber=CL239932,PUBLISHED_READY,2026-09-18
PN-001434,CL25K-40412,cl25k-40412,Sandvik / EIMCO,Underground LHD,ED10,Other,后轴承盖O-型环,,后轴承盖O-型环,EXPLICIT,VERIFIED,HIGH,"ED10 parts manual page 103, item 11",伊泰LS190-ED10配件手册.pdf,CL25K-40412 — 后轴承盖O-型环,CL25K-40412 后轴承盖O-型环 | ED10 Spare Part,Verified part number CL25K-40412: 后轴承盖O-型环 for ED10. Check equipment compatibility and submit an RFQ to qualified mining spare parts suppliers on KuangpeiY,/part-number/cl25k-40412,Request Quote,/rfq/new?partNumber=CL25K-40412,PUBLISHED_READY,2026-09-18
PN-001432,CL25K-30026,cl25k-30026,Sandvik / EIMCO,Underground LHD,ED10,Other,后轴承盖O-型环,,后轴承盖O-型环,EXPLICIT,VERIFIED,HIGH,"ED10 parts manual page 103, item 12",伊泰LS190-ED10配件手册.pdf,CL25K-30026 — 后轴承盖O-型环,CL25K-30026 后轴承盖O-型环 | ED10 Spare Part,Verified part number CL25K-30026: 后轴承盖O-型环 for ED10. Check equipment compatibility and submit an RFQ to qualified mining spare parts suppliers on KuangpeiY,/part-number/cl25k-30026,Request Quote,/rfq/new?partNumber=CL25K-30026,PUBLISHED_READY,2026-09-18
PN-001460,CL6 E-9,cl6-e-9,Sandvik / EIMCO,Underground LHD,ED10,Fastener,后轴承螺栓止动垫圈,,后轴承螺栓止动垫圈,EXPLICIT,VERIFIED,HIGH,"ED10 parts manual page 103, item 13",伊泰LS190-ED10配件手册.pdf,CL6 E-9 — 后轴承螺栓止动垫圈,CL6 E-9 后轴承螺栓止动垫圈 | ED10 Spare Part,Verified part number CL6 E-9: 后轴承螺栓止动垫圈 for ED10. Check equipment compatibility and submit an RFQ to qualified mining spare parts suppliers on KuangpeiYun.,/part-number/cl6-e-9,Request Quote,/rfq/new?partNumber=CL6 E-9,PUBLISHED_READY,2026-09-18
PN-001084,CL1 C-928,cl1-c-928,Sandvik / EIMCO,Underground LHD,ED10,Fastener,后轴承螺栓,,后轴承螺栓,EXPLICIT,VERIFIED,HIGH,"ED10 parts manual page 103, item 14",伊泰LS190-ED10配件手册.pdf,CL1 C-928 — 后轴承螺栓,CL1 C-928 后轴承螺栓 | ED10 Spare Part,Verified part number CL1 C-928: 后轴承螺栓 for ED10. Check equipment compatibility and submit an RFQ to qualified mining spare parts suppliers on KuangpeiYun.,/part-number/cl1-c-928,Request Quote,/rfq/new?partNumber=CL1 C-928,PUBLISHED_READY,2026-09-18
PN-001447,CL4 E-09,cl4-e-09,Sandvik / EIMCO,Underground LHD,ED10,Fastener,前轴承螺栓止动垫圈,,前轴承螺栓止动垫圈,EXPLICIT,VERIFIED,HIGH,"ED10 parts manual page 103, item 16",伊泰LS190-ED10配件手册.pdf,CL4 E-09 — 前轴承螺栓止动垫圈,CL4 E-09 前轴承螺栓止动垫圈 | ED10 Spare Part,Verified part number CL4 E-09: 前轴承螺栓止动垫圈 for ED10. Check equipment compatibility and submit an RFQ to qualified mining spare parts suppliers on KuangpeiYun,/part-number/cl4-e-09,Request Quote,/rfq/new?partNumber=CL4 E-09,PUBLISHED_READY,2026-09-18
PN-001083,CL1 C-920,cl1-c-920,Sandvik / EIMCO,Underground LHD,ED10,Fastener,前轴承螺栓,,前轴承螺栓,EXPLICIT,VERIFIED,HIGH,"ED10 parts manual page 103, item 17",伊泰LS190-ED10配件手册.pdf,CL1 C-920 — 前轴承螺栓,CL1 C-920 前轴承螺栓 | ED10 Spare Part,Verified part number CL1 C-920: 前轴承螺栓 for ED10. Check equipment compatibility and submit an RFQ to qualified mining spare parts suppliers on KuangpeiYun.,/part-number/cl1-c-920,Request Quote,/rfq/new?partNumber=CL1 C-920,PUBLISHED_READY,2026-09-18
PN-001287,CL231878,cl231878,Sandvik / EIMCO,Underground LHD,ED10,Other,后轴承盖,,后轴承盖,EXPLICIT,VERIFIED,HIGH,"ED10 parts manual page 103, item 27",伊泰LS190-ED10配件手册.pdf,CL231878 — 后轴承盖,CL231878 后轴承盖 | ED10 Spare Part,Verified part number CL231878: 后轴承盖 for ED10. Check equipment compatibility and submit an RFQ to qualified mining spare parts suppliers on KuangpeiYun.,/part-number/cl231878,Request Quote,/rfq/new?partNumber=CL231878,PUBLISHED_READY,2026-09-18
PN-001303,CL234651,cl234651,Sandvik / EIMCO,Underground LHD,ED10,Hydraulic,阀芯油封,,阀芯油封 | 阀芯油封卡环,EXPLICIT,VERIFIED,HIGH,"ED10 parts manual page 106, item 1; ED10 parts manual page 106, item 25",伊泰LS190-ED10配件手册.pdf,CL234651 — 阀芯油封,CL234651 阀芯油封 | ED10 Spare Part,Verified part number CL234651: 阀芯油封 for ED10. Check equipment compatibility and submit an RFQ to qualified mining spare parts suppliers on KuangpeiYun.,/part-number/cl234651,Request Quote,/rfq/new?partNumber=CL234651,PUBLISHED_READY,2026-09-18
PN-001376,CL247475,cl247475,Sandvik / EIMCO,Underground LHD,ED10,Hydraulic,阀芯油封挡圈,,阀芯油封挡圈 | 阀芯油封卡环,EXPLICIT,VERIFIED,HIGH,"ED10 parts manual page 106, item 2; ED10 parts manual page 106, item 24",伊泰LS190-ED10配件手册.pdf,CL247475 — 阀芯油封挡圈,CL247475 阀芯油封挡圈 | ED10 Spare Part,Verified part number CL247475: 阀芯油封挡圈 for ED10. Check equipment compatibility and submit an RFQ to qualified mining spare parts suppliers on KuangpeiYun.,/part-number/cl247475,Request Quote,/rfq/new?partNumber=CL247475,PUBLISHED_READY,2026-09-18
PN-001227,CL217657,cl217657,Sandvik / EIMCO,Underground LHD,ED10,Hydraulic,阀芯油封垫圈,,阀芯油封垫圈,EXPLICIT,VERIFIED,HIGH,"ED10 parts manual page 106, item 3; ED10 parts manual page 106, item 23",伊泰LS190-ED10配件手册.pdf,CL217657 — 阀芯油封垫圈,CL217657 阀芯油封垫圈 | ED10 Spare Part,Verified part number CL217657: 阀芯油封垫圈 for ED10. Check equipment compatibility and submit an RFQ to qualified mining spare parts suppliers on KuangpeiYun.,/part-number/cl217657,Request Quote,/rfq/new?partNumber=CL217657,PUBLISHED_READY,2026-09-18
PN-001271,CL231158,cl231158,Sandvik / EIMCO,Underground LHD,ED10,Hydraulic,前进和倒车挡阀芯,,前进和倒车挡阀芯,EXPLICIT,VERIFIED,HIGH,"ED10 parts manual page 106, item 4",伊泰LS190-ED10配件手册.pdf,CL231158 — 前进和倒车挡阀芯,CL231158 前进和倒车挡阀芯 | ED10 Spare Part,Verified part number CL231158: 前进和倒车挡阀芯 for ED10. Check equipment compatibility and submit an RFQ to qualified mining spare parts suppliers on KuangpeiYun.,/part-number/cl231158,Request Quote,/rfq/new?partNumber=CL231158,PUBLISHED_READY,2026-09-18
PN-001383,CL248023,cl248023,Sandvik / EIMCO,Underground LHD,ED10,Hydraulic,控制阀衬垫,,控制阀衬垫 | 垫板垫圈,EXPLICIT,VERIFIED,HIGH,"ED10 parts manual page 106, item 5; ED10 parts manual page 109, item 2",伊泰LS190-ED10配件手册.pdf,CL248023 — 控制阀衬垫,CL248023 控制阀衬垫 | ED10 Spare Part,Verified part number CL248023: 控制阀衬垫 for ED10. Check equipment compatibility and submit an RFQ to qualified mining spare parts suppliers on KuangpeiYun.,/part-number/cl248023,Request Quote,/rfq/new?partNumber=CL248023,PUBLISHED_READY,2026-09-18
PN-001138,CL202200,cl202200,Sandvik / EIMCO,Underground LHD,ED10,Other,棘爪簧,,棘爪簧,EXPLICIT,VERIFIED,HIGH,"ED10 parts manual page 106, item 6; ED10 parts manual page 106, item 7; ED10 parts manual page 106, item 17",伊泰LS190-ED10配件手册.pdf,CL202200 — 棘爪簧,CL202200 棘爪簧 | ED10 Spare Part,Verified part number CL202200: 棘爪簧 for ED10. Check equipment compatibility and submit an RFQ to qualified mining spare parts suppliers on KuangpeiYun.,/part-number/cl202200,Request Quote,/rfq/new?partNumber=CL202200,PUBLISHED_READY,2026-09-18
PN-001085,CL10 J-12,cl10-j-12,Sandvik / EIMCO,Underground LHD,ED10,Steering/Brake,制动器,,制动器,EXPLICIT,VERIFIED,HIGH,"ED10 parts manual page 106, item 8",伊泰LS190-ED10配件手册.pdf,CL10 J-12 — 制动器,CL10 J-12 制动器 | ED10 Spare Part,Verified part number CL10 J-12: 制动器 for ED10. Check equipment compatibility and submit an RFQ to qualified mining spare parts suppliers on KuangpeiYun.,/part-number/cl10-j-12,Request Quote,/rfq/new?partNumber=CL10 J-12,PUBLISHED_READY,2026-09-18
PN-001355,CL242532,cl242532,Sandvik / EIMCO,Underground LHD,ED10,Electrical,空挡开关,,空挡开关,EXPLICIT,VERIFIED,HIGH,"ED10 parts manual page 106, item 9",伊泰LS190-ED10配件手册.pdf,CL242532 — 空挡开关,CL242532 空挡开关 | ED10 Spare Part,Verified part number CL242532: 空挡开关 for ED10. Check equipment compatibility and submit an RFQ to qualified mining spare parts suppliers on KuangpeiYun.,/part-number/cl242532,Request Quote,/rfq/new?partNumber=CL242532,PUBLISHED_READY,2026-09-18
PN-001094,CL10J-12,cl10j-12,Sandvik / EIMCO,Underground LHD,ED10,Steering/Brake,空挡开关制动器,,空挡开关制动器,EXPLICIT,VERIFIED,HIGH,"ED10 parts manual page 106, item 10",伊泰LS190-ED10配件手册.pdf,CL10J-12 — 空挡开关制动器,CL10J-12 空挡开关制动器 | ED10 Spare Part,Verified part number CL10J-12: 空挡开关制动器 for ED10. Check equipment compatibility and submit an RFQ to qualified mining spare parts suppliers on KuangpeiYun.,/part-number/cl10j-12,Request Quote,/rfq/new?partNumber=CL10J-12,PUBLISHED_READY,2026-09-18
PN-001399,CL24K-7,cl24k-7,Sandvik / EIMCO,Underground LHD,ED10,Hydraulic,阀箱塞子,,阀箱塞子 | 停止阀塞子 | 行星加油盖 | 加油口塞子套管,EXPLICIT,VERIFIED,HIGH,"ED10 parts manual page 106, item 11; ED10 parts manual page 106, item 27; ED10 parts manual page 153, item 10; ED10 parts manual page 153, item 22",伊泰LS190-ED10配件手册.pdf,CL24K-7 — 阀箱塞子,CL24K-7 阀箱塞子 | ED10 Spare Part,Verified part number CL24K-7: 阀箱塞子 for ED10. Check equipment compatibility and submit an RFQ to qualified mining spare parts suppliers on KuangpeiYun.,/part-number/cl24k-7,Request Quote,/rfq/new?partNumber=CL24K-7,PUBLISHED_READY,2026-09-18
PN-001498,CL91F-7,cl91f-7,Sandvik / EIMCO,Underground LHD,ED10,Hydraulic,阀箱塞子O形圈,,阀箱塞子O形圈 | 停止阀塞子O形圈,EXPLICIT,VERIFIED,HIGH,"ED10 parts manual page 106, item 12; ED10 parts manual page 106, item 28",伊泰LS190-ED10配件手册.pdf,CL91F-7 — 阀箱塞子O形圈,CL91F-7 阀箱塞子O形圈 | ED10 Spare Part,Verified part number CL91F-7: 阀箱塞子O形圈 for ED10. Check equipment compatibility and submit an RFQ to qualified mining spare parts suppliers on KuangpeiYun.,/part-number/cl91f-7,Request Quote,/rfq/new?partNumber=CL91F-7,PUBLISHED_READY,2026-09-18
PN-001348,CL241636,cl241636,Sandvik / EIMCO,Underground LHD,ED10,Hydraulic,"控制阀箱装配 - 包括零件1至4, 9至 12, 20, 21, 23, 24,",,"控制阀箱装配 - 包括零件1至4, 9至 12, 20, 21, 23, 24,",EXPLICIT,VERIFIED,HIGH,"ED10 parts manual page 106, item 14",伊泰LS190-ED10配件手册.pdf,"CL241636 — 控制阀箱装配 - 包括零件1至4, 9至 12, 20, 21, 23, 24,","CL241636 控制阀箱装配 - 包括零件1至4, 9至 12, 20, 21, 23, 24, | ED10 Spa","Verified part number CL241636: 控制阀箱装配 - 包括零件1至4, 9至 12, 20, 21, 23, 24, for ED10. Check equipment compatibility and submit an RFQ to qualified mining spare",/part-number/cl241636,Request Quote,/rfq/new?partNumber=CL241636,PUBLISHED_READY,2026-09-18
PN-001305,CL235058,cl235058,Sandvik / EIMCO,Underground LHD,ED10,Other,棘爪簧塞子,,棘爪簧塞子,EXPLICIT,VERIFIED,HIGH,"ED10 parts manual page 106, item 15",伊泰LS190-ED10配件手册.pdf,CL235058 — 棘爪簧塞子,CL235058 棘爪簧塞子 | ED10 Spare Part,Verified part number CL235058: 棘爪簧塞子 for ED10. Check equipment compatibility and submit an RFQ to qualified mining spare parts suppliers on KuangpeiYun.,/part-number/cl235058,Request Quote,/rfq/new?partNumber=CL235058,PUBLISHED_READY,2026-09-18
PN-001306,CL235061,cl235061,Sandvik / EIMCO,Underground LHD,ED10,Fastener,棘爪簧塞子垫圈,,棘爪簧塞子垫圈,EXPLICIT,VERIFIED,HIGH,"ED10 parts manual page 106, item 16",伊泰LS190-ED10配件手册.pdf,CL235061 — 棘爪簧塞子垫圈,CL235061 棘爪簧塞子垫圈 | ED10 Spare Part,Verified part number CL235061: 棘爪簧塞子垫圈 for ED10. Check equipment compatibility and submit an RFQ to qualified mining spare parts suppliers on KuangpeiYun.,/part-number/cl235061,Request Quote,/rfq/new?partNumber=CL235061,PUBLISHED_READY,2026-09-18
PN-001129,CL1C-632,cl1c-632,Sandvik / EIMCO,Underground LHD,ED10,Hydraulic,阀至变矩器箱－螺钉,,阀至变矩器箱－螺钉,EXPLICIT,VERIFIED,HIGH,"ED10 parts manual page 106, item 18",伊泰LS190-ED10配件手册.pdf,CL1C-632 — 阀至变矩器箱－螺钉,CL1C-632 阀至变矩器箱－螺钉 | ED10 Spare Part,Verified part number CL1C-632: 阀至变矩器箱－螺钉 for ED10. Check equipment compatibility and submit an RFQ to qualified mining spare parts suppliers on KuangpeiYun,/part-number/cl1c-632,Request Quote,/rfq/new?partNumber=CL1C-632,PUBLISHED_READY,2026-09-18
PN-001453,CL4E-06,cl4e-06,Sandvik / EIMCO,Underground LHD,ED10,Hydraulic,阀至变矩器箱－螺钉防松垫圈,,阀至变矩器箱－螺钉防松垫圈 | 垫板装配螺栓止动垫圈 | 油隔板螺栓锁紧垫圈 | 叶轮至盖螺钉防松垫圈 | 泵双头螺栓锁紧垫圈,EXPLICIT,VERIFIED,HIGH,"ED10 parts manual page 106, item 19; ED10 parts manual page 109, item 3; ED10 parts manual page 120, item 8; ED10 parts manual page 123, item 17; ED10 parts manual page 129, item 7; ED10 parts manual page 157, item 25",伊泰LS190-ED10配件手册.pdf,CL4E-06 — 阀至变矩器箱－螺钉防松垫圈,CL4E-06 阀至变矩器箱－螺钉防松垫圈 | ED10 Spare Part,Verified part number CL4E-06: 阀至变矩器箱－螺钉防松垫圈 for ED10. Check equipment compatibility and submit an RFQ to qualified mining spare parts suppliers on Kuangpei,/part-number/cl4e-06,Request Quote,/rfq/new?partNumber=CL4E-06,PUBLISHED_READY,2026-09-18
PN-001326,CL239243,cl239243,Sandvik / EIMCO,Underground LHD,ED10,Hydraulic,速度选择器阀芯管塞,,速度选择器阀芯管塞,EXPLICIT,VERIFIED,HIGH,"ED10 parts manual page 106, item 20",伊泰LS190-ED10配件手册.pdf,CL239243 — 速度选择器阀芯管塞,CL239243 速度选择器阀芯管塞 | ED10 Spare Part,Verified part number CL239243: 速度选择器阀芯管塞 for ED10. Check equipment compatibility and submit an RFQ to qualified mining spare parts suppliers on KuangpeiYun,/part-number/cl239243,Request Quote,/rfq/new?partNumber=CL239243,PUBLISHED_READY,2026-09-18
PN-001347,CL241631,cl241631,Sandvik / EIMCO,Underground LHD,ED10,Hydraulic,速度选择器阀芯，包括零件20,,速度选择器阀芯，包括零件20,EXPLICIT,VERIFIED,HIGH,"ED10 parts manual page 106, item 21",伊泰LS190-ED10配件手册.pdf,CL241631 — 速度选择器阀芯，包括零件20,CL241631 速度选择器阀芯，包括零件20 | ED10 Spare Part,Verified part number CL241631: 速度选择器阀芯，包括零件20 for ED10. Check equipment compatibility and submit an RFQ to qualified mining spare parts suppliers on Kuangp,/part-number/cl241631,Request Quote,/rfq/new?partNumber=CL241631,PUBLISHED_READY,2026-09-18
PN-001286,CL231840,cl231840,Sandvik / EIMCO,Underground LHD,ED10,Other,替换隔板,,替换隔板,EXPLICIT,VERIFIED,HIGH,"ED10 parts manual page 106, item 22",伊泰LS190-ED10配件手册.pdf,CL231840 — 替换隔板,CL231840 替换隔板 | ED10 Spare Part,Verified part number CL231840: 替换隔板 for ED10. Check equipment compatibility and submit an RFQ to qualified mining spare parts suppliers on KuangpeiYun.,/part-number/cl231840,Request Quote,/rfq/new?partNumber=CL231840,PUBLISHED_READY,2026-09-18
PN-001270,CL231155,cl231155,Sandvik / EIMCO,Underground LHD,ED10,Hydraulic,阀芯,,阀芯,EXPLICIT,VERIFIED,HIGH,"ED10 parts manual page 106, item 29",伊泰LS190-ED10配件手册.pdf,CL231155 — 阀芯,CL231155 阀芯 | ED10 Spare Part,Verified part number CL231155: 阀芯 for ED10. Check equipment compatibility and submit an RFQ to qualified mining spare parts suppliers on KuangpeiYun.,/part-number/cl231155,Request Quote,/rfq/new?partNumber=CL231155,PUBLISHED_READY,2026-09-18
PN-001273,CL231164,cl231164,Sandvik / EIMCO,Underground LHD,ED10,Hydraulic,控制阀,,控制阀,EXPLICIT,VERIFIED,HIGH,"ED10 parts manual page 106, item 30",伊泰LS190-ED10配件手册.pdf,CL231164 — 控制阀,CL231164 控制阀 | ED10 Spare Part,Verified part number CL231164: 控制阀 for ED10. Check equipment compatibility and submit an RFQ to qualified mining spare parts suppliers on KuangpeiYun.,/part-number/cl231164,Request Quote,/rfq/new?partNumber=CL231164,PUBLISHED_READY,2026-09-18
PN-001272,CL231160,cl231160,Sandvik / EIMCO,Underground LHD,ED10,Hydraulic,控制阀安装板,,控制阀安装板,EXPLICIT,VERIFIED,HIGH,"ED10 parts manual page 106, item 47",伊泰LS190-ED10配件手册.pdf,CL231160 — 控制阀安装板,CL231160 控制阀安装板 | ED10 Spare Part,Verified part number CL231160: 控制阀安装板 for ED10. Check equipment compatibility and submit an RFQ to qualified mining spare parts suppliers on KuangpeiYun.,/part-number/cl231160,Request Quote,/rfq/new?partNumber=CL231160,PUBLISHED_READY,2026-09-18
PN-001438,CL266875,cl266875,Sandvik / EIMCO,Underground LHD,ED10,Hydraulic,遥控阀调节板,,遥控阀调节板,EXPLICIT,VERIFIED,HIGH,"ED10 parts manual page 106, item 48",伊泰LS190-ED10配件手册.pdf,CL266875 — 遥控阀调节板,CL266875 遥控阀调节板 | ED10 Spare Part,Verified part number CL266875: 遥控阀调节板 for ED10. Check equipment compatibility and submit an RFQ to qualified mining spare parts suppliers on KuangpeiYun.,/part-number/cl266875,Request Quote,/rfq/new?partNumber=CL266875,PUBLISHED_READY,2026-09-18
PN-001375,CL246261,cl246261,Sandvik / EIMCO,Underground LHD,ED10,Hydraulic,遥控阀垫板,,遥控阀垫板,EXPLICIT,VERIFIED,HIGH,"ED10 parts manual page 109, item 1",伊泰LS190-ED10配件手册.pdf,CL246261 — 遥控阀垫板,CL246261 遥控阀垫板 | ED10 Spare Part,Verified part number CL246261: 遥控阀垫板 for ED10. Check equipment compatibility and submit an RFQ to qualified mining spare parts suppliers on KuangpeiYun.,/part-number/cl246261,Request Quote,/rfq/new?partNumber=CL246261,PUBLISHED_READY,2026-09-18
PN-001130,CL1C-652,cl1c-652,Sandvik / EIMCO,Underground LHD,ED10,Fastener,垫板装配螺栓,,垫板装配螺栓,EXPLICIT,VERIFIED,HIGH,"ED10 parts manual page 109, item 4",伊泰LS190-ED10配件手册.pdf,CL1C-652 — 垫板装配螺栓,CL1C-652 垫板装配螺栓 | ED10 Spare Part,Verified part number CL1C-652: 垫板装配螺栓 for ED10. Check equipment compatibility and submit an RFQ to qualified mining spare parts suppliers on KuangpeiYun.,/part-number/cl1c-652,Request Quote,/rfq/new?partNumber=CL1C-652,PUBLISHED_READY,2026-09-18
PN-001400,CL24K06,cl24k06,Sandvik / EIMCO,Underground LHD,ED10,Other,提供塞子,,提供塞子,EXPLICIT,VERIFIED,HIGH,"ED10 parts manual page 109, item 5",伊泰LS190-ED10配件手册.pdf,CL24K06 — 提供塞子,CL24K06 提供塞子 | ED10 Spare Part,Verified part number CL24K06: 提供塞子 for ED10. Check equipment compatibility and submit an RFQ to qualified mining spare parts suppliers on KuangpeiYun.,/part-number/cl24k06,Request Quote,/rfq/new?partNumber=CL24K06,PUBLISHED_READY,2026-09-18
PN-001103,CL11F-08,cl11f-08,Sandvik / EIMCO,Underground LHD,ED10,Other,排放塞子-未显示,,排放塞子-未显示,EXPLICIT,VERIFIED,HIGH,"ED10 parts manual page 109, item 6",伊泰LS190-ED10配件手册.pdf,CL11F-08 — 排放塞子-未显示,CL11F-08 排放塞子-未显示 | ED10 Spare Part,Verified part number CL11F-08: 排放塞子-未显示 for ED10. Check equipment compatibility and submit an RFQ to qualified mining spare parts suppliers on KuangpeiYun.,/part-number/cl11f-08,Request Quote,/rfq/new?partNumber=CL11F-08,PUBLISHED_READY,2026-09-18
PN-001368,CL244763,cl244763,Sandvik / EIMCO,Underground LHD,ED10,Other,输运垫板-未显示,,输运垫板-未显示,EXPLICIT,VERIFIED,HIGH,"ED10 parts manual page 109, item 7",伊泰LS190-ED10配件手册.pdf,CL244763 — 输运垫板-未显示,CL244763 输运垫板-未显示 | ED10 Spare Part,Verified part number CL244763: 输运垫板-未显示 for ED10. Check equipment compatibility and submit an RFQ to qualified mining spare parts suppliers on KuangpeiYun.,/part-number/cl244763,Request Quote,/rfq/new?partNumber=CL244763,PUBLISHED_READY,2026-09-18
PN-001398,CL24K-5,cl24k-5,Sandvik / EIMCO,Underground LHD,ED10,Other,板塞子（第4）-未显示,,板塞子（第4）-未显示,EXPLICIT,VERIFIED,HIGH,"ED10 parts manual page 109, item 8",伊泰LS190-ED10配件手册.pdf,CL24K-5 — 板塞子（第4）-未显示,CL24K-5 板塞子（第4）-未显示 | ED10 Spare Part,Verified part number CL24K-5: 板塞子（第4）-未显示 for ED10. Check equipment compatibility and submit an RFQ to qualified mining spare parts suppliers on KuangpeiYu,/part-number/cl24k-5,Request Quote,/rfq/new?partNumber=CL24K-5,PUBLISHED_READY,2026-09-18
PN-000396,A2U130-348004,a2u130-348004,Sandvik / EIMCO,Underground LHD,ED10,Transmission/Driveline,Transmission Isolation Block,Transmission Isolation Block,隔离，变速箱,EXPLICIT,VERIFIED,HIGH,"ED10 parts manual page 112, item 1; SANDVIK LS190-B2285 SPARE PARTS LIST_Mining India_24.03.2026.xlsx, Sheet1, row 105",SANDVIK LS190-B2285 SPARE PARTS LIST_Mining India_24.03.2026.xlsx | 伊泰LS190-ED10配件手册.pdf,A2U130-348004 — Transmission Isolation Block,A2U130-348004 Transmission Isolation Block | ED10 Spare Part,Verified part number A2U130-348004: Transmission Isolation Block for ED10. Check equipment compatibility and submit an RFQ to qualified mining spare parts ,/part-number/a2u130-348004,Request Quote,/rfq/new?partNumber=A2U130-348004,PUBLISHED_READY,2026-09-18
PN-000398,A2U130-391120,a2u130-391120,Sandvik / EIMCO,Underground LHD,ED10,Structure,"TRANS MOUNT, L/H","TRANS MOUNT, L/H",左边变速箱安装,EXPLICIT,VERIFIED,HIGH,"ED10 parts manual page 112, item 2; LS_190_-REQUIREMENT20260107.xlsx, Sheet1, row 3",LS_190_-REQUIREMENT20260107.xlsx | 伊泰LS190-ED10配件手册.pdf,"A2U130-391120 — TRANS MOUNT, L/H","A2U130-391120 TRANS MOUNT, L/H | ED10 Spare Part","Verified part number A2U130-391120: TRANS MOUNT, L/H for ED10. Check equipment compatibility and submit an RFQ to qualified mining spare parts suppliers on",/part-number/a2u130-391120,Request Quote,/rfq/new?partNumber=A2U130-391120,PUBLISHED_READY,2026-09-18
PN-000399,A2U130-391121,a2u130-391121,Sandvik / EIMCO,Underground LHD,ED10,Structure,"TRANS MOUNT, R/H","TRANS MOUNT, R/H",右边变速箱安装,EXPLICIT,VERIFIED,HIGH,"ED10 parts manual page 112, item 3; LS_190_-REQUIREMENT20260107.xlsx, Sheet1, row 2",LS_190_-REQUIREMENT20260107.xlsx | 伊泰LS190-ED10配件手册.pdf,"A2U130-391121 — TRANS MOUNT, R/H","A2U130-391121 TRANS MOUNT, R/H | ED10 Spare Part","Verified part number A2U130-391121: TRANS MOUNT, R/H for ED10. Check equipment compatibility and submit an RFQ to qualified mining spare parts suppliers on",/part-number/a2u130-391121,Request Quote,/rfq/new?partNumber=A2U130-391121,PUBLISHED_READY,2026-09-18
PN-000403,A2U130-391168,a2u130-391168,Sandvik / EIMCO,Underground LHD,ED10,Transmission/Driveline,底部变速箱安装,,底部变速箱安装,EXPLICIT,VERIFIED,HIGH,"ED10 parts manual page 112, item 4",伊泰LS190-ED10配件手册.pdf,A2U130-391168 — 底部变速箱安装,A2U130-391168 底部变速箱安装 | ED10 Spare Part,Verified part number A2U130-391168: 底部变速箱安装 for ED10. Check equipment compatibility and submit an RFQ to qualified mining spare parts suppliers on Kuangpei,/part-number/a2u130-391168,Request Quote,/rfq/new?partNumber=A2U130-391168,PUBLISHED_READY,2026-09-18
PN-000404,A2U130-391169,a2u130-391169,Sandvik / EIMCO,Underground LHD,ED10,Transmission/Driveline,右顶部变速箱安装,,右顶部变速箱安装,EXPLICIT,VERIFIED,HIGH,"ED10 parts manual page 112, item 5",伊泰LS190-ED10配件手册.pdf,A2U130-391169 — 右顶部变速箱安装,A2U130-391169 右顶部变速箱安装 | ED10 Spare Part,Verified part number A2U130-391169: 右顶部变速箱安装 for ED10. Check equipment compatibility and submit an RFQ to qualified mining spare parts suppliers on Kuangpe,/part-number/a2u130-391169,Request Quote,/rfq/new?partNumber=A2U130-391169,PUBLISHED_READY,2026-09-18
PN-000405,A2U130-391170,a2u130-391170,Sandvik / EIMCO,Underground LHD,ED10,Transmission/Driveline,左顶部变速箱安装,,左顶部变速箱安装,EXPLICIT,VERIFIED,HIGH,"ED10 parts manual page 112, item 6",伊泰LS190-ED10配件手册.pdf,A2U130-391170 — 左顶部变速箱安装,A2U130-391170 左顶部变速箱安装 | ED10 Spare Part,Verified part number A2U130-391170: 左顶部变速箱安装 for ED10. Check equipment compatibility and submit an RFQ to qualified mining spare parts suppliers on Kuangpe,/part-number/a2u130-391170,Request Quote,/rfq/new?partNumber=A2U130-391170,PUBLISHED_READY,2026-09-18
PN-000400,A2U130-391146,a2u130-391146,Sandvik / EIMCO,Underground LHD,ED10,Other,Snubber,Snubber,后减震器,EXPLICIT,VERIFIED,HIGH,"ED10 parts manual page 112, item 7; SANDVIK LS190-B2285 SPARE PARTS LIST_Mining India_24.03.2026.xlsx, Sheet1, row 104",SANDVIK LS190-B2285 SPARE PARTS LIST_Mining India_24.03.2026.xlsx | 伊泰LS190-ED10配件手册.pdf,A2U130-391146 — Snubber,A2U130-391146 Snubber | ED10 Spare Part,Verified part number A2U130-391146: Snubber for ED10. Check equipment compatibility and submit an RFQ to qualified mining spare parts suppliers on Kuangpei,/part-number/a2u130-391146,Request Quote,/rfq/new?partNumber=A2U130-391146,PUBLISHED_READY,2026-09-18
PN-000849,A2U913-391141,a2u913-391141,Sandvik / EIMCO,Underground LHD,ED10,Other,Dampener,Dampener,左减震器,EXPLICIT,VERIFIED,HIGH,"ED10 parts manual page 112, item 8; SANDVIK LS190-B2285 SPARE PARTS LIST_Mining India_24.03.2026.xlsx, Sheet1, row 103",SANDVIK LS190-B2285 SPARE PARTS LIST_Mining India_24.03.2026.xlsx | 伊泰LS190-ED10配件手册.pdf,A2U913-391141 — Dampener,A2U913-391141 Dampener | ED10 Spare Part,Verified part number A2U913-391141: Dampener for ED10. Check equipment compatibility and submit an RFQ to qualified mining spare parts suppliers on Kuangpe,/part-number/a2u913-391141,Request Quote,/rfq/new?partNumber=A2U913-391141,PUBLISHED_READY,2026-09-18
PN-000213,455309040,455309040,Sandvik / EIMCO,Underground LHD,ED10,Fastener,六角螺母,,六角螺母,EXPLICIT,VERIFIED,HIGH,"ED10 parts manual page 112, item 9; ED10 parts manual page 176, item 25; ED10 parts manual page 317, item 11",伊泰LS190-ED10配件手册.pdf,455309040 — 六角螺母,455309040 六角螺母 | ED10 Spare Part,Verified part number 455309040: 六角螺母 for ED10. Check equipment compatibility and submit an RFQ to qualified mining spare parts suppliers on KuangpeiYun.,/part-number/455309040,Request Quote,/rfq/new?partNumber=455309040,PUBLISHED_READY,2026-09-18
PN-000151,445402954,445402954,Sandvik / EIMCO,Underground LHD,ED10,Fastener,六角头螺栓,,六角头螺栓,EXPLICIT,VERIFIED,HIGH,"ED10 parts manual page 112, item 10",伊泰LS190-ED10配件手册.pdf,445402954 — 六角头螺栓,445402954 六角头螺栓 | ED10 Spare Part,Verified part number 445402954: 六角头螺栓 for ED10. Check equipment compatibility and submit an RFQ to qualified mining spare parts suppliers on KuangpeiYun.,/part-number/445402954,Request Quote,/rfq/new?partNumber=445402954,PUBLISHED_READY,2026-09-18
PN-000083,06581411,06581411,Sandvik / EIMCO,Underground LHD,ED10,Fastener,平垫圈,,平垫圈,EXPLICIT,VERIFIED,HIGH,"ED10 parts manual page 112, item 12",伊泰LS190-ED10配件手册.pdf,06581411 — 平垫圈,06581411 平垫圈 | ED10 Spare Part,Verified part number 06581411: 平垫圈 for ED10. Check equipment compatibility and submit an RFQ to qualified mining spare parts suppliers on KuangpeiYun.,/part-number/06581411,Request Quote,/rfq/new?partNumber=06581411,PUBLISHED_READY,2026-09-18
PN-001897,W12HB,w12hb,Sandvik / EIMCO,Underground LHD,ED10,Fastener,平垫圈,,平垫圈,EXPLICIT,VERIFIED,HIGH,"ED10 parts manual page 112, item 13",伊泰LS190-ED10配件手册.pdf,W12HB — 平垫圈,W12HB 平垫圈 | ED10 Spare Part,Verified part number W12HB: 平垫圈 for ED10. Check equipment compatibility and submit an RFQ to qualified mining spare parts suppliers on KuangpeiYun.,/part-number/w12hb,Request Quote,/rfq/new?partNumber=W12HB,PUBLISHED_READY,2026-09-18
PN-000748,A2U900-392102,a2u900-392102,Sandvik / EIMCO,Underground LHD,ED10,Fastener,弹簧垫圈,,弹簧垫圈,EXPLICIT,VERIFIED,HIGH,"ED10 parts manual page 112, item 14",伊泰LS190-ED10配件手册.pdf,A2U900-392102 — 弹簧垫圈,A2U900-392102 弹簧垫圈 | ED10 Spare Part,Verified part number A2U900-392102: 弹簧垫圈 for ED10. Check equipment compatibility and submit an RFQ to qualified mining spare parts suppliers on KuangpeiYun,/part-number/a2u900-392102,Request Quote,/rfq/new?partNumber=A2U900-392102,PUBLISHED_READY,2026-09-18
PN-001862,T12VG32W,t12vg32w,Sandvik / EIMCO,Underground LHD,ED10,Fastener,六角头螺栓,,六角头螺栓,EXPLICIT,VERIFIED,HIGH,"ED10 parts manual page 112, item 15",伊泰LS190-ED10配件手册.pdf,T12VG32W — 六角头螺栓,T12VG32W 六角头螺栓 | ED10 Spare Part,Verified part number T12VG32W: 六角头螺栓 for ED10. Check equipment compatibility and submit an RFQ to qualified mining spare parts suppliers on KuangpeiYun.,/part-number/t12vg32w,Request Quote,/rfq/new?partNumber=T12VG32W,PUBLISHED_READY,2026-09-18
PN-000739,A2U900-311041,a2u900-311041,Sandvik / EIMCO,Underground LHD,ED10,Other,C323.3-2 变矩器,,C323.3-2 变矩器,EXPLICIT,VERIFIED,HIGH,"ED10 parts manual page 114, item 1",伊泰LS190-ED10配件手册.pdf,A2U900-311041 — C323.3-2 变矩器,A2U900-311041 C323.3-2 变矩器 | ED10 Spare Part,Verified part number A2U900-311041: C323.3-2 变矩器 for ED10. Check equipment compatibility and submit an RFQ to qualified mining spare parts suppliers on Kua,/part-number/a2u900-311041,Request Quote,/rfq/new?partNumber=A2U900-311041,PUBLISHED_READY,2026-09-18
PN-000510,A2U220-212009,a2u220-212009,Sandvik / EIMCO,Underground LHD,ED10,Other,飞轮，改进,,飞轮，改进,EXPLICIT,VERIFIED,HIGH,"ED10 parts manual page 114, item 3",伊泰LS190-ED10配件手册.pdf,A2U220-212009 — 飞轮，改进,A2U220-212009 飞轮，改进 | ED10 Spare Part,Verified part number A2U220-212009: 飞轮，改进 for ED10. Check equipment compatibility and submit an RFQ to qualified mining spare parts suppliers on KuangpeiYu,/part-number/a2u220-212009,Request Quote,/rfq/new?partNumber=A2U220-212009,PUBLISHED_READY,2026-09-18
PN-001065,C2A9Y4583,c2a9y4583,Sandvik / EIMCO,Underground LHD,ED10,Other,飞轮罩,,飞轮罩,EXPLICIT,VERIFIED,HIGH,"ED10 parts manual page 114, item 5",伊泰LS190-ED10配件手册.pdf,C2A9Y4583 — 飞轮罩,C2A9Y4583 飞轮罩 | ED10 Spare Part,Verified part number C2A9Y4583: 飞轮罩 for ED10. Check equipment compatibility and submit an RFQ to qualified mining spare parts suppliers on KuangpeiYun.,/part-number/c2a9y4583,Request Quote,/rfq/new?partNumber=C2A9Y4583,PUBLISHED_READY,2026-09-18
PN-001882,T6ZH20,t6zh20,Sandvik / EIMCO,Underground LHD,ED10,Fastener,凹头螺钉,,凹头螺钉,EXPLICIT,VERIFIED,HIGH,"ED10 parts manual page 114, item 7",伊泰LS190-ED10配件手册.pdf,T6ZH20 — 凹头螺钉,T6ZH20 凹头螺钉 | ED10 Spare Part,Verified part number T6ZH20: 凹头螺钉 for ED10. Check equipment compatibility and submit an RFQ to qualified mining spare parts suppliers on KuangpeiYun.,/part-number/t6zh20,Request Quote,/rfq/new?partNumber=T6ZH20,PUBLISHED_READY,2026-09-18
PN-001874,T6GG60,t6gg60,Sandvik / EIMCO,Underground LHD,ED10,Fastener,六角头螺栓,,六角头螺栓,EXPLICIT,VERIFIED,HIGH,"ED10 parts manual page 114, item 10",伊泰LS190-ED10配件手册.pdf,T6GG60 — 六角头螺栓,T6GG60 六角头螺栓 | ED10 Spare Part,Verified part number T6GG60: 六角头螺栓 for ED10. Check equipment compatibility and submit an RFQ to qualified mining spare parts suppliers on KuangpeiYun.,/part-number/t6gg60,Request Quote,/rfq/new?partNumber=T6GG60,PUBLISHED_READY,2026-09-18
PN-001448,CL40K-02,cl40k-02,Sandvik / EIMCO,Underground LHD,ED10,Other,塞子,,塞子 | 阀，管道塞子壳 | 变换器腔室管道塞子,EXPLICIT,VERIFIED,HIGH,"ED10 parts manual page 114, item 12; ED10 parts manual page 118, item 17; ED10 parts manual page 118, item 18; ED10 parts manual page 120, item 10",伊泰LS190-ED10配件手册.pdf,CL40K-02 — 塞子,CL40K-02 塞子 | ED10 Spare Part,Verified part number CL40K-02: 塞子 for ED10. Check equipment compatibility and submit an RFQ to qualified mining spare parts suppliers on KuangpeiYun.,/part-number/cl40k-02,Request Quote,/rfq/new?partNumber=CL40K-02,PUBLISHED_READY,2026-09-18
PN-001384,CL248142,cl248142,Sandvik / EIMCO,Underground LHD,ED10,Structure,通气装置（遥控安装）,,通气装置（遥控安装）,EXPLICIT,VERIFIED,HIGH,"ED10 parts manual page 116, item 11",伊泰LS190-ED10配件手册.pdf,CL248142 — 通气装置（遥控安装）,CL248142 通气装置（遥控安装） | ED10 Spare Part,Verified part number CL248142: 通气装置（遥控安装） for ED10. Check equipment compatibility and submit an RFQ to qualified mining spare parts suppliers on KuangpeiYu,/part-number/cl248142,Request Quote,/rfq/new?partNumber=CL248142,PUBLISHED_READY,2026-09-18
PN-001298,CL233128,cl233128,Sandvik / EIMCO,Underground LHD,ED10,Hydraulic,调节阀，螺栓和锁紧垫圈壳,,调节阀，螺栓和锁紧垫圈壳,EXPLICIT,VERIFIED,HIGH,"ED10 parts manual page 118, item 4",伊泰LS190-ED10配件手册.pdf,CL233128 — 调节阀，螺栓和锁紧垫圈壳,CL233128 调节阀，螺栓和锁紧垫圈壳 | ED10 Spare Part,Verified part number CL233128: 调节阀，螺栓和锁紧垫圈壳 for ED10. Check equipment compatibility and submit an RFQ to qualified mining spare parts suppliers on Kuangpei,/part-number/cl233128,Request Quote,/rfq/new?partNumber=CL233128,PUBLISHED_READY,2026-09-18
PN-001473,CL660178,cl660178,Sandvik / EIMCO,Underground LHD,ED10,Structure,气门关闭转筒销,,气门关闭转筒销,EXPLICIT,VERIFIED,HIGH,"ED10 parts manual page 118, item 6",伊泰LS190-ED10配件手册.pdf,CL660178 — 气门关闭转筒销,CL660178 气门关闭转筒销 | ED10 Spare Part,Verified part number CL660178: 气门关闭转筒销 for ED10. Check equipment compatibility and submit an RFQ to qualified mining spare parts suppliers on KuangpeiYun.,/part-number/cl660178,Request Quote,/rfq/new?partNumber=CL660178,PUBLISHED_READY,2026-09-18
PN-001246,CL224369,cl224369,Sandvik / EIMCO,Underground LHD,ED10,Other,气门弹簧-外部,,气门弹簧-外部,EXPLICIT,VERIFIED,HIGH,"ED10 parts manual page 118, item 7",伊泰LS190-ED10配件手册.pdf,CL224369 — 气门弹簧-外部,CL224369 气门弹簧-外部 | ED10 Spare Part,Verified part number CL224369: 气门弹簧-外部 for ED10. Check equipment compatibility and submit an RFQ to qualified mining spare parts suppliers on KuangpeiYun.,/part-number/cl224369,Request Quote,/rfq/new?partNumber=CL224369,PUBLISHED_READY,2026-09-18
PN-001245,CL224368,cl224368,Sandvik / EIMCO,Underground LHD,ED10,Other,气门弹簧-内部,,气门弹簧-内部,EXPLICIT,VERIFIED,HIGH,"ED10 parts manual page 118, item 8",伊泰LS190-ED10配件手册.pdf,CL224368 — 气门弹簧-内部,CL224368 气门弹簧-内部 | ED10 Spare Part,Verified part number CL224368: 气门弹簧-内部 for ED10. Check equipment compatibility and submit an RFQ to qualified mining spare parts suppliers on KuangpeiYun.,/part-number/cl224368,Request Quote,/rfq/new?partNumber=CL224368,PUBLISHED_READY,2026-09-18
PN-001247,CL224466,cl224466,Sandvik / EIMCO,Underground LHD,ED10,Other,气门活塞,,气门活塞,EXPLICIT,VERIFIED,HIGH,"ED10 parts manual page 118, item 9",伊泰LS190-ED10配件手册.pdf,CL224466 — 气门活塞,CL224466 气门活塞 | ED10 Spare Part,Verified part number CL224466: 气门活塞 for ED10. Check equipment compatibility and submit an RFQ to qualified mining spare parts suppliers on KuangpeiYun.,/part-number/cl224466,Request Quote,/rfq/new?partNumber=CL224466,PUBLISHED_READY,2026-09-18
PN-001461,CL60K-30018,cl60k-30018,Sandvik / EIMCO,Underground LHD,ED10,Other,气门关闭O形圈,,气门关闭O形圈,EXPLICIT,VERIFIED,HIGH,"ED10 parts manual page 118, item 10",伊泰LS190-ED10配件手册.pdf,CL60K-30018 — 气门关闭O形圈,CL60K-30018 气门关闭O形圈 | ED10 Spare Part,Verified part number CL60K-30018: 气门关闭O形圈 for ED10. Check equipment compatibility and submit an RFQ to qualified mining spare parts suppliers on KuangpeiYu,/part-number/cl60k-30018,Request Quote,/rfq/new?partNumber=CL60K-30018,PUBLISHED_READY,2026-09-18
PN-001230,CL220983,cl220983,Sandvik / EIMCO,Underground LHD,ED10,Other,气门关闭,,气门关闭,EXPLICIT,VERIFIED,HIGH,"ED10 parts manual page 118, item 11",伊泰LS190-ED10配件手册.pdf,CL220983 — 气门关闭,CL220983 气门关闭 | ED10 Spare Part,Verified part number CL220983: 气门关闭 for ED10. Check equipment compatibility and submit an RFQ to qualified mining spare parts suppliers on KuangpeiYun.,/part-number/cl220983,Request Quote,/rfq/new?partNumber=CL220983,PUBLISHED_READY,2026-09-18
PN-001215,CL214949,cl214949,Sandvik / EIMCO,Underground LHD,ED10,Hydraulic,调整阀，至壳垫圈,,调整阀，至壳垫圈,EXPLICIT,VERIFIED,HIGH,"ED10 parts manual page 118, item 12",伊泰LS190-ED10配件手册.pdf,CL214949 — 调整阀，至壳垫圈,CL214949 调整阀，至壳垫圈 | ED10 Spare Part,Verified part number CL214949: 调整阀，至壳垫圈 for ED10. Check equipment compatibility and submit an RFQ to qualified mining spare parts suppliers on KuangpeiYun.,/part-number/cl214949,Request Quote,/rfq/new?partNumber=CL214949,PUBLISHED_READY,2026-09-18
PN-001462,CL60K-40104,cl60k-40104,Sandvik / EIMCO,Underground LHD,ED10,Hydraulic,调整阀，至壳O形圈,,调整阀，至壳O形圈,EXPLICIT,VERIFIED,HIGH,"ED10 parts manual page 118, item 13",伊泰LS190-ED10配件手册.pdf,CL60K-40104 — 调整阀，至壳O形圈,CL60K-40104 调整阀，至壳O形圈 | ED10 Spare Part,Verified part number CL60K-40104: 调整阀，至壳O形圈 for ED10. Check equipment compatibility and submit an RFQ to qualified mining spare parts suppliers on Kuangpei,/part-number/cl60k-40104,Request Quote,/rfq/new?partNumber=CL60K-40104,PUBLISHED_READY,2026-09-18
PN-001232,CL222312,cl222312,Sandvik / EIMCO,Underground LHD,ED10,Hydraulic,安全阀弹簧,,安全阀弹簧,EXPLICIT,VERIFIED,HIGH,"ED10 parts manual page 118, item 14",伊泰LS190-ED10配件手册.pdf,CL222312 — 安全阀弹簧,CL222312 安全阀弹簧 | ED10 Spare Part,Verified part number CL222312: 安全阀弹簧 for ED10. Check equipment compatibility and submit an RFQ to qualified mining spare parts suppliers on KuangpeiYun.,/part-number/cl222312,Request Quote,/rfq/new?partNumber=CL222312,PUBLISHED_READY,2026-09-18
PN-001233,CL222318,cl222318,Sandvik / EIMCO,Underground LHD,ED10,Hydraulic,安全阀柱塞,,安全阀柱塞,EXPLICIT,VERIFIED,HIGH,"ED10 parts manual page 118, item 15",伊泰LS190-ED10配件手册.pdf,CL222318 — 安全阀柱塞,CL222318 安全阀柱塞 | ED10 Spare Part,Verified part number CL222318: 安全阀柱塞 for ED10. Check equipment compatibility and submit an RFQ to qualified mining spare parts suppliers on KuangpeiYun.,/part-number/cl222318,Request Quote,/rfq/new?partNumber=CL222318,PUBLISHED_READY,2026-09-18
PN-001214,CL214946,cl214946,Sandvik / EIMCO,Underground LHD,ED10,Hydraulic,安全阀门座,,安全阀门座,EXPLICIT,VERIFIED,HIGH,"ED10 parts manual page 118, item 16",伊泰LS190-ED10配件手册.pdf,CL214946 — 安全阀门座,CL214946 安全阀门座 | ED10 Spare Part,Verified part number CL214946: 安全阀门座 for ED10. Check equipment compatibility and submit an RFQ to qualified mining spare parts suppliers on KuangpeiYun.,/part-number/cl214946,Request Quote,/rfq/new?partNumber=CL214946,PUBLISHED_READY,2026-09-18
PN-001213,CL214943,cl214943,Sandvik / EIMCO,Underground LHD,ED10,Hydraulic,调整阀装配-包括零件1至6，11，16,,调整阀装配-包括零件1至6，11，16,EXPLICIT,VERIFIED,HIGH,"ED10 parts manual page 118, item 19",伊泰LS190-ED10配件手册.pdf,CL214943 — 调整阀装配-包括零件1至6，11，16,CL214943 调整阀装配-包括零件1至6，11，16 | ED10 Spare Part,Verified part number CL214943: 调整阀装配-包括零件1至6，11，16 for ED10. Check equipment compatibility and submit an RFQ to qualified mining spare parts suppliers on K,/part-number/cl214943,Request Quote,/rfq/new?partNumber=CL214943,PUBLISHED_READY,2026-09-18
PN-001490,CL802003,cl802003,Sandvik / EIMCO,Underground LHD,ED10,Other,油隔板-包括零件3,,油隔板-包括零件3,EXPLICIT,VERIFIED,HIGH,"ED10 parts manual page 120, item 1",伊泰LS190-ED10配件手册.pdf,CL802003 — 油隔板-包括零件3,CL802003 油隔板-包括零件3 | ED10 Spare Part,Verified part number CL802003: 油隔板-包括零件3 for ED10. Check equipment compatibility and submit an RFQ to qualified mining spare parts suppliers on KuangpeiYun,/part-number/cl802003,Request Quote,/rfq/new?partNumber=CL802003,PUBLISHED_READY,2026-09-18
PN-001467,CL60K41200,cl60k41200,Sandvik / EIMCO,Underground LHD,ED10,Other,油隔板O型环,,油隔板O型环,EXPLICIT,VERIFIED,HIGH,"ED10 parts manual page 120, item 2",伊泰LS190-ED10配件手册.pdf,CL60K41200 — 油隔板O型环,CL60K41200 油隔板O型环 | ED10 Spare Part,Verified part number CL60K41200: 油隔板O型环 for ED10. Check equipment compatibility and submit an RFQ to qualified mining spare parts suppliers on KuangpeiYun.,/part-number/cl60k41200,Request Quote,/rfq/new?partNumber=CL60K41200,PUBLISHED_READY,2026-09-18
PN-001313,CL237025,cl237025,Sandvik / EIMCO,Underground LHD,ED10,Seal/Gasket,油隔板油密封圈,,油隔板油密封圈,EXPLICIT,VERIFIED,HIGH,"ED10 parts manual page 120, item 3",伊泰LS190-ED10配件手册.pdf,CL237025 — 油隔板油密封圈,CL237025 油隔板油密封圈 | ED10 Spare Part,Verified part number CL237025: 油隔板油密封圈 for ED10. Check equipment compatibility and submit an RFQ to qualified mining spare parts suppliers on KuangpeiYun.,/part-number/cl237025,Request Quote,/rfq/new?partNumber=CL237025,PUBLISHED_READY,2026-09-18
PN-001344,CL240236,cl240236,Sandvik / EIMCO,Underground LHD,ED10,Other,转接器环,,转接器环 | 环-接头,EXPLICIT,VERIFIED,HIGH,"ED10 parts manual page 120, item 4; ED10 parts manual page 121, item 1",伊泰LS190-ED10配件手册.pdf,CL240236 — 转接器环,CL240236 转接器环 | ED10 Spare Part,Verified part number CL240236: 转接器环 for ED10. Check equipment compatibility and submit an RFQ to qualified mining spare parts suppliers on KuangpeiYun.,/part-number/cl240236,Request Quote,/rfq/new?partNumber=CL240236,PUBLISHED_READY,2026-09-18
PN-001390,CL249528,cl249528,Sandvik / EIMCO,Underground LHD,ED10,Other,变换器腔室,,变换器腔室,EXPLICIT,VERIFIED,HIGH,"ED10 parts manual page 120, item 5",伊泰LS190-ED10配件手册.pdf,CL249528 — 变换器腔室,CL249528 变换器腔室 | ED10 Spare Part,Verified part number CL249528: 变换器腔室 for ED10. Check equipment compatibility and submit an RFQ to qualified mining spare parts suppliers on KuangpeiYun.,/part-number/cl249528,Request Quote,/rfq/new?partNumber=CL249528,PUBLISHED_READY,2026-09-18
PN-001114,CL16F-08,cl16f-08,Sandvik / EIMCO,Underground LHD,ED10,Other,变换器腔室管道塞子,,变换器腔室管道塞子,EXPLICIT,VERIFIED,HIGH,"ED10 parts manual page 120, item 7",伊泰LS190-ED10配件手册.pdf,CL16F-08 — 变换器腔室管道塞子,CL16F-08 变换器腔室管道塞子 | ED10 Spare Part,Verified part number CL16F-08: 变换器腔室管道塞子 for ED10. Check equipment compatibility and submit an RFQ to qualified mining spare parts suppliers on KuangpeiYun,/part-number/cl16f-08,Request Quote,/rfq/new?partNumber=CL16F-08,PUBLISHED_READY,2026-09-18
PN-001128,CL1C-628,cl1c-628,Sandvik / EIMCO,Underground LHD,ED10,Fastener,油隔板螺栓,,油隔板螺栓,EXPLICIT,VERIFIED,HIGH,"ED10 parts manual page 120, item 9",伊泰LS190-ED10配件手册.pdf,CL1C-628 — 油隔板螺栓,CL1C-628 油隔板螺栓 | ED10 Spare Part,Verified part number CL1C-628: 油隔板螺栓 for ED10. Check equipment compatibility and submit an RFQ to qualified mining spare parts suppliers on KuangpeiYun.,/part-number/cl1c-628,Request Quote,/rfq/new?partNumber=CL1C-628,PUBLISHED_READY,2026-09-18
PN-001276,CL231393,cl231393,Sandvik / EIMCO,Underground LHD,ED10,Other,中心输出孔塞子（镍）,,中心输出孔塞子（镍）,EXPLICIT,VERIFIED,HIGH,"ED10 parts manual page 120, item 11",伊泰LS190-ED10配件手册.pdf,CL231393 — 中心输出孔塞子（镍）,CL231393 中心输出孔塞子（镍） | ED10 Spare Part,Verified part number CL231393: 中心输出孔塞子（镍） for ED10. Check equipment compatibility and submit an RFQ to qualified mining spare parts suppliers on KuangpeiYu,/part-number/cl231393,Request Quote,/rfq/new?partNumber=CL231393,PUBLISHED_READY,2026-09-18
PN-001136,CL1KM18,cl1km18,Sandvik / EIMCO,Underground LHD,ED10,Electrical,速度传感器塞子（镍）,,速度传感器塞子（镍）,EXPLICIT,VERIFIED,HIGH,"ED10 parts manual page 120, item 12",伊泰LS190-ED10配件手册.pdf,CL1KM18 — 速度传感器塞子（镍）,CL1KM18 速度传感器塞子（镍） | ED10 Spare Part,Verified part number CL1KM18: 速度传感器塞子（镍） for ED10. Check equipment compatibility and submit an RFQ to qualified mining spare parts suppliers on KuangpeiYun,/part-number/cl1km18,Request Quote,/rfq/new?partNumber=CL1KM18,PUBLISHED_READY,2026-09-18
PN-001367,CL244762,cl244762,Sandvik / EIMCO,Underground LHD,ED10,Electrical,速度传感器衬套（镍）,,速度传感器衬套（镍）,EXPLICIT,VERIFIED,HIGH,"ED10 parts manual page 120, item 13",伊泰LS190-ED10配件手册.pdf,CL244762 — 速度传感器衬套（镍）,CL244762 速度传感器衬套（镍） | ED10 Spare Part,Verified part number CL244762: 速度传感器衬套（镍） for ED10. Check equipment compatibility and submit an RFQ to qualified mining spare parts suppliers on KuangpeiYu,/part-number/cl244762,Request Quote,/rfq/new?partNumber=CL244762,PUBLISHED_READY,2026-09-18
PN-001466,CL60K30020,cl60k30020,Sandvik / EIMCO,Underground LHD,ED10,Electrical,速度传感器端口（镍）,,速度传感器端口（镍）,EXPLICIT,VERIFIED,HIGH,"ED10 parts manual page 120, item 14",伊泰LS190-ED10配件手册.pdf,CL60K30020 — 速度传感器端口（镍）,CL60K30020 速度传感器端口（镍） | ED10 Spare Part,Verified part number CL60K30020: 速度传感器端口（镍） for ED10. Check equipment compatibility and submit an RFQ to qualified mining spare parts suppliers on Kuangpei,/part-number/cl60k30020,Request Quote,/rfq/new?partNumber=CL60K30020,PUBLISHED_READY,2026-09-18
PN-001124,CL19G608,cl19g608,Sandvik / EIMCO,Underground LHD,ED10,Other,塞子-大的底部孔（镍）,,塞子-大的底部孔（镍）,EXPLICIT,VERIFIED,HIGH,"ED10 parts manual page 120, item 15",伊泰LS190-ED10配件手册.pdf,CL19G608 — 塞子-大的底部孔（镍）,CL19G608 塞子-大的底部孔（镍） | ED10 Spare Part,Verified part number CL19G608: 塞子-大的底部孔（镍） for ED10. Check equipment compatibility and submit an RFQ to qualified mining spare parts suppliers on KuangpeiY,/part-number/cl19g608,Request Quote,/rfq/new?partNumber=CL19G608,PUBLISHED_READY,2026-09-18
PN-001134,CL1C632,cl1c632,Sandvik / EIMCO,Underground LHD,ED10,Fastener,螺钉-适配器环至变矩器箱,,螺钉-适配器环至变矩器箱,EXPLICIT,VERIFIED,HIGH,"ED10 parts manual page 121, item 2",伊泰LS190-ED10配件手册.pdf,CL1C632 — 螺钉-适配器环至变矩器箱,CL1C632 螺钉-适配器环至变矩器箱 | ED10 Spare Part,Verified part number CL1C632: 螺钉-适配器环至变矩器箱 for ED10. Check equipment compatibility and submit an RFQ to qualified mining spare parts suppliers on KuangpeiY,/part-number/cl1c632,Request Quote,/rfq/new?partNumber=CL1C632,PUBLISHED_READY,2026-09-18
PN-001459,CL4E6,cl4e6,Sandvik / EIMCO,Underground LHD,ED10,Fastener,锁紧垫圈--适配器环至变矩器箱螺钉,,锁紧垫圈--适配器环至变矩器箱螺钉,EXPLICIT,VERIFIED,HIGH,"ED10 parts manual page 121, item 3",伊泰LS190-ED10配件手册.pdf,CL4E6 — 锁紧垫圈--适配器环至变矩器箱螺钉,CL4E6 锁紧垫圈--适配器环至变矩器箱螺钉 | ED10 Spare Part,Verified part number CL4E6: 锁紧垫圈--适配器环至变矩器箱螺钉 for ED10. Check equipment compatibility and submit an RFQ to qualified mining spare parts suppliers on Kuangp,/part-number/cl4e6,Request Quote,/rfq/new?partNumber=CL4E6,PUBLISHED_READY,2026-09-18
PN-001468,CL61D6,cl61d6,Sandvik / EIMCO,Underground LHD,ED10,Fastener,螺母-适配器环至变矩器箱,,螺母-适配器环至变矩器箱,EXPLICIT,VERIFIED,HIGH,"ED10 parts manual page 121, item 4",伊泰LS190-ED10配件手册.pdf,CL61D6 — 螺母-适配器环至变矩器箱,CL61D6 螺母-适配器环至变矩器箱 | ED10 Spare Part,Verified part number CL61D6: 螺母-适配器环至变矩器箱 for ED10. Check equipment compatibility and submit an RFQ to qualified mining spare parts suppliers on KuangpeiYu,/part-number/cl61d6,Request Quote,/rfq/new?partNumber=CL61D6,PUBLISHED_READY,2026-09-18
PN-001356,CL242540,cl242540,Sandvik / EIMCO,Underground LHD,ED10,Engine,涡轮轮毂,,涡轮轮毂,EXPLICIT,VERIFIED,HIGH,"ED10 parts manual page 123, item 1",伊泰LS190-ED10配件手册.pdf,CL242540 — 涡轮轮毂,CL242540 涡轮轮毂 | ED10 Spare Part,Verified part number CL242540: 涡轮轮毂 for ED10. Check equipment compatibility and submit an RFQ to qualified mining spare parts suppliers on KuangpeiYun.,/part-number/cl242540,Request Quote,/rfq/new?partNumber=CL242540,PUBLISHED_READY,2026-09-18
PN-001363,CL243262,cl243262,Sandvik / EIMCO,Underground LHD,ED10,Other,反应器件卡环,,反应器件卡环,EXPLICIT,VERIFIED,HIGH,"ED10 parts manual page 123, item 2",伊泰LS190-ED10配件手册.pdf,CL243262 — 反应器件卡环,CL243262 反应器件卡环 | ED10 Spare Part,Verified part number CL243262: 反应器件卡环 for ED10. Check equipment compatibility and submit an RFQ to qualified mining spare parts suppliers on KuangpeiYun.,/part-number/cl243262,Request Quote,/rfq/new?partNumber=CL243262,PUBLISHED_READY,2026-09-18
PN-001328,CL239644,cl239644,Sandvik / EIMCO,Underground LHD,ED10,Other,反应器件,,反应器件,EXPLICIT,VERIFIED,HIGH,"ED10 parts manual page 123, item 3",伊泰LS190-ED10配件手册.pdf,CL239644 — 反应器件,CL239644 反应器件 | ED10 Spare Part,Verified part number CL239644: 反应器件 for ED10. Check equipment compatibility and submit an RFQ to qualified mining spare parts suppliers on KuangpeiYun.,/part-number/cl239644,Request Quote,/rfq/new?partNumber=CL239644,PUBLISHED_READY,2026-09-18
PN-001253,CL229566,cl229566,Sandvik / EIMCO,Underground LHD,ED10,Other,反应器件隔套,,反应器件隔套,EXPLICIT,VERIFIED,HIGH,"ED10 parts manual page 123, item 4",伊泰LS190-ED10配件手册.pdf,CL229566 — 反应器件隔套,CL229566 反应器件隔套 | ED10 Spare Part,Verified part number CL229566: 反应器件隔套 for ED10. Check equipment compatibility and submit an RFQ to qualified mining spare parts suppliers on KuangpeiYun.,/part-number/cl229566,Request Quote,/rfq/new?partNumber=CL229566,PUBLISHED_READY,2026-09-18
PN-001324,CL238705,cl238705,Sandvik / EIMCO,Underground LHD,ED10,Other,轴承卡环,,轴承卡环,EXPLICIT,VERIFIED,HIGH,"ED10 parts manual page 123, item 5",伊泰LS190-ED10配件手册.pdf,CL238705 — 轴承卡环,CL238705 轴承卡环 | ED10 Spare Part,Verified part number CL238705: 轴承卡环 for ED10. Check equipment compatibility and submit an RFQ to qualified mining spare parts suppliers on KuangpeiYun.,/part-number/cl238705,Request Quote,/rfq/new?partNumber=CL238705,PUBLISHED_READY,2026-09-18
PN-001330,CL239743,cl239743,Sandvik / EIMCO,Underground LHD,ED10,Other,叶轮轮毂 轴承,,叶轮轮毂 轴承,EXPLICIT,VERIFIED,HIGH,"ED10 parts manual page 123, item 6",伊泰LS190-ED10配件手册.pdf,CL239743 — 叶轮轮毂 轴承,CL239743 叶轮轮毂 轴承 | ED10 Spare Part,Verified part number CL239743: 叶轮轮毂 轴承 for ED10. Check equipment compatibility and submit an RFQ to qualified mining spare parts suppliers on KuangpeiYun.,/part-number/cl239743,Request Quote,/rfq/new?partNumber=CL239743,PUBLISHED_READY,2026-09-18
PN-001315,CL237232,cl237232,Sandvik / EIMCO,Underground LHD,ED10,Other,叶轮轮毂,,叶轮轮毂,EXPLICIT,VERIFIED,HIGH,"ED10 parts manual page 123, item 7",伊泰LS190-ED10配件手册.pdf,CL237232 — 叶轮轮毂,CL237232 叶轮轮毂 | ED10 Spare Part,Verified part number CL237232: 叶轮轮毂 for ED10. Check equipment compatibility and submit an RFQ to qualified mining spare parts suppliers on KuangpeiYun.,/part-number/cl237232,Request Quote,/rfq/new?partNumber=CL237232,PUBLISHED_READY,2026-09-18
PN-001465,CL60K-40624,cl60k-40624,Sandvik / EIMCO,Underground LHD,ED10,Other,叶轮轮毂O形圈,,叶轮轮毂O形圈,EXPLICIT,VERIFIED,HIGH,"ED10 parts manual page 123, item 8",伊泰LS190-ED10配件手册.pdf,CL60K-40624 — 叶轮轮毂O形圈,CL60K-40624 叶轮轮毂O形圈 | ED10 Spare Part,Verified part number CL60K-40624: 叶轮轮毂O形圈 for ED10. Check equipment compatibility and submit an RFQ to qualified mining spare parts suppliers on KuangpeiYu,/part-number/cl60k-40624,Request Quote,/rfq/new?partNumber=CL60K-40624,PUBLISHED_READY,2026-09-18
PN-001314,CL237230,cl237230,Sandvik / EIMCO,Underground LHD,ED10,Other,叶轮,,叶轮,EXPLICIT,VERIFIED,HIGH,"ED10 parts manual page 123, item 9",伊泰LS190-ED10配件手册.pdf,CL237230 — 叶轮,CL237230 叶轮 | ED10 Spare Part,Verified part number CL237230: 叶轮 for ED10. Check equipment compatibility and submit an RFQ to qualified mining spare parts suppliers on KuangpeiYun.,/part-number/cl237230,Request Quote,/rfq/new?partNumber=CL237230,PUBLISHED_READY,2026-09-18
PN-001317,CL237234,cl237234,Sandvik / EIMCO,Underground LHD,ED10,Fastener,叶轮轮毂螺钉垫圈,,叶轮轮毂螺钉垫圈,EXPLICIT,VERIFIED,HIGH,"ED10 parts manual page 123, item 10",伊泰LS190-ED10配件手册.pdf,CL237234 — 叶轮轮毂螺钉垫圈,CL237234 叶轮轮毂螺钉垫圈 | ED10 Spare Part,Verified part number CL237234: 叶轮轮毂螺钉垫圈 for ED10. Check equipment compatibility and submit an RFQ to qualified mining spare parts suppliers on KuangpeiYun.,/part-number/cl237234,Request Quote,/rfq/new?partNumber=CL237234,PUBLISHED_READY,2026-09-18
PN-001316,CL237233,cl237233,Sandvik / EIMCO,Underground LHD,ED10,Fastener,轮毂至叶轮螺钉,,轮毂至叶轮螺钉,EXPLICIT,VERIFIED,HIGH,"ED10 parts manual page 123, item 12",伊泰LS190-ED10配件手册.pdf,CL237233 — 轮毂至叶轮螺钉,CL237233 轮毂至叶轮螺钉 | ED10 Spare Part,Verified part number CL237233: 轮毂至叶轮螺钉 for ED10. Check equipment compatibility and submit an RFQ to qualified mining spare parts suppliers on KuangpeiYun.,/part-number/cl237233,Request Quote,/rfq/new?partNumber=CL237233,PUBLISHED_READY,2026-09-18
PN-001346,CL240467,cl240467,Sandvik / EIMCO,Underground LHD,ED10,Engine,涡轮,,涡轮,EXPLICIT,VERIFIED,HIGH,"ED10 parts manual page 123, item 13",伊泰LS190-ED10配件手册.pdf,CL240467 — 涡轮,CL240467 涡轮 | ED10 Spare Part,Verified part number CL240467: 涡轮 for ED10. Check equipment compatibility and submit an RFQ to qualified mining spare parts suppliers on KuangpeiYun.,/part-number/cl240467,Request Quote,/rfq/new?partNumber=CL240467,PUBLISHED_READY,2026-09-18
PN-001350,CL242045,cl242045,Sandvik / EIMCO,Underground LHD,ED10,Engine,涡轮轮毂螺钉垫圈,,涡轮轮毂螺钉垫圈,EXPLICIT,VERIFIED,HIGH,"ED10 parts manual page 123, item 14",伊泰LS190-ED10配件手册.pdf,CL242045 — 涡轮轮毂螺钉垫圈,CL242045 涡轮轮毂螺钉垫圈 | ED10 Spare Part,Verified part number CL242045: 涡轮轮毂螺钉垫圈 for ED10. Check equipment compatibility and submit an RFQ to qualified mining spare parts suppliers on KuangpeiYun.,/part-number/cl242045,Request Quote,/rfq/new?partNumber=CL242045,PUBLISHED_READY,2026-09-18
PN-001296,CL232535,cl232535,Sandvik / EIMCO,Underground LHD,ED10,Seal/Gasket,叶轮至罩O形圈密封,,叶轮至罩O形圈密封,EXPLICIT,VERIFIED,HIGH,"ED10 parts manual page 123, item 15",伊泰LS190-ED10配件手册.pdf,CL232535 — 叶轮至罩O形圈密封,CL232535 叶轮至罩O形圈密封 | ED10 Spare Part,Verified part number CL232535: 叶轮至罩O形圈密封 for ED10. Check equipment compatibility and submit an RFQ to qualified mining spare parts suppliers on KuangpeiYun,/part-number/cl232535,Request Quote,/rfq/new?partNumber=CL232535,PUBLISHED_READY,2026-09-18
PN-001371,CL245774,cl245774,Sandvik / EIMCO,Underground LHD,ED10,Other,叶轮盖,,叶轮盖,EXPLICIT,VERIFIED,HIGH,"ED10 parts manual page 123, item 16",伊泰LS190-ED10配件手册.pdf,CL245774 — 叶轮盖,CL245774 叶轮盖 | ED10 Spare Part,Verified part number CL245774: 叶轮盖 for ED10. Check equipment compatibility and submit an RFQ to qualified mining spare parts suppliers on KuangpeiYun.,/part-number/cl245774,Request Quote,/rfq/new?partNumber=CL245774,PUBLISHED_READY,2026-09-18
PN-001343,CL240232,cl240232,Sandvik / EIMCO,Underground LHD,ED10,Other,叶轮盖轴承,,叶轮盖轴承,EXPLICIT,VERIFIED,HIGH,"ED10 parts manual page 123, item 19",伊泰LS190-ED10配件手册.pdf,CL240232 — 叶轮盖轴承,CL240232 叶轮盖轴承 | ED10 Spare Part,Verified part number CL240232: 叶轮盖轴承 for ED10. Check equipment compatibility and submit an RFQ to qualified mining spare parts suppliers on KuangpeiYun.,/part-number/cl240232,Request Quote,/rfq/new?partNumber=CL240232,PUBLISHED_READY,2026-09-18
PN-001464,CL60K-40512,cl60k-40512,Sandvik / EIMCO,Underground LHD,ED10,Other,轴承盖至叶轮罩O形圈,,轴承盖至叶轮罩O形圈 | 滚动轴承保持架O形圈,EXPLICIT,VERIFIED,HIGH,"ED10 parts manual page 123, item 20; ED10 parts manual page 127, item 7",伊泰LS190-ED10配件手册.pdf,CL60K-40512 — 轴承盖至叶轮罩O形圈,CL60K-40512 轴承盖至叶轮罩O形圈 | ED10 Spare Part,Verified part number CL60K-40512: 轴承盖至叶轮罩O形圈 for ED10. Check equipment compatibility and submit an RFQ to qualified mining spare parts suppliers on Kuangpe,/part-number/cl60k-40512,Request Quote,/rfq/new?partNumber=CL60K-40512,PUBLISHED_READY,2026-09-18
PN-001295,CL232442,cl232442,Sandvik / EIMCO,Underground LHD,ED10,Fastener,轴承垫圈,,轴承垫圈,EXPLICIT,VERIFIED,HIGH,"ED10 parts manual page 123, item 21",伊泰LS190-ED10配件手册.pdf,CL232442 — 轴承垫圈,CL232442 轴承垫圈 | ED10 Spare Part,Verified part number CL232442: 轴承垫圈 for ED10. Check equipment compatibility and submit an RFQ to qualified mining spare parts suppliers on KuangpeiYun.,/part-number/cl232442,Request Quote,/rfq/new?partNumber=CL232442,PUBLISHED_READY,2026-09-18
PN-001372,CL245776,cl245776,Sandvik / EIMCO,Underground LHD,ED10,Other,飞轮罩轴承盖,,飞轮罩轴承盖,EXPLICIT,VERIFIED,HIGH,"ED10 parts manual page 123, item 23",伊泰LS190-ED10配件手册.pdf,CL245776 — 飞轮罩轴承盖,CL245776 飞轮罩轴承盖 | ED10 Spare Part,Verified part number CL245776: 飞轮罩轴承盖 for ED10. Check equipment compatibility and submit an RFQ to qualified mining spare parts suppliers on KuangpeiYun.,/part-number/cl245776,Request Quote,/rfq/new?partNumber=CL245776,PUBLISHED_READY,2026-09-18
PN-001123,CL18C612,cl18c612,Sandvik / EIMCO,Underground LHD,ED10,Engine,涡轮轮毂螺钉,,涡轮轮毂螺钉,EXPLICIT,VERIFIED,HIGH,"ED10 parts manual page 123, item 24",伊泰LS190-ED10配件手册.pdf,CL18C612 — 涡轮轮毂螺钉,CL18C612 涡轮轮毂螺钉 | ED10 Spare Part,Verified part number CL18C612: 涡轮轮毂螺钉 for ED10. Check equipment compatibility and submit an RFQ to qualified mining spare parts suppliers on KuangpeiYun.,/part-number/cl18c612,Request Quote,/rfq/new?partNumber=CL18C612,PUBLISHED_READY,2026-09-18
PN-001404,CL250088,cl250088,Sandvik / EIMCO,Underground LHD,ED10,Other,定子活塞支撑环,,定子活塞支撑环,EXPLICIT,VERIFIED,HIGH,"ED10 parts manual page 125, item 1",伊泰LS190-ED10配件手册.pdf,CL250088 — 定子活塞支撑环,CL250088 定子活塞支撑环 | ED10 Spare Part,Verified part number CL250088: 定子活塞支撑环 for ED10. Check equipment compatibility and submit an RFQ to qualified mining spare parts suppliers on KuangpeiYun.,/part-number/cl250088,Request Quote,/rfq/new?partNumber=CL250088,PUBLISHED_READY,2026-09-18
PN-001318,CL237405,cl237405,Sandvik / EIMCO,Underground LHD,ED10,Other,定子支架和套管装配,,定子支架和套管装配,EXPLICIT,VERIFIED,HIGH,"ED10 parts manual page 125, item 3",伊泰LS190-ED10配件手册.pdf,CL237405 — 定子支架和套管装配,CL237405 定子支架和套管装配 | ED10 Spare Part,Verified part number CL237405: 定子支架和套管装配 for ED10. Check equipment compatibility and submit an RFQ to qualified mining spare parts suppliers on KuangpeiYun,/part-number/cl237405,Request Quote,/rfq/new?partNumber=CL237405,PUBLISHED_READY,2026-09-18
PN-001488,CL7E-08,cl7e-08,Sandvik / EIMCO,Underground LHD,ED10,Fastener,定子支架，螺钉锁紧垫圈,,定子支架，螺钉锁紧垫圈,EXPLICIT,VERIFIED,HIGH,"ED10 parts manual page 125, item 4",伊泰LS190-ED10配件手册.pdf,CL7E-08 — 定子支架，螺钉锁紧垫圈,CL7E-08 定子支架，螺钉锁紧垫圈 | ED10 Spare Part,Verified part number CL7E-08: 定子支架，螺钉锁紧垫圈 for ED10. Check equipment compatibility and submit an RFQ to qualified mining spare parts suppliers on KuangpeiYu,/part-number/cl7e-08,Request Quote,/rfq/new?partNumber=CL7E-08,PUBLISHED_READY,2026-09-18
PN-001132,CL1C-820,cl1c-820,Sandvik / EIMCO,Underground LHD,ED10,Fastener,定子支架螺钉,,定子支架螺钉,EXPLICIT,VERIFIED,HIGH,"ED10 parts manual page 125, item 5",伊泰LS190-ED10配件手册.pdf,CL1C-820 — 定子支架螺钉,CL1C-820 定子支架螺钉 | ED10 Spare Part,Verified part number CL1C-820: 定子支架螺钉 for ED10. Check equipment compatibility and submit an RFQ to qualified mining spare parts suppliers on KuangpeiYun.,/part-number/cl1c-820,Request Quote,/rfq/new?partNumber=CL1C-820,PUBLISHED_READY,2026-09-18
PN-001218,CL214955,cl214955,Sandvik / EIMCO,Underground LHD,ED10,Other,轴承卡环,,轴承卡环,EXPLICIT,VERIFIED,HIGH,"ED10 parts manual page 127, item 1",伊泰LS190-ED10配件手册.pdf,CL214955 — 轴承卡环,CL214955 轴承卡环 | ED10 Spare Part,Verified part number CL214955: 轴承卡环 for ED10. Check equipment compatibility and submit an RFQ to qualified mining spare parts suppliers on KuangpeiYun.,/part-number/cl214955,Request Quote,/rfq/new?partNumber=CL214955,PUBLISHED_READY,2026-09-18
PN-001354,CL242473,cl242473,Sandvik / EIMCO,Underground LHD,ED10,Other,输出轴前轴承,,输出轴前轴承,EXPLICIT,VERIFIED,HIGH,"ED10 parts manual page 127, item 2",伊泰LS190-ED10配件手册.pdf,CL242473 — 输出轴前轴承,CL242473 输出轴前轴承 | ED10 Spare Part,Verified part number CL242473: 输出轴前轴承 for ED10. Check equipment compatibility and submit an RFQ to qualified mining spare parts suppliers on KuangpeiYun.,/part-number/cl242473,Request Quote,/rfq/new?partNumber=CL242473,PUBLISHED_READY,2026-09-18
PN-001352,CL242431,cl242431,Sandvik / EIMCO,Underground LHD,ED10,Other,输出轴齿轮,,输出轴齿轮,EXPLICIT,VERIFIED,HIGH,"ED10 parts manual page 127, item 3",伊泰LS190-ED10配件手册.pdf,CL242431 — 输出轴齿轮,CL242431 输出轴齿轮 | ED10 Spare Part,Verified part number CL242431: 输出轴齿轮 for ED10. Check equipment compatibility and submit an RFQ to qualified mining spare parts suppliers on KuangpeiYun.,/part-number/cl242431,Request Quote,/rfq/new?partNumber=CL242431,PUBLISHED_READY,2026-09-18
PN-001358,CL242561,cl242561,Sandvik / EIMCO,Underground LHD,ED10,Other,输出轴,,输出轴,EXPLICIT,VERIFIED,HIGH,"ED10 parts manual page 127, item 4",伊泰LS190-ED10配件手册.pdf,CL242561 — 输出轴,CL242561 输出轴 | ED10 Spare Part,Verified part number CL242561: 输出轴 for ED10. Check equipment compatibility and submit an RFQ to qualified mining spare parts suppliers on KuangpeiYun.,/part-number/cl242561,Request Quote,/rfq/new?partNumber=CL242561,PUBLISHED_READY,2026-09-18
PN-001235,CL223349,cl223349,Sandvik / EIMCO,Underground LHD,ED10,Other,输出轴后轴承,,输出轴后轴承,EXPLICIT,VERIFIED,HIGH,"ED10 parts manual page 127, item 6",伊泰LS190-ED10配件手册.pdf,CL223349 — 输出轴后轴承,CL223349 输出轴后轴承 | ED10 Spare Part,Verified part number CL223349: 输出轴后轴承 for ED10. Check equipment compatibility and submit an RFQ to qualified mining spare parts suppliers on KuangpeiYun.,/part-number/cl223349,Request Quote,/rfq/new?partNumber=CL223349,PUBLISHED_READY,2026-09-18
PN-001353,CL242463,cl242463,Sandvik / EIMCO,Underground LHD,ED10,Other,滚动轴承保持架,,滚动轴承保持架,EXPLICIT,VERIFIED,HIGH,"ED10 parts manual page 127, item 8",伊泰LS190-ED10配件手册.pdf,CL242463 — 滚动轴承保持架,CL242463 滚动轴承保持架 | ED10 Spare Part,Verified part number CL242463: 滚动轴承保持架 for ED10. Check equipment compatibility and submit an RFQ to qualified mining spare parts suppliers on KuangpeiYun.,/part-number/cl242463,Request Quote,/rfq/new?partNumber=CL242463,PUBLISHED_READY,2026-09-18
PN-001131,CL1C-720,cl1c-720,Sandvik / EIMCO,Underground LHD,ED10,Fastener,滚动轴承保持架螺钉,,滚动轴承保持架螺钉,EXPLICIT,VERIFIED,HIGH,"ED10 parts manual page 127, item 10",伊泰LS190-ED10配件手册.pdf,CL1C-720 — 滚动轴承保持架螺钉,CL1C-720 滚动轴承保持架螺钉 | ED10 Spare Part,Verified part number CL1C-720: 滚动轴承保持架螺钉 for ED10. Check equipment compatibility and submit an RFQ to qualified mining spare parts suppliers on KuangpeiYun,/part-number/cl1c-720,Request Quote,/rfq/new?partNumber=CL1C-720,PUBLISHED_READY,2026-09-18
PN-001463,CL60K-40112,cl60k-40112,Sandvik / EIMCO,Underground LHD,ED10,Other,输出轴O形圈,,输出轴O形圈,EXPLICIT,VERIFIED,HIGH,"ED10 parts manual page 127, item 11",伊泰LS190-ED10配件手册.pdf,CL60K-40112 — 输出轴O形圈,CL60K-40112 输出轴O形圈 | ED10 Spare Part,Verified part number CL60K-40112: 输出轴O形圈 for ED10. Check equipment compatibility and submit an RFQ to qualified mining spare parts suppliers on KuangpeiYun,/part-number/cl60k-40112,Request Quote,/rfq/new?partNumber=CL60K-40112,PUBLISHED_READY,2026-09-18
PN-001139,CL206864,cl206864,Sandvik / EIMCO,Underground LHD,ED10,Other,滚动轴承保持架油封,,滚动轴承保持架油封,EXPLICIT,VERIFIED,HIGH,"ED10 parts manual page 127, item 14",伊泰LS190-ED10配件手册.pdf,CL206864 — 滚动轴承保持架油封,CL206864 滚动轴承保持架油封 | ED10 Spare Part,Verified part number CL206864: 滚动轴承保持架油封 for ED10. Check equipment compatibility and submit an RFQ to qualified mining spare parts suppliers on KuangpeiYun,/part-number/cl206864,Request Quote,/rfq/new?partNumber=CL206864,PUBLISHED_READY,2026-09-18
PN-001497,CL8D-07,cl8d-07,Sandvik / EIMCO,Underground LHD,ED10,Fastener,滚动轴承保持架双头螺栓螺母,,滚动轴承保持架双头螺栓螺母,EXPLICIT,VERIFIED,HIGH,"ED10 parts manual page 127, item 15",伊泰LS190-ED10配件手册.pdf,CL8D-07 — 滚动轴承保持架双头螺栓螺母,CL8D-07 滚动轴承保持架双头螺栓螺母 | ED10 Spare Part,Verified part number CL8D-07: 滚动轴承保持架双头螺栓螺母 for ED10. Check equipment compatibility and submit an RFQ to qualified mining spare parts suppliers on Kuangpei,/part-number/cl8d-07,Request Quote,/rfq/new?partNumber=CL8D-07,PUBLISHED_READY,2026-09-18
PN-001210,CL214730,cl214730,Sandvik / EIMCO,Underground LHD,ED10,Fastener,滚动轴承保持架双头螺栓,,滚动轴承保持架双头螺栓,EXPLICIT,VERIFIED,HIGH,"ED10 parts manual page 127, item 17",伊泰LS190-ED10配件手册.pdf,CL214730 — 滚动轴承保持架双头螺栓,CL214730 滚动轴承保持架双头螺栓 | ED10 Spare Part,Verified part number CL214730: 滚动轴承保持架双头螺栓 for ED10. Check equipment compatibility and submit an RFQ to qualified mining spare parts suppliers on KuangpeiY,/part-number/cl214730,Request Quote,/rfq/new?partNumber=CL214730,PUBLISHED_READY,2026-09-18
PN-001357,CL242560,cl242560,Sandvik / EIMCO,Underground LHD,ED10,Engine,涡轮轴齿轮,,涡轮轴齿轮,EXPLICIT,VERIFIED,HIGH,"ED10 parts manual page 127, item 19",伊泰LS190-ED10配件手册.pdf,CL242560 — 涡轮轴齿轮,CL242560 涡轮轴齿轮 | ED10 Spare Part,Verified part number CL242560: 涡轮轴齿轮 for ED10. Check equipment compatibility and submit an RFQ to qualified mining spare parts suppliers on KuangpeiYun.,/part-number/cl242560,Request Quote,/rfq/new?partNumber=CL242560,PUBLISHED_READY,2026-09-18
PN-001216,CL214953,cl214953,Sandvik / EIMCO,Underground LHD,ED10,Engine,涡轮轴卡环,,涡轮轴卡环,EXPLICIT,VERIFIED,HIGH,"ED10 parts manual page 127, item 20",伊泰LS190-ED10配件手册.pdf,CL214953 — 涡轮轴卡环,CL214953 涡轮轴卡环 | ED10 Spare Part,Verified part number CL214953: 涡轮轴卡环 for ED10. Check equipment compatibility and submit an RFQ to qualified mining spare parts suppliers on KuangpeiYun.,/part-number/cl214953,Request Quote,/rfq/new?partNumber=CL214953,PUBLISHED_READY,2026-09-18
PN-001329,CL239742,cl239742,Sandvik / EIMCO,Underground LHD,ED10,Engine,涡轮轴轴承,,涡轮轴轴承,EXPLICIT,VERIFIED,HIGH,"ED10 parts manual page 127, item 21",伊泰LS190-ED10配件手册.pdf,CL239742 — 涡轮轴轴承,CL239742 涡轮轴轴承 | ED10 Spare Part,Verified part number CL239742: 涡轮轴轴承 for ED10. Check equipment compatibility and submit an RFQ to qualified mining spare parts suppliers on KuangpeiYun.,/part-number/cl239742,Request Quote,/rfq/new?partNumber=CL239742,PUBLISHED_READY,2026-09-18
PN-001405,CL250089,cl250089,Sandvik / EIMCO,Underground LHD,ED10,Engine,涡轮轴活塞环,,涡轮轴活塞环,EXPLICIT,VERIFIED,HIGH,"ED10 parts manual page 127, item 22",伊泰LS190-ED10配件手册.pdf,CL250089 — 涡轮轴活塞环,CL250089 涡轮轴活塞环 | ED10 Spare Part,Verified part number CL250089: 涡轮轴活塞环 for ED10. Check equipment compatibility and submit an RFQ to qualified mining spare parts suppliers on KuangpeiYun.,/part-number/cl250089,Request Quote,/rfq/new?partNumber=CL250089,PUBLISHED_READY,2026-09-18
PN-001342,CL240231,cl240231,Sandvik / EIMCO,Underground LHD,ED10,Engine,涡轮轴,,涡轮轴,EXPLICIT,VERIFIED,HIGH,"ED10 parts manual page 127, item 23",伊泰LS190-ED10配件手册.pdf,CL240231 — 涡轮轴,CL240231 涡轮轴 | ED10 Spare Part,Verified part number CL240231: 涡轮轴 for ED10. Check equipment compatibility and submit an RFQ to qualified mining spare parts suppliers on KuangpeiYun.,/part-number/cl240231,Request Quote,/rfq/new?partNumber=CL240231,PUBLISHED_READY,2026-09-18
PN-001289,CL231904,cl231904,Sandvik / EIMCO,Underground LHD,ED10,Other,叶轮轮毂,,叶轮轮毂,EXPLICIT,VERIFIED,HIGH,"ED10 parts manual page 129, item 1",伊泰LS190-ED10配件手册.pdf,CL231904 — 叶轮轮毂,CL231904 叶轮轮毂 | ED10 Spare Part,Verified part number CL231904: 叶轮轮毂 for ED10. Check equipment compatibility and submit an RFQ to qualified mining spare parts suppliers on KuangpeiYun.,/part-number/cl231904,Request Quote,/rfq/new?partNumber=CL231904,PUBLISHED_READY,2026-09-18
PN-001240,CL224009,cl224009,Sandvik / EIMCO,Underground LHD,ED10,Other,叶轮轮毂卡环,,叶轮轮毂卡环,EXPLICIT,VERIFIED,HIGH,"ED10 parts manual page 129, item 2",伊泰LS190-ED10配件手册.pdf,CL224009 — 叶轮轮毂卡环,CL224009 叶轮轮毂卡环 | ED10 Spare Part,Verified part number CL224009: 叶轮轮毂卡环 for ED10. Check equipment compatibility and submit an RFQ to qualified mining spare parts suppliers on KuangpeiYun.,/part-number/cl224009,Request Quote,/rfq/new?partNumber=CL224009,PUBLISHED_READY,2026-09-18
PN-001220,CL214962,cl214962,Sandvik / EIMCO,Underground LHD,ED10,Hydraulic,加油泵套管,,加油泵套管,EXPLICIT,VERIFIED,HIGH,"ED10 parts manual page 129, item 3",伊泰LS190-ED10配件手册.pdf,CL214962 — 加油泵套管,CL214962 加油泵套管 | ED10 Spare Part,Verified part number CL214962: 加油泵套管 for ED10. Check equipment compatibility and submit an RFQ to qualified mining spare parts suppliers on KuangpeiYun.,/part-number/cl214962,Request Quote,/rfq/new?partNumber=CL214962,PUBLISHED_READY,2026-09-18
PN-001310,CL235961,cl235961,Sandvik / EIMCO,Underground LHD,ED10,Seal/Gasket,Gasket SAE C,Gasket SAE C,加油泵垫片,EXPLICIT,VERIFIED,HIGH,"ED10 parts manual page 129, item 4; SANDVIK LS190-B2285 SPARE PARTS LIST_Mining India_24.03.2026.xlsx, Sheet1, row 72",SANDVIK LS190-B2285 SPARE PARTS LIST_Mining India_24.03.2026.xlsx | 伊泰LS190-ED10配件手册.pdf,CL235961 — Gasket SAE C,CL235961 Gasket SAE C | ED10 Spare Part,Verified part number CL235961: Gasket SAE C for ED10. Check equipment compatibility and submit an RFQ to qualified mining spare parts suppliers on Kuangpei,/part-number/cl235961,Request Quote,/rfq/new?partNumber=CL235961,PUBLISHED_READY,2026-09-18
PN-001309,CL235821,cl235821,Sandvik / EIMCO,Underground LHD,ED10,Hydraulic,Charge Pump,Charge Pump,加油泵,EXPLICIT,VERIFIED,HIGH,"ED10 parts manual page 129, item 5; ED10 parts manual page 214, item 11; SANDVIK LS190-B2285 SPARE PARTS LIST_Mining India_24.03.2026.xlsx, Sheet1, row 71",SANDVIK LS190-B2285 SPARE PARTS LIST_Mining India_24.03.2026.xlsx | 伊泰LS190-ED10配件手册.pdf,CL235821 — Charge Pump,CL235821 Charge Pump | ED10 Spare Part,Verified part number CL235821: Charge Pump for ED10. Check equipment compatibility and submit an RFQ to qualified mining spare parts suppliers on KuangpeiY,/part-number/cl235821,Request Quote,/rfq/new?partNumber=CL235821,PUBLISHED_READY,2026-09-18
PN-001140,CL207758,cl207758,Sandvik / EIMCO,Underground LHD,ED10,Hydraulic,泵装配双头螺栓,,泵装配双头螺栓 | 双头螺栓,EXPLICIT,VERIFIED,HIGH,"ED10 parts manual page 129, item 6; ED10 parts manual page 214, item 9",伊泰LS190-ED10配件手册.pdf,CL207758 — 泵装配双头螺栓,CL207758 泵装配双头螺栓 | ED10 Spare Part,Verified part number CL207758: 泵装配双头螺栓 for ED10. Check equipment compatibility and submit an RFQ to qualified mining spare parts suppliers on KuangpeiYun.,/part-number/cl207758,Request Quote,/rfq/new?partNumber=CL207758,PUBLISHED_READY,2026-09-18
PN-001469,CL62D-06,cl62d-06,Sandvik / EIMCO,Underground LHD,ED10,Hydraulic,泵双头螺栓螺母,,泵双头螺栓螺母,EXPLICIT,VERIFIED,HIGH,"ED10 parts manual page 129, item 8",伊泰LS190-ED10配件手册.pdf,CL62D-06 — 泵双头螺栓螺母,CL62D-06 泵双头螺栓螺母 | ED10 Spare Part,Verified part number CL62D-06: 泵双头螺栓螺母 for ED10. Check equipment compatibility and submit an RFQ to qualified mining spare parts suppliers on KuangpeiYun.,/part-number/cl62d-06,Request Quote,/rfq/new?partNumber=CL62D-06,PUBLISHED_READY,2026-09-18
PN-001377,CL247484,cl247484,Sandvik / EIMCO,Underground LHD,ED10,Hydraulic,泵驱动齿轮卡环,,泵驱动齿轮卡环,EXPLICIT,VERIFIED,HIGH,"ED10 parts manual page 131, item 1",伊泰LS190-ED10配件手册.pdf,CL247484 — 泵驱动齿轮卡环,CL247484 泵驱动齿轮卡环 | ED10 Spare Part,Verified part number CL247484: 泵驱动齿轮卡环 for ED10. Check equipment compatibility and submit an RFQ to qualified mining spare parts suppliers on KuangpeiYun.,/part-number/cl247484,Request Quote,/rfq/new?partNumber=CL247484,PUBLISHED_READY,2026-09-18
PN-001290,CL231905,cl231905,Sandvik / EIMCO,Underground LHD,ED10,Hydraulic,泵驱动齿轮,,泵驱动齿轮,EXPLICIT,VERIFIED,HIGH,"ED10 parts manual page 131, item 2",伊泰LS190-ED10配件手册.pdf,CL231905 — 泵驱动齿轮,CL231905 泵驱动齿轮 | ED10 Spare Part,Verified part number CL231905: 泵驱动齿轮 for ED10. Check equipment compatibility and submit an RFQ to qualified mining spare parts suppliers on KuangpeiYun.,/part-number/cl231905,Request Quote,/rfq/new?partNumber=CL231905,PUBLISHED_READY,2026-09-18
PN-001252,CL225930,cl225930,Sandvik / EIMCO,Underground LHD,ED10,Hydraulic,泵驱动轴轴承,,泵驱动轴轴承,EXPLICIT,VERIFIED,HIGH,"ED10 parts manual page 131, item 3",伊泰LS190-ED10配件手册.pdf,CL225930 — 泵驱动轴轴承,CL225930 泵驱动轴轴承 | ED10 Spare Part,Verified part number CL225930: 泵驱动轴轴承 for ED10. Check equipment compatibility and submit an RFQ to qualified mining spare parts suppliers on KuangpeiYun.,/part-number/cl225930,Request Quote,/rfq/new?partNumber=CL225930,PUBLISHED_READY,2026-09-18
PN-001226,CL216914,cl216914,Sandvik / EIMCO,Underground LHD,ED10,Hydraulic,泵驱动轴隔离套,,泵驱动轴隔离套,EXPLICIT,VERIFIED,HIGH,"ED10 parts manual page 131, item 4",伊泰LS190-ED10配件手册.pdf,CL216914 — 泵驱动轴隔离套,CL216914 泵驱动轴隔离套 | ED10 Spare Part,Verified part number CL216914: 泵驱动轴隔离套 for ED10. Check equipment compatibility and submit an RFQ to qualified mining spare parts suppliers on KuangpeiYun.,/part-number/cl216914,Request Quote,/rfq/new?partNumber=CL216914,PUBLISHED_READY,2026-09-18
PN-001219,CL214956,cl214956,Sandvik / EIMCO,Underground LHD,ED10,Hydraulic,泵驱动轴轴承,,泵驱动轴轴承,EXPLICIT,VERIFIED,HIGH,"ED10 parts manual page 131, item 5",伊泰LS190-ED10配件手册.pdf,CL214956 — 泵驱动轴轴承,CL214956 泵驱动轴轴承 | ED10 Spare Part,Verified part number CL214956: 泵驱动轴轴承 for ED10. Check equipment compatibility and submit an RFQ to qualified mining spare parts suppliers on KuangpeiYun.,/part-number/cl214956,Request Quote,/rfq/new?partNumber=CL214956,PUBLISHED_READY,2026-09-18
PN-001217,CL214954,cl214954,Sandvik / EIMCO,Underground LHD,ED10,Hydraulic,泵驱动卡环,,泵驱动卡环,EXPLICIT,VERIFIED,HIGH,"ED10 parts manual page 131, item 6",伊泰LS190-ED10配件手册.pdf,CL214954 — 泵驱动卡环,CL214954 泵驱动卡环 | ED10 Spare Part,Verified part number CL214954: 泵驱动卡环 for ED10. Check equipment compatibility and submit an RFQ to qualified mining spare parts suppliers on KuangpeiYun.,/part-number/cl214954,Request Quote,/rfq/new?partNumber=CL214954,PUBLISHED_READY,2026-09-18
PN-001319,CL237548,cl237548,Sandvik / EIMCO,Underground LHD,ED10,Hydraulic,泵驱动轴,,泵驱动轴,EXPLICIT,VERIFIED,HIGH,"ED10 parts manual page 131, item 7",伊泰LS190-ED10配件手册.pdf,CL237548 — 泵驱动轴,CL237548 泵驱动轴 | ED10 Spare Part,Verified part number CL237548: 泵驱动轴 for ED10. Check equipment compatibility and submit an RFQ to qualified mining spare parts suppliers on KuangpeiYun.,/part-number/cl237548,Request Quote,/rfq/new?partNumber=CL237548,PUBLISHED_READY,2026-09-18
PN-001242,CL224039,cl224039,Sandvik / EIMCO,Underground LHD,ED10,Hydraulic,泵驱动卡环,,泵驱动卡环,EXPLICIT,VERIFIED,HIGH,"ED10 parts manual page 131, item 8",伊泰LS190-ED10配件手册.pdf,CL224039 — 泵驱动卡环,CL224039 泵驱动卡环 | ED10 Spare Part,Verified part number CL224039: 泵驱动卡环 for ED10. Check equipment compatibility and submit an RFQ to qualified mining spare parts suppliers on KuangpeiYun.,/part-number/cl224039,Request Quote,/rfq/new?partNumber=CL224039,PUBLISHED_READY,2026-09-18
PN-001212,CL214929,cl214929,Sandvik / EIMCO,Underground LHD,ED10,Hydraulic,泵驱动垫圈,,泵驱动垫圈,EXPLICIT,VERIFIED,HIGH,"ED10 parts manual page 131, item 9",伊泰LS190-ED10配件手册.pdf,CL214929 — 泵驱动垫圈,CL214929 泵驱动垫圈 | ED10 Spare Part,Verified part number CL214929: 泵驱动垫圈 for ED10. Check equipment compatibility and submit an RFQ to qualified mining spare parts suppliers on KuangpeiYun.,/part-number/cl214929,Request Quote,/rfq/new?partNumber=CL214929,PUBLISHED_READY,2026-09-18
PN-001871,T6GG22,t6gg22,Sandvik / EIMCO,Underground LHD,ED10,Fastener,"3/8"" UNC x 1 1/2""六角头螺栓",,"3/8"" UNC x 1 1/2""六角头螺栓",EXPLICIT,VERIFIED,HIGH,"ED10 parts manual page 133, item 2",伊泰LS190-ED10配件手册.pdf,"T6GG22 — 3/8"" UNC x 1 1/2""六角头螺栓","T6GG22 3/8"" UNC x 1 1/2""六角头螺栓 | ED10 Spare Part","Verified part number T6GG22: 3/8"" UNC x 1 1/2""六角头螺栓 for ED10. Check equipment compatibility and submit an RFQ to qualified mining spare parts suppliers on ",/part-number/t6gg22,Request Quote,/rfq/new?partNumber=T6GG22,PUBLISHED_READY,2026-09-18
PN-001234,CL223125,cl223125,Sandvik / EIMCO,Underground LHD,ED10,Hydraulic,垫片，泵驱动,,垫片，泵驱动,EXPLICIT,VERIFIED,HIGH,"ED10 parts manual page 133, item 4",伊泰LS190-ED10配件手册.pdf,CL223125 — 垫片，泵驱动,CL223125 垫片，泵驱动 | ED10 Spare Part,Verified part number CL223125: 垫片，泵驱动 for ED10. Check equipment compatibility and submit an RFQ to qualified mining spare parts suppliers on KuangpeiYun.,/part-number/cl223125,Request Quote,/rfq/new?partNumber=CL223125,PUBLISHED_READY,2026-09-18
PN-000595,A2U220-321041,a2u220-321041,Sandvik / EIMCO,Underground LHD,ED10,Other,前动力传输系统,,前动力传输系统,EXPLICIT,VERIFIED,HIGH,"ED10 parts manual page 137, item 1",伊泰LS190-ED10配件手册.pdf,A2U220-321041 — 前动力传输系统,A2U220-321041 前动力传输系统 | ED10 Spare Part,Verified part number A2U220-321041: 前动力传输系统 for ED10. Check equipment compatibility and submit an RFQ to qualified mining spare parts suppliers on Kuangpei,/part-number/a2u220-321041,Request Quote,/rfq/new?partNumber=A2U220-321041,PUBLISHED_READY,2026-09-18
PN-000185,445504939,445504939,Sandvik / EIMCO,Underground LHD,ED10,Fastener,螺钉,,螺钉,EXPLICIT,VERIFIED,HIGH,"ED10 parts manual page 137, item 2",伊泰LS190-ED10配件手册.pdf,445504939 — 螺钉,445504939 螺钉 | ED10 Spare Part,Verified part number 445504939: 螺钉 for ED10. Check equipment compatibility and submit an RFQ to qualified mining spare parts suppliers on KuangpeiYun.,/part-number/445504939,Request Quote,/rfq/new?partNumber=445504939,PUBLISHED_READY,2026-09-18
PN-001890,T8VG40,t8vg40,Sandvik / EIMCO,Underground LHD,ED10,Fastener,螺钉,,螺钉,EXPLICIT,VERIFIED,HIGH,"ED10 parts manual page 137, item 3",伊泰LS190-ED10配件手册.pdf,T8VG40 — 螺钉,T8VG40 螺钉 | ED10 Spare Part,Verified part number T8VG40: 螺钉 for ED10. Check equipment compatibility and submit an RFQ to qualified mining spare parts suppliers on KuangpeiYun.,/part-number/t8vg40,Request Quote,/rfq/new?partNumber=T8VG40,PUBLISHED_READY,2026-09-18
PN-000096,114-8516LFL,114-8516lfl,Sandvik / EIMCO,Underground LHD,"ED10, LS190",Other,8.5C Spider,8.5C Spider | 8.5C Spider(FRONT DRIVE LINE) | 8.5C SPIDER -,"十字轴总成, 8.5C",EXPLICIT,VERIFIED,HIGH,"ED10 parts manual page 139, item 2; SANDVIK LS 190-312 PARTS20260228.xlsx, Sheet1, row 145; SANDVIK LS190-B2285 SPARE PARTS LIST_Mining India_24.03.2026.xlsx, Sheet1, row 28; Purchase Order-Shanxi.xlsx, Sheet1, row 13",Purchase Order-Shanxi.xlsx | SANDVIK LS 190-312 PARTS20260228.xlsx | SANDVIK LS190-B2285 SPARE PARTS LIST_Mining India_24.03.2026.xlsx | 伊泰LS190-ED10配件手册.pdf,114-8516LFL — 8.5C Spider,"114-8516LFL 8.5C Spider | ED10, LS190 Spare Part","Verified part number 114-8516LFL: 8.5C Spider for ED10, LS190. Check equipment compatibility and submit an RFQ to qualified mining spare parts suppliers on",/part-number/114-8516lfl,Request Quote,/rfq/new?partNumber=114-8516LFL,PUBLISHED_READY,2026-09-18
PN-000596,A2U220-324004,a2u220-324004,Sandvik / EIMCO,Underground LHD,ED10,Other,Y-轴承 直径65,,Y-轴承 直径65,EXPLICIT,VERIFIED,HIGH,"ED10 parts manual page 139, item 3",伊泰LS190-ED10配件手册.pdf,A2U220-324004 — Y-轴承 直径65,A2U220-324004 Y-轴承 直径65 | ED10 Spare Part,Verified part number A2U220-324004: Y-轴承 直径65 for ED10. Check equipment compatibility and submit an RFQ to qualified mining spare parts suppliers on Kuangp,/part-number/a2u220-324004,Request Quote,/rfq/new?partNumber=A2U220-324004,PUBLISHED_READY,2026-09-18
PN-000342,8.5C-8-851,8-5c-8-851,Sandvik / EIMCO,Underground LHD,ED10,Fastener,"轴叉, 8.5C/内嵌尼龙螺母",,"轴叉, 8.5C/内嵌尼龙螺母",EXPLICIT,VERIFIED,HIGH,"ED10 parts manual page 139, item 4",伊泰LS190-ED10配件手册.pdf,"8.5C-8-851 — 轴叉, 8.5C/内嵌尼龙螺母","8.5C-8-851 轴叉, 8.5C/内嵌尼龙螺母 | ED10 Spare Part","Verified part number 8.5C-8-851: 轴叉, 8.5C/内嵌尼龙螺母 for ED10. Check equipment compatibility and submit an RFQ to qualified mining spare parts suppliers on Kua",/part-number/8-5c-8-851,Request Quote,/rfq/new?partNumber=8.5C-8-851,PUBLISHED_READY,2026-09-18
PN-000341,8.5C-28-851,8-5c-28-851,Sandvik / EIMCO,Underground LHD,ED10,Other,焊接轴叉，8.5c,,焊接轴叉，8.5c,EXPLICIT,VERIFIED,HIGH,"ED10 parts manual page 139, item 5",伊泰LS190-ED10配件手册.pdf,8.5C-28-851 — 焊接轴叉，8.5c,8.5C-28-851 焊接轴叉，8.5c | ED10 Spare Part,Verified part number 8.5C-28-851: 焊接轴叉，8.5c for ED10. Check equipment compatibility and submit an RFQ to qualified mining spare parts suppliers on Kuangpei,/part-number/8-5c-28-851,Request Quote,/rfq/new?partNumber=8.5C-28-851,PUBLISHED_READY,2026-09-18
PN-000025,A2U220-321040,a2u220-321040,Sandvik / EIMCO,Underground LHD,ED10,Transmission/Driveline,"Driveline, Transmission to Flange Bearing",DRIVELINE TRANS FRONT AXLE,动力传输系统变速箱与法兰轴承之间,EXPLICIT,VERIFIED,HIGH,"ED10 parts manual page 141, item 1; SANDVIK LS 190-312 PARTS20260228.xlsx, Sheet1, row 49",SANDVIK LS 190-312 PARTS20260228.xlsx | 伊泰LS190-ED10配件手册.pdf,"A2U220-321040 — Driveline, Transmission to Flange Bearing","A2U220-321040 Driveline, Transmission to Flange Bearing | ED","Verified part number A2U220-321040: Driveline, Transmission to Flange Bearing for ED10. Check equipment compatibility and submit an RFQ to qualified mining",/part-number/a2u220-321040,Request Quote,/rfq/new?partNumber=A2U220-321040,PUBLISHED_READY,2026-09-18
PN-000594,A2U220-321039,a2u220-321039,Sandvik / EIMCO,Underground LHD,ED10,Transmission/Driveline,DRIVELINE TRANS REAR AXLE,DRIVELINE TRANS REAR AXLE,动力传输系统变速箱与后桥之间,EXPLICIT,VERIFIED,HIGH,"ED10 parts manual page 141, item 2; SANDVIK LS 190-312 PARTS20260228.xlsx, Sheet1, row 116",SANDVIK LS 190-312 PARTS20260228.xlsx | 伊泰LS190-ED10配件手册.pdf,A2U220-321039 — DRIVELINE TRANS REAR AXLE,A2U220-321039 DRIVELINE TRANS REAR AXLE | ED10 Spare Part,Verified part number A2U220-321039: DRIVELINE TRANS REAR AXLE for ED10. Check equipment compatibility and submit an RFQ to qualified mining spare parts sup,/part-number/a2u220-321039,Request Quote,/rfq/new?partNumber=A2U220-321039,PUBLISHED_READY,2026-09-18
PN-000094,111097,111097,Sandvik / EIMCO,Underground LHD,ED10,Engine,动力传输系统发动机与变速箱之间,,动力传输系统发动机与变速箱之间,EXPLICIT,VERIFIED,HIGH,"ED10 parts manual page 141, item 3",伊泰LS190-ED10配件手册.pdf,111097 — 动力传输系统发动机与变速箱之间,111097 动力传输系统发动机与变速箱之间 | ED10 Spare Part,Verified part number 111097: 动力传输系统发动机与变速箱之间 for ED10. Check equipment compatibility and submit an RFQ to qualified mining spare parts suppliers on Kuangpe,/part-number/111097,Request Quote,/rfq/new?partNumber=111097,PUBLISHED_READY,2026-09-18
PN-000613,A2U220-391158,a2u220-391158,Sandvik / EIMCO,Underground LHD,ED10,Other,动力传输系统罩,,动力传输系统罩,EXPLICIT,VERIFIED,HIGH,"ED10 parts manual page 141, item 4",伊泰LS190-ED10配件手册.pdf,A2U220-391158 — 动力传输系统罩,A2U220-391158 动力传输系统罩 | ED10 Spare Part,Verified part number A2U220-391158: 动力传输系统罩 for ED10. Check equipment compatibility and submit an RFQ to qualified mining spare parts suppliers on Kuangpei,/part-number/a2u220-391158,Request Quote,/rfq/new?partNumber=A2U220-391158,PUBLISHED_READY,2026-09-18
PN-000614,A2U220-391159,a2u220-391159,Sandvik / EIMCO,Underground LHD,ED10,Other,动力传输系统罩,,动力传输系统罩,EXPLICIT,VERIFIED,HIGH,"ED10 parts manual page 141, item 5",伊泰LS190-ED10配件手册.pdf,A2U220-391159 — 动力传输系统罩,A2U220-391159 动力传输系统罩 | ED10 Spare Part,Verified part number A2U220-391159: 动力传输系统罩 for ED10. Check equipment compatibility and submit an RFQ to qualified mining spare parts suppliers on Kuangpei,/part-number/a2u220-391159,Request Quote,/rfq/new?partNumber=A2U220-391159,PUBLISHED_READY,2026-09-18
PN-000615,A2U220-391160,a2u220-391160,Sandvik / EIMCO,Underground LHD,ED10,Other,动力传输系统罩,,动力传输系统罩,EXPLICIT,VERIFIED,HIGH,"ED10 parts manual page 141, item 6",伊泰LS190-ED10配件手册.pdf,A2U220-391160 — 动力传输系统罩,A2U220-391160 动力传输系统罩 | ED10 Spare Part,Verified part number A2U220-391160: 动力传输系统罩 for ED10. Check equipment compatibility and submit an RFQ to qualified mining spare parts suppliers on Kuangpei,/part-number/a2u220-391160,Request Quote,/rfq/new?partNumber=A2U220-391160,PUBLISHED_READY,2026-09-18
PN-000745,A2U900-392027,a2u900-392027,Sandvik / EIMCO,Underground LHD,ED10,Fastener,螺钉,,螺钉,EXPLICIT,VERIFIED,HIGH,"ED10 parts manual page 141, item 7",伊泰LS190-ED10配件手册.pdf,A2U900-392027 — 螺钉,A2U900-392027 螺钉 | ED10 Spare Part,Verified part number A2U900-392027: 螺钉 for ED10. Check equipment compatibility and submit an RFQ to qualified mining spare parts suppliers on KuangpeiYun.,/part-number/a2u900-392027,Request Quote,/rfq/new?partNumber=A2U900-392027,PUBLISHED_READY,2026-09-18
PN-000324,64404396,64404396,Sandvik / EIMCO,Underground LHD,ED10,Fastener,弹簧垫圈,,弹簧垫圈,EXPLICIT,VERIFIED,HIGH,"ED10 parts manual page 141, item 9; ED10 parts manual page 271, item 7",伊泰LS190-ED10配件手册.pdf,64404396 — 弹簧垫圈,64404396 弹簧垫圈 | ED10 Spare Part,Verified part number 64404396: 弹簧垫圈 for ED10. Check equipment compatibility and submit an RFQ to qualified mining spare parts suppliers on KuangpeiYun.,/part-number/64404396,Request Quote,/rfq/new?partNumber=64404396,PUBLISHED_READY,2026-09-18
PN-000744,A2U900-392011,a2u900-392011,Sandvik / EIMCO,Underground LHD,ED10,Fastener,螺栓,,螺栓,EXPLICIT,VERIFIED,HIGH,"ED10 parts manual page 141, item 10",伊泰LS190-ED10配件手册.pdf,A2U900-392011 — 螺栓,A2U900-392011 螺栓 | ED10 Spare Part,Verified part number A2U900-392011: 螺栓 for ED10. Check equipment compatibility and submit an RFQ to qualified mining spare parts suppliers on KuangpeiYun.,/part-number/a2u900-392011,Request Quote,/rfq/new?partNumber=A2U900-392011,PUBLISHED_READY,2026-09-18
PN-000120,248872,248872,Sandvik / EIMCO,Underground LHD,ED10,Other,动力传输系统罩,,动力传输系统罩,EXPLICIT,VERIFIED,HIGH,"ED10 parts manual page 141, item 11",伊泰LS190-ED10配件手册.pdf,248872 — 动力传输系统罩,248872 动力传输系统罩 | ED10 Spare Part,Verified part number 248872: 动力传输系统罩 for ED10. Check equipment compatibility and submit an RFQ to qualified mining spare parts suppliers on KuangpeiYun.,/part-number/248872,Request Quote,/rfq/new?partNumber=248872,PUBLISHED_READY,2026-09-18
PN-000066,016-15015,016-15015,Sandvik / EIMCO,Underground LHD,ED10,Structure,十字轴安装,,十字轴安装,EXPLICIT,VERIFIED,HIGH,"ED10 parts manual page 143, item 1",伊泰LS190-ED10配件手册.pdf,016-15015 — 十字轴安装,016-15015 十字轴安装 | ED10 Spare Part,Verified part number 016-15015: 十字轴安装 for ED10. Check equipment compatibility and submit an RFQ to qualified mining spare parts suppliers on KuangpeiYun.,/part-number/016-15015,Request Quote,/rfq/new?partNumber=016-15015,PUBLISHED_READY,2026-09-18
PN-001759,D6N66163,d6n66163,Sandvik / EIMCO,Underground LHD,ED10,Other,滑动叉,,滑动叉,EXPLICIT,VERIFIED,HIGH,"ED10 parts manual page 143, item 2",伊泰LS190-ED10配件手册.pdf,D6N66163 — 滑动叉,D6N66163 滑动叉 | ED10 Spare Part,Verified part number D6N66163: 滑动叉 for ED10. Check equipment compatibility and submit an RFQ to qualified mining spare parts suppliers on KuangpeiYun.,/part-number/d6n66163,Request Quote,/rfq/new?partNumber=D6N66163,PUBLISHED_READY,2026-09-18
PN-001843,M2E42-24954-1,m2e42-24954-1,Sandvik / EIMCO,Underground LHD,ED10,Structure,管道安装,,管道安装,EXPLICIT,VERIFIED,HIGH,"ED10 parts manual page 143, item 3",伊泰LS190-ED10配件手册.pdf,M2E42-24954-1 — 管道安装,M2E42-24954-1 管道安装 | ED10 Spare Part,Verified part number M2E42-24954-1: 管道安装 for ED10. Check equipment compatibility and submit an RFQ to qualified mining spare parts suppliers on KuangpeiYun,/part-number/m2e42-24954-1,Request Quote,/rfq/new?partNumber=M2E42-24954-1,PUBLISHED_READY,2026-09-18
PN-001840,M2E16995J,m2e16995j,Sandvik / EIMCO,Underground LHD,ED10,Seal/Gasket,毡密封,,毡密封,EXPLICIT,VERIFIED,HIGH,"ED10 parts manual page 143, item 4",伊泰LS190-ED10配件手册.pdf,M2E16995J — 毡密封,M2E16995J 毡密封 | ED10 Spare Part,Verified part number M2E16995J: 毡密封 for ED10. Check equipment compatibility and submit an RFQ to qualified mining spare parts suppliers on KuangpeiYun.,/part-number/m2e16995j,Request Quote,/rfq/new?partNumber=M2E16995J,PUBLISHED_READY,2026-09-18
PN-001841,M2E16996J,m2e16996j,Sandvik / EIMCO,Underground LHD,ED10,Fastener,垫圈,,垫圈,EXPLICIT,VERIFIED,HIGH,"ED10 parts manual page 143, item 5",伊泰LS190-ED10配件手册.pdf,M2E16996J — 垫圈,M2E16996J 垫圈 | ED10 Spare Part,Verified part number M2E16996J: 垫圈 for ED10. Check equipment compatibility and submit an RFQ to qualified mining spare parts suppliers on KuangpeiYun.,/part-number/m2e16996j,Request Quote,/rfq/new?partNumber=M2E16996J,PUBLISHED_READY,2026-09-18
PN-001842,M2E2-60724,m2e2-60724,Sandvik / EIMCO,Underground LHD,ED10,Other,座圈,,座圈,EXPLICIT,VERIFIED,HIGH,"ED10 parts manual page 143, item 6",伊泰LS190-ED10配件手册.pdf,M2E2-60724 — 座圈,M2E2-60724 座圈 | ED10 Spare Part,Verified part number M2E2-60724: 座圈 for ED10. Check equipment compatibility and submit an RFQ to qualified mining spare parts suppliers on KuangpeiYun.,/part-number/m2e2-60724,Request Quote,/rfq/new?partNumber=M2E2-60724,PUBLISHED_READY,2026-09-18
PN-001844,M2E8X157,m2e8x157,Sandvik / EIMCO,Underground LHD,ED10,Hose/Fitting,润滑接头,,润滑接头,EXPLICIT,VERIFIED,HIGH,"ED10 parts manual page 143, item 7",伊泰LS190-ED10配件手册.pdf,M2E8X157 — 润滑接头,M2E8X157 润滑接头 | ED10 Spare Part,Verified part number M2E8X157: 润滑接头 for ED10. Check equipment compatibility and submit an RFQ to qualified mining spare parts suppliers on KuangpeiYun.,/part-number/m2e8x157,Request Quote,/rfq/new?partNumber=M2E8X157,PUBLISHED_READY,2026-09-18
PN-000088,102314,102314,Sandvik / EIMCO,Underground LHD,ED10,Fastener,螺钉,,螺钉,EXPLICIT,VERIFIED,HIGH,"ED10 parts manual page 143, item 8",伊泰LS190-ED10配件手册.pdf,102314 — 螺钉,102314 螺钉 | ED10 Spare Part,Verified part number 102314: 螺钉 for ED10. Check equipment compatibility and submit an RFQ to qualified mining spare parts suppliers on KuangpeiYun.,/part-number/102314,Request Quote,/rfq/new?partNumber=102314,PUBLISHED_READY,2026-09-18
PN-000314,64113616,64113616,Sandvik / EIMCO,Underground LHD,ED10,Fastener,WHEEL NUT,WHEEL NUT,车轮六角螺母,EXPLICIT,VERIFIED,HIGH,"ED10 parts manual page 149, item 1; ED10 parts manual page 167, item 1; SANDVIK LS190-B2285 SPARE PARTS LIST_Mining India_24.03.2026.xlsx, Sheet1, row 327; SANDVIK LS190-B2285 SPARE PARTS LIST_Mining India_24.03.2026.xlsx, Sheet1, row 391",SANDVIK LS190-B2285 SPARE PARTS LIST_Mining India_24.03.2026.xlsx | 伊泰LS190-ED10配件手册.pdf,64113616 — WHEEL NUT,64113616 WHEEL NUT | ED10 Spare Part,Verified part number 64113616: WHEEL NUT for ED10. Check equipment compatibility and submit an RFQ to qualified mining spare parts suppliers on KuangpeiYun,/part-number/64113616,Request Quote,/rfq/new?partNumber=64113616,PUBLISHED_READY,2026-09-18
PN-000742,A2U900-341031,a2u900-341031,Sandvik / EIMCO,Underground LHD,ED10,Other,桥，止挡,,桥，止挡,EXPLICIT,VERIFIED,HIGH,"ED10 parts manual page 149, item 2; ED10 parts manual page 167, item 2",伊泰LS190-ED10配件手册.pdf,A2U900-341031 — 桥，止挡,A2U900-341031 桥，止挡 | ED10 Spare Part,Verified part number A2U900-341031: 桥，止挡 for ED10. Check equipment compatibility and submit an RFQ to qualified mining spare parts suppliers on KuangpeiYun,/part-number/a2u900-341031,Request Quote,/rfq/new?partNumber=A2U900-341031,PUBLISHED_READY,2026-09-18
PN-001863,T20ZG,t20zg,Sandvik / EIMCO,Underground LHD,ED10,Fastener,1.1/4-7 HEX. NUT,1.1/4-7 HEX. NUT,六角螺母,EXPLICIT,VERIFIED,HIGH,"ED10 parts manual page 149, item 3; ED10 parts manual page 167, item 3; SANDVIK LS190-B2285 SPARE PARTS LIST_Mining India_24.03.2026.xlsx, Sheet1, row 326; SANDVIK LS190-B2285 SPARE PARTS LIST_Mining India_24.03.2026.xlsx, Sheet1, row 393",SANDVIK LS190-B2285 SPARE PARTS LIST_Mining India_24.03.2026.xlsx | 伊泰LS190-ED10配件手册.pdf,T20ZG — 1.1/4-7 HEX. NUT,T20ZG 1.1/4-7 HEX. NUT | ED10 Spare Part,Verified part number T20ZG: 1.1/4-7 HEX. NUT for ED10. Check equipment compatibility and submit an RFQ to qualified mining spare parts suppliers on Kuangpe,/part-number/t20zg,Request Quote,/rfq/new?partNumber=T20ZG,PUBLISHED_READY,2026-09-18
PN-000386,A2U130-196132,a2u130-196132,Sandvik / EIMCO,Underground LHD,ED10,Fastener,HEX. HD. BOLT,HEX. HD. BOLT | BOLT HEX.,六角头螺栓,EXPLICIT,VERIFIED,HIGH,"ED10 parts manual page 149, item 4; ED10 parts manual page 167, item 4; SANDVIK LS190-B2285 SPARE PARTS LIST_Mining India_24.03.2026.xlsx, Sheet1, row 328; SANDVIK LS190-B2285 SPARE PARTS LIST_Mining India_24.03.2026.xlsx, Sheet1, row 392",SANDVIK LS190-B2285 SPARE PARTS LIST_Mining India_24.03.2026.xlsx | 伊泰LS190-ED10配件手册.pdf,A2U130-196132 — HEX. HD. BOLT,A2U130-196132 HEX. HD. BOLT | ED10 Spare Part,Verified part number A2U130-196132: HEX. HD. BOLT for ED10. Check equipment compatibility and submit an RFQ to qualified mining spare parts suppliers on Ku,/part-number/a2u130-196132,Request Quote,/rfq/new?partNumber=A2U130-196132,PUBLISHED_READY,2026-09-18
PN-001899,W20HB,w20hb,Sandvik / EIMCO,Underground LHD,ED10,Fastener,"WASHER, SEA FLAT, HIGH STRENGTH HARDENED","WASHER, SEA FLAT, HIGH STRENGTH HARDENED",六角头螺栓 | 平垫圈,EXPLICIT,VERIFIED,HIGH,"ED10 parts manual page 149, item 5; ED10 parts manual page 167, item 5; SANDVIK LS190-B2285 SPARE PARTS LIST_Mining India_24.03.2026.xlsx, Sheet1, row 390",SANDVIK LS190-B2285 SPARE PARTS LIST_Mining India_24.03.2026.xlsx | 伊泰LS190-ED10配件手册.pdf,"W20HB — WASHER, SEA FLAT, HIGH STRENGTH HARDENED","W20HB WASHER, SEA FLAT, HIGH STRENGTH HARDENED | ED10 Spare ","Verified part number W20HB: WASHER, SEA FLAT, HIGH STRENGTH HARDENED for ED10. Check equipment compatibility and submit an RFQ to qualified mining spare pa",/part-number/w20hb,Request Quote,/rfq/new?partNumber=W20HB,PUBLISHED_READY,2026-09-18
PN-001147,CL2109807,cl2109807,Sandvik / EIMCO,Underground LHD,ED10,Other,行星齿轮架,,行星齿轮架,EXPLICIT,VERIFIED,HIGH,"ED10 parts manual page 151, item 1",伊泰LS190-ED10配件手册.pdf,CL2109807 — 行星齿轮架,CL2109807 行星齿轮架 | ED10 Spare Part,Verified part number CL2109807: 行星齿轮架 for ED10. Check equipment compatibility and submit an RFQ to qualified mining spare parts suppliers on KuangpeiYun.,/part-number/cl2109807,Request Quote,/rfq/new?partNumber=CL2109807,PUBLISHED_READY,2026-09-18
PN-001145,CL2109696,cl2109696,Sandvik / EIMCO,Underground LHD,ED10,Fastener,推力垫圈,,推力垫圈,EXPLICIT,VERIFIED,HIGH,"ED10 parts manual page 151, item 2",伊泰LS190-ED10配件手册.pdf,CL2109696 — 推力垫圈,CL2109696 推力垫圈 | ED10 Spare Part,Verified part number CL2109696: 推力垫圈 for ED10. Check equipment compatibility and submit an RFQ to qualified mining spare parts suppliers on KuangpeiYun.,/part-number/cl2109696,Request Quote,/rfq/new?partNumber=CL2109696,PUBLISHED_READY,2026-09-18
PN-001121,CL17C612H,cl17c612h,Sandvik / EIMCO,Underground LHD,ED10,Fastener,定位盘螺钉,,定位盘螺钉,EXPLICIT,VERIFIED,HIGH,"ED10 parts manual page 151, item 3",伊泰LS190-ED10配件手册.pdf,CL17C612H — 定位盘螺钉,CL17C612H 定位盘螺钉 | ED10 Spare Part,Verified part number CL17C612H: 定位盘螺钉 for ED10. Check equipment compatibility and submit an RFQ to qualified mining spare parts suppliers on KuangpeiYun.,/part-number/cl17c612h,Request Quote,/rfq/new?partNumber=CL17C612H,PUBLISHED_READY,2026-09-18
PN-001171,CL2111451,cl2111451,Sandvik / EIMCO,Underground LHD,ED10,Other,定位盘,,定位盘,EXPLICIT,VERIFIED,HIGH,"ED10 parts manual page 151, item 4",伊泰LS190-ED10配件手册.pdf,CL2111451 — 定位盘,CL2111451 定位盘 | ED10 Spare Part,Verified part number CL2111451: 定位盘 for ED10. Check equipment compatibility and submit an RFQ to qualified mining spare parts suppliers on KuangpeiYun.,/part-number/cl2111451,Request Quote,/rfq/new?partNumber=CL2111451,PUBLISHED_READY,2026-09-18
PN-001101,CL118774,cl118774,Sandvik / EIMCO,Underground LHD,ED10,Fastener,推力垫圈,,推力垫圈,EXPLICIT,VERIFIED,HIGH,"ED10 parts manual page 151, item 5",伊泰LS190-ED10配件手册.pdf,CL118774 — 推力垫圈,CL118774 推力垫圈 | ED10 Spare Part,Verified part number CL118774: 推力垫圈 for ED10. Check equipment compatibility and submit an RFQ to qualified mining spare parts suppliers on KuangpeiYun.,/part-number/cl118774,Request Quote,/rfq/new?partNumber=CL118774,PUBLISHED_READY,2026-09-18
PN-001149,CL2109810,cl2109810,Sandvik / EIMCO,Underground LHD,ED10,Other,小齿轮针式滚柱,,小齿轮针式滚柱,EXPLICIT,VERIFIED,HIGH,"ED10 parts manual page 151, item 6",伊泰LS190-ED10配件手册.pdf,CL2109810 — 小齿轮针式滚柱,CL2109810 小齿轮针式滚柱 | ED10 Spare Part,Verified part number CL2109810: 小齿轮针式滚柱 for ED10. Check equipment compatibility and submit an RFQ to qualified mining spare parts suppliers on KuangpeiYun.,/part-number/cl2109810,Request Quote,/rfq/new?partNumber=CL2109810,PUBLISHED_READY,2026-09-18
PN-001148,CL2109809,cl2109809,Sandvik / EIMCO,Underground LHD,ED10,Other,行星齿轮,,行星齿轮,EXPLICIT,VERIFIED,HIGH,"ED10 parts manual page 151, item 7",伊泰LS190-ED10配件手册.pdf,CL2109809 — 行星齿轮,CL2109809 行星齿轮 | ED10 Spare Part,Verified part number CL2109809: 行星齿轮 for ED10. Check equipment compatibility and submit an RFQ to qualified mining spare parts suppliers on KuangpeiYun.,/part-number/cl2109809,Request Quote,/rfq/new?partNumber=CL2109809,PUBLISHED_READY,2026-09-18
PN-001102,CL118775,cl118775,Sandvik / EIMCO,Underground LHD,ED10,Other,行星针式滚柱隔片,,行星针式滚柱隔片,EXPLICIT,VERIFIED,HIGH,"ED10 parts manual page 151, item 8",伊泰LS190-ED10配件手册.pdf,CL118775 — 行星针式滚柱隔片,CL118775 行星针式滚柱隔片 | ED10 Spare Part,Verified part number CL118775: 行星针式滚柱隔片 for ED10. Check equipment compatibility and submit an RFQ to qualified mining spare parts suppliers on KuangpeiYun.,/part-number/cl118775,Request Quote,/rfq/new?partNumber=CL118775,PUBLISHED_READY,2026-09-18
PN-001154,CL2110403,cl2110403,Sandvik / EIMCO,Underground LHD,ED10,Other,行星轴,,行星轴,EXPLICIT,VERIFIED,HIGH,"ED10 parts manual page 151, item 9",伊泰LS190-ED10配件手册.pdf,CL2110403 — 行星轴,CL2110403 行星轴 | ED10 Spare Part,Verified part number CL2110403: 行星轴 for ED10. Check equipment compatibility and submit an RFQ to qualified mining spare parts suppliers on KuangpeiYun.,/part-number/cl2110403,Request Quote,/rfq/new?partNumber=CL2110403,PUBLISHED_READY,2026-09-18
PN-001155,CL2110404,cl2110404,Sandvik / EIMCO,Underground LHD,ED10,Other,行星轴O-形圈,,行星轴O-形圈,EXPLICIT,VERIFIED,HIGH,"ED10 parts manual page 151, item 10",伊泰LS190-ED10配件手册.pdf,CL2110404 — 行星轴O-形圈,CL2110404 行星轴O-形圈 | ED10 Spare Part,Verified part number CL2110404: 行星轴O-形圈 for ED10. Check equipment compatibility and submit an RFQ to qualified mining spare parts suppliers on KuangpeiYun.,/part-number/cl2110404,Request Quote,/rfq/new?partNumber=CL2110404,PUBLISHED_READY,2026-09-18
PN-001186,CL2114193,cl2114193,Sandvik / EIMCO,Underground LHD,ED10,Other,齿轮内毂,,齿轮内毂,EXPLICIT,VERIFIED,HIGH,"ED10 parts manual page 153, item 1",伊泰LS190-ED10配件手册.pdf,CL2114193 — 齿轮内毂,CL2114193 齿轮内毂 | ED10 Spare Part,Verified part number CL2114193: 齿轮内毂 for ED10. Check equipment compatibility and submit an RFQ to qualified mining spare parts suppliers on KuangpeiYun.,/part-number/cl2114193,Request Quote,/rfq/new?partNumber=CL2114193,PUBLISHED_READY,2026-09-18
PN-001189,CL2114233,cl2114233,Sandvik / EIMCO,Underground LHD,ED10,Fastener,轴承调整螺母,,轴承调整螺母,EXPLICIT,VERIFIED,HIGH,"ED10 parts manual page 153, item 2",伊泰LS190-ED10配件手册.pdf,CL2114233 — 轴承调整螺母,CL2114233 轴承调整螺母 | ED10 Spare Part,Verified part number CL2114233: 轴承调整螺母 for ED10. Check equipment compatibility and submit an RFQ to qualified mining spare parts suppliers on KuangpeiYun.,/part-number/cl2114233,Request Quote,/rfq/new?partNumber=CL2114233,PUBLISHED_READY,2026-09-18
PN-001190,CL2114234,cl2114234,Sandvik / EIMCO,Underground LHD,ED10,Fastener,轴承调整螺母锁紧,,轴承调整螺母锁紧,EXPLICIT,VERIFIED,HIGH,"ED10 parts manual page 153, item 3",伊泰LS190-ED10配件手册.pdf,CL2114234 — 轴承调整螺母锁紧,CL2114234 轴承调整螺母锁紧 | ED10 Spare Part,Verified part number CL2114234: 轴承调整螺母锁紧 for ED10. Check equipment compatibility and submit an RFQ to qualified mining spare parts suppliers on KuangpeiYun,/part-number/cl2114234,Request Quote,/rfq/new?partNumber=CL2114234,PUBLISHED_READY,2026-09-18
PN-001191,CL2114235,cl2114235,Sandvik / EIMCO,Underground LHD,ED10,Other,卡环,,卡环,EXPLICIT,VERIFIED,HIGH,"ED10 parts manual page 153, item 3A",伊泰LS190-ED10配件手册.pdf,CL2114235 — 卡环,CL2114235 卡环 | ED10 Spare Part,Verified part number CL2114235: 卡环 for ED10. Check equipment compatibility and submit an RFQ to qualified mining spare parts suppliers on KuangpeiYun.,/part-number/cl2114235,Request Quote,/rfq/new?partNumber=CL2114235,PUBLISHED_READY,2026-09-18
PN-001150,CL2109820,cl2109820,Sandvik / EIMCO,Underground LHD,ED10,Fastener,太阳轮止推垫圈,,太阳轮止推垫圈,EXPLICIT,VERIFIED,HIGH,"ED10 parts manual page 153, item 5",伊泰LS190-ED10配件手册.pdf,CL2109820 — 太阳轮止推垫圈,CL2109820 太阳轮止推垫圈 | ED10 Spare Part,Verified part number CL2109820: 太阳轮止推垫圈 for ED10. Check equipment compatibility and submit an RFQ to qualified mining spare parts suppliers on KuangpeiYun.,/part-number/cl2109820,Request Quote,/rfq/new?partNumber=CL2109820,PUBLISHED_READY,2026-09-18
PN-001181,CL2112733,cl2112733,Sandvik / EIMCO,Underground LHD,ED10,Other,车轴,,车轴,EXPLICIT,VERIFIED,HIGH,"ED10 parts manual page 153, item 6; ED10 parts manual page 153, item 11",伊泰LS190-ED10配件手册.pdf,CL2112733 — 车轴,CL2112733 车轴 | ED10 Spare Part,Verified part number CL2112733: 车轴 for ED10. Check equipment compatibility and submit an RFQ to qualified mining spare parts suppliers on KuangpeiYun.,/part-number/cl2112733,Request Quote,/rfq/new?partNumber=CL2112733,PUBLISHED_READY,2026-09-18
PN-001146,CL2109806,cl2109806,Sandvik / EIMCO,Underground LHD,ED10,Structure,行星齿轮架安装,,行星齿轮架安装,EXPLICIT,VERIFIED,HIGH,"ED10 parts manual page 153, item 7",伊泰LS190-ED10配件手册.pdf,CL2109806 — 行星齿轮架安装,CL2109806 行星齿轮架安装 | ED10 Spare Part,Verified part number CL2109806: 行星齿轮架安装 for ED10. Check equipment compatibility and submit an RFQ to qualified mining spare parts suppliers on KuangpeiYun.,/part-number/cl2109806,Request Quote,/rfq/new?partNumber=CL2109806,PUBLISHED_READY,2026-09-18
PN-001090,CL106547,cl106547,Sandvik / EIMCO,Underground LHD,ED10,Structure,齿轮架安装,,齿轮架安装 | 箱体螺栓垫圈,EXPLICIT,VERIFIED,HIGH,"ED10 parts manual page 153, item 8; ED10 parts manual page 157, item 16",伊泰LS190-ED10配件手册.pdf,CL106547 — 齿轮架安装,CL106547 齿轮架安装 | ED10 Spare Part,Verified part number CL106547: 齿轮架安装 for ED10. Check equipment compatibility and submit an RFQ to qualified mining spare parts suppliers on KuangpeiYun.,/part-number/cl106547,Request Quote,/rfq/new?partNumber=CL106547,PUBLISHED_READY,2026-09-18
PN-001100,CL117225,cl117225,Sandvik / EIMCO,Underground LHD,ED10,Fastener,齿轮架螺钉,,齿轮架螺钉,EXPLICIT,VERIFIED,HIGH,"ED10 parts manual page 153, item 9",伊泰LS190-ED10配件手册.pdf,CL117225 — 齿轮架螺钉,CL117225 齿轮架螺钉 | ED10 Spare Part,Verified part number CL117225: 齿轮架螺钉 for ED10. Check equipment compatibility and submit an RFQ to qualified mining spare parts suppliers on KuangpeiYun.,/part-number/cl117225,Request Quote,/rfq/new?partNumber=CL117225,PUBLISHED_READY,2026-09-18
PN-001152,CL2109823,cl2109823,Sandvik / EIMCO,Underground LHD,ED10,Other,外轴承锥,,外轴承锥,EXPLICIT,VERIFIED,HIGH,"ED10 parts manual page 153, item 12",伊泰LS190-ED10配件手册.pdf,CL2109823 — 外轴承锥,CL2109823 外轴承锥 | ED10 Spare Part,Verified part number CL2109823: 外轴承锥 for ED10. Check equipment compatibility and submit an RFQ to qualified mining spare parts suppliers on KuangpeiYun.,/part-number/cl2109823,Request Quote,/rfq/new?partNumber=CL2109823,PUBLISHED_READY,2026-09-18
PN-001151,CL2109822,cl2109822,Sandvik / EIMCO,Underground LHD,ED10,Other,外轴承杯,,外轴承杯,EXPLICIT,VERIFIED,HIGH,"ED10 parts manual page 153, item 13",伊泰LS190-ED10配件手册.pdf,CL2109822 — 外轴承杯,CL2109822 外轴承杯 | ED10 Spare Part,Verified part number CL2109822: 外轴承杯 for ED10. Check equipment compatibility and submit an RFQ to qualified mining spare parts suppliers on KuangpeiYun.,/part-number/cl2109822,Request Quote,/rfq/new?partNumber=CL2109822,PUBLISHED_READY,2026-09-18
PN-001104,CL120218,cl120218,Sandvik / EIMCO,Underground LHD,ED10,Fastener,齿轮双头螺栓,,齿轮双头螺栓,EXPLICIT,VERIFIED,HIGH,"ED10 parts manual page 153, item 14",伊泰LS190-ED10配件手册.pdf,CL120218 — 齿轮双头螺栓,CL120218 齿轮双头螺栓 | ED10 Spare Part,Verified part number CL120218: 齿轮双头螺栓 for ED10. Check equipment compatibility and submit an RFQ to qualified mining spare parts suppliers on KuangpeiYun.,/part-number/cl120218,Request Quote,/rfq/new?partNumber=CL120218,PUBLISHED_READY,2026-09-18
PN-001170,CL2111410,cl2111410,Sandvik / EIMCO,Underground LHD,ED10,Structure,轮毂及轴承杯安装 -包括零件13和 17,,轮毂及轴承杯安装 -包括零件13和 17,EXPLICIT,VERIFIED,HIGH,"ED10 parts manual page 153, item 15",伊泰LS190-ED10配件手册.pdf,CL2111410 — 轮毂及轴承杯安装 -包括零件13和 17,CL2111410 轮毂及轴承杯安装 -包括零件13和 17 | ED10 Spare Part,Verified part number CL2111410: 轮毂及轴承杯安装 -包括零件13和 17 for ED10. Check equipment compatibility and submit an RFQ to qualified mining spare parts suppliers on,/part-number/cl2111410,Request Quote,/rfq/new?partNumber=CL2111410,PUBLISHED_READY,2026-09-18
PN-001496,CL86D-12H,cl86d-12h,Sandvik / EIMCO,Underground LHD,ED10,Fastener,车轮双头螺栓螺母,,车轮双头螺栓螺母,EXPLICIT,VERIFIED,HIGH,"ED10 parts manual page 153, item 16",伊泰LS190-ED10配件手册.pdf,CL86D-12H — 车轮双头螺栓螺母,CL86D-12H 车轮双头螺栓螺母 | ED10 Spare Part,Verified part number CL86D-12H: 车轮双头螺栓螺母 for ED10. Check equipment compatibility and submit an RFQ to qualified mining spare parts suppliers on KuangpeiYun,/part-number/cl86d-12h,Request Quote,/rfq/new?partNumber=CL86D-12H,PUBLISHED_READY,2026-09-18
PN-001153,CL2109824,cl2109824,Sandvik / EIMCO,Underground LHD,ED10,Other,车内毂轴承杯,,车内毂轴承杯,EXPLICIT,VERIFIED,HIGH,"ED10 parts manual page 153, item 17",伊泰LS190-ED10配件手册.pdf,CL2109824 — 车内毂轴承杯,CL2109824 车内毂轴承杯 | ED10 Spare Part,Verified part number CL2109824: 车内毂轴承杯 for ED10. Check equipment compatibility and submit an RFQ to qualified mining spare parts suppliers on KuangpeiYun.,/part-number/cl2109824,Request Quote,/rfq/new?partNumber=CL2109824,PUBLISHED_READY,2026-09-18
PN-001111,CL127819,cl127819,Sandvik / EIMCO,Underground LHD,ED10,Other,车内毂轴承锥,,车内毂轴承锥,EXPLICIT,VERIFIED,HIGH,"ED10 parts manual page 153, item 18",伊泰LS190-ED10配件手册.pdf,CL127819 — 车内毂轴承锥,CL127819 车内毂轴承锥 | ED10 Spare Part,Verified part number CL127819: 车内毂轴承锥 for ED10. Check equipment compatibility and submit an RFQ to qualified mining spare parts suppliers on KuangpeiYun.,/part-number/cl127819,Request Quote,/rfq/new?partNumber=CL127819,PUBLISHED_READY,2026-09-18
PN-001143,CL2107379,cl2107379,Sandvik / EIMCO,Underground LHD,ED10,Seal/Gasket,车毂密封,,车毂密封,EXPLICIT,VERIFIED,HIGH,"ED10 parts manual page 153, item 19",伊泰LS190-ED10配件手册.pdf,CL2107379 — 车毂密封,CL2107379 车毂密封 | ED10 Spare Part,Verified part number CL2107379: 车毂密封 for ED10. Check equipment compatibility and submit an RFQ to qualified mining spare parts suppliers on KuangpeiYun.,/part-number/cl2107379,Request Quote,/rfq/new?partNumber=CL2107379,PUBLISHED_READY,2026-09-18
PN-001142,CL2106610,cl2106610,Sandvik / EIMCO,Underground LHD,ED10,Seal/Gasket,车毂表面密封,,车毂表面密封,EXPLICIT,VERIFIED,HIGH,"ED10 parts manual page 153, item 20",伊泰LS190-ED10配件手册.pdf,CL2106610 — 车毂表面密封,CL2106610 车毂表面密封 | ED10 Spare Part,Verified part number CL2106610: 车毂表面密封 for ED10. Check equipment compatibility and submit an RFQ to qualified mining spare parts suppliers on KuangpeiYun.,/part-number/cl2106610,Request Quote,/rfq/new?partNumber=CL2106610,PUBLISHED_READY,2026-09-18
PN-001105,CL121214,cl121214,Sandvik / EIMCO,Underground LHD,ED10,Transmission/Driveline,Axle Breather,Axle Breather | BREATHER,呼吸器,EXPLICIT,VERIFIED,HIGH,"ED10 parts manual page 153, item 21; SANDVIK LS 190-312 PARTS20260228.xlsx, Sheet1, row 148; SANDVIK LS190-B2285 SPARE PARTS LIST_Mining India_24.03.2026.xlsx, Sheet1, row 122; SANDVIK LS190-B2285 SPARE PARTS LIST_Mining India_24.03.2026.xlsx, Sheet1, row 134",SANDVIK LS 190-312 PARTS20260228.xlsx | SANDVIK LS190-B2285 SPARE PARTS LIST_Mining India_24.03.2026.xlsx | 伊泰LS190-ED10配件手册.pdf,CL121214 — Axle Breather,CL121214 Axle Breather | ED10 Spare Part,Verified part number CL121214: Axle Breather for ED10. Check equipment compatibility and submit an RFQ to qualified mining spare parts suppliers on Kuangpe,/part-number/cl121214,Request Quote,/rfq/new?partNumber=CL121214,PUBLISHED_READY,2026-09-18
PN-001474,CL6C-605H,cl6c-605h,Sandvik / EIMCO,Underground LHD,ED10,Fastener,螺钉,,螺钉,EXPLICIT,VERIFIED,HIGH,"ED10 parts manual page 153, item 23",伊泰LS190-ED10配件手册.pdf,CL6C-605H — 螺钉,CL6C-605H 螺钉 | ED10 Spare Part,Verified part number CL6C-605H: 螺钉 for ED10. Check equipment compatibility and submit an RFQ to qualified mining spare parts suppliers on KuangpeiYun.,/part-number/cl6c-605h,Request Quote,/rfq/new?partNumber=CL6C-605H,PUBLISHED_READY,2026-09-18
PN-001207,CL2115353,cl2115353,Sandvik / EIMCO,Underground LHD,ED10,Other,壳,,壳,EXPLICIT,VERIFIED,HIGH,"ED10 parts manual page 153, item 25",伊泰LS190-ED10配件手册.pdf,CL2115353 — 壳,CL2115353 壳 | ED10 Spare Part,Verified part number CL2115353: 壳 for ED10. Check equipment compatibility and submit an RFQ to qualified mining spare parts suppliers on KuangpeiYun.,/part-number/cl2115353,Request Quote,/rfq/new?partNumber=CL2115353,PUBLISHED_READY,2026-09-18
PN-001185,CL2114020,cl2114020,Sandvik / EIMCO,Underground LHD,ED10,Fastener,车轴附加双头螺栓,,车轴附加双头螺栓,EXPLICIT,VERIFIED,HIGH,"ED10 parts manual page 153, item 26",伊泰LS190-ED10配件手册.pdf,CL2114020 — 车轴附加双头螺栓,CL2114020 车轴附加双头螺栓 | ED10 Spare Part,Verified part number CL2114020: 车轴附加双头螺栓 for ED10. Check equipment compatibility and submit an RFQ to qualified mining spare parts suppliers on KuangpeiYun,/part-number/cl2114020,Request Quote,/rfq/new?partNumber=CL2114020,PUBLISHED_READY,2026-09-18
PN-001173,CL2111619,cl2111619,Sandvik / EIMCO,Underground LHD,ED10,Other,车轴,,车轴,EXPLICIT,VERIFIED,HIGH,"ED10 parts manual page 153, item 27",伊泰LS190-ED10配件手册.pdf,CL2111619 — 车轴,CL2111619 车轴 | ED10 Spare Part,Verified part number CL2111619: 车轴 for ED10. Check equipment compatibility and submit an RFQ to qualified mining spare parts suppliers on KuangpeiYun.,/part-number/cl2111619,Request Quote,/rfq/new?partNumber=CL2111619,PUBLISHED_READY,2026-09-18
PN-001177,CL2111947,cl2111947,Sandvik / EIMCO,Underground LHD,ED10,Seal/Gasket,车轴与壳的密封,,车轴与壳的密封,EXPLICIT,VERIFIED,HIGH,"ED10 parts manual page 153, item 27A",伊泰LS190-ED10配件手册.pdf,CL2111947 — 车轴与壳的密封,CL2111947 车轴与壳的密封 | ED10 Spare Part,Verified part number CL2111947: 车轴与壳的密封 for ED10. Check equipment compatibility and submit an RFQ to qualified mining spare parts suppliers on KuangpeiYun.,/part-number/cl2111947,Request Quote,/rfq/new?partNumber=CL2111947,PUBLISHED_READY,2026-09-18
PN-001179,CL2112664,cl2112664,Sandvik / EIMCO,Underground LHD,ED10,Other,刹车总成,,刹车总成 | 多片安装- 包括零件 2至29 (数量为轮端数),EXPLICIT,VERIFIED,HIGH,"ED10 parts manual page 153, item 28; ED10 parts manual page 155, item 1",伊泰LS190-ED10配件手册.pdf,CL2112664 — 刹车总成,CL2112664 刹车总成 | ED10 Spare Part,Verified part number CL2112664: 刹车总成 for ED10. Check equipment compatibility and submit an RFQ to qualified mining spare parts suppliers on KuangpeiYun.,/part-number/cl2112664,Request Quote,/rfq/new?partNumber=CL2112664,PUBLISHED_READY,2026-09-18
PN-001098,CL111656,cl111656,Sandvik / EIMCO,Underground LHD,ED10,Fastener,车轴附加双头螺栓垫圈,,车轴附加双头螺栓垫圈,EXPLICIT,VERIFIED,HIGH,"ED10 parts manual page 153, item 29",伊泰LS190-ED10配件手册.pdf,CL111656 — 车轴附加双头螺栓垫圈,CL111656 车轴附加双头螺栓垫圈 | ED10 Spare Part,Verified part number CL111656: 车轴附加双头螺栓垫圈 for ED10. Check equipment compatibility and submit an RFQ to qualified mining spare parts suppliers on KuangpeiYu,/part-number/cl111656,Request Quote,/rfq/new?partNumber=CL111656,PUBLISHED_READY,2026-09-18
PN-001472,CL64D-12H,cl64d-12h,Sandvik / EIMCO,Underground LHD,ED10,Fastener,车轴附加双头螺栓螺母,,车轴附加双头螺栓螺母,EXPLICIT,VERIFIED,HIGH,"ED10 parts manual page 153, item 30",伊泰LS190-ED10配件手册.pdf,CL64D-12H — 车轴附加双头螺栓螺母,CL64D-12H 车轴附加双头螺栓螺母 | ED10 Spare Part,Verified part number CL64D-12H: 车轴附加双头螺栓螺母 for ED10. Check equipment compatibility and submit an RFQ to qualified mining spare parts suppliers on KuangpeiY,/part-number/cl64d-12h,Request Quote,/rfq/new?partNumber=CL64D-12H,PUBLISHED_READY,2026-09-18
PN-001176,CL2111900,cl2111900,Sandvik / EIMCO,Underground LHD,ED10,Other,壳排放口塞子,,壳排放口塞子,EXPLICIT,VERIFIED,HIGH,"ED10 parts manual page 153, item 31",伊泰LS190-ED10配件手册.pdf,CL2111900 — 壳排放口塞子,CL2111900 壳排放口塞子 | ED10 Spare Part,Verified part number CL2111900: 壳排放口塞子 for ED10. Check equipment compatibility and submit an RFQ to qualified mining spare parts suppliers on KuangpeiYun.,/part-number/cl2111900,Request Quote,/rfq/new?partNumber=CL2111900,PUBLISHED_READY,2026-09-18
PN-001086,CL1006547,cl1006547,Sandvik / EIMCO,Underground LHD,ED10,Fastener,垫圈,,垫圈,EXPLICIT,VERIFIED,HIGH,"ED10 parts manual page 153, item 34",伊泰LS190-ED10配件手册.pdf,CL1006547 — 垫圈,CL1006547 垫圈 | ED10 Spare Part,Verified part number CL1006547: 垫圈 for ED10. Check equipment compatibility and submit an RFQ to qualified mining spare parts suppliers on KuangpeiYun.,/part-number/cl1006547,Request Quote,/rfq/new?partNumber=CL1006547,PUBLISHED_READY,2026-09-18
PN-001205,CL2115220,cl2115220,Sandvik / EIMCO,Underground LHD,ED10,Transmission/Driveline,差速器及车架的安装,,差速器及车架的安装,EXPLICIT,VERIFIED,HIGH,"ED10 parts manual page 153, item 38",伊泰LS190-ED10配件手册.pdf,CL2115220 — 差速器及车架的安装,CL2115220 差速器及车架的安装 | ED10 Spare Part,Verified part number CL2115220: 差速器及车架的安装 for ED10. Check equipment compatibility and submit an RFQ to qualified mining spare parts suppliers on KuangpeiYu,/part-number/cl2115220,Request Quote,/rfq/new?partNumber=CL2115220,PUBLISHED_READY,2026-09-18
PN-001202,CL2114597,cl2114597,Sandvik / EIMCO,Underground LHD,ED10,Transmission/Driveline,差速器及车架的螺钉,,差速器及车架的螺钉,EXPLICIT,VERIFIED,HIGH,"ED10 parts manual page 153, item 39",伊泰LS190-ED10配件手册.pdf,CL2114597 — 差速器及车架的螺钉,CL2114597 差速器及车架的螺钉 | ED10 Spare Part,Verified part number CL2114597: 差速器及车架的螺钉 for ED10. Check equipment compatibility and submit an RFQ to qualified mining spare parts suppliers on KuangpeiYu,/part-number/cl2114597,Request Quote,/rfq/new?partNumber=CL2114597,PUBLISHED_READY,2026-09-18
PN-001201,CL2114595,cl2114595,Sandvik / EIMCO,Underground LHD,ED10,Transmission/Driveline,差速器及车架的螺钉,,差速器及车架的螺钉,EXPLICIT,VERIFIED,HIGH,"ED10 parts manual page 153, item 40",伊泰LS190-ED10配件手册.pdf,CL2114595 — 差速器及车架的螺钉,CL2114595 差速器及车架的螺钉 | ED10 Spare Part,Verified part number CL2114595: 差速器及车架的螺钉 for ED10. Check equipment compatibility and submit an RFQ to qualified mining spare parts suppliers on KuangpeiYu,/part-number/cl2114595,Request Quote,/rfq/new?partNumber=CL2114595,PUBLISHED_READY,2026-09-18
PN-001169,CL2111409,cl2111409,Sandvik / EIMCO,Underground LHD,ED10,Fastener,车毂，轴承杯及双头螺栓安装，包括零件16 至20,,车毂，轴承杯及双头螺栓安装，包括零件16 至20,EXPLICIT,VERIFIED,HIGH,"ED10 parts manual page 153, item 41",伊泰LS190-ED10配件手册.pdf,CL2111409 — 车毂，轴承杯及双头螺栓安装，包括零件16 至20,CL2111409 车毂，轴承杯及双头螺栓安装，包括零件16 至20 | ED10 Spare Part,Verified part number CL2111409: 车毂，轴承杯及双头螺栓安装，包括零件16 至20 for ED10. Check equipment compatibility and submit an RFQ to qualified mining spare parts supplier,/part-number/cl2111409,Request Quote,/rfq/new?partNumber=CL2111409,PUBLISHED_READY,2026-09-18
PN-001403,CL24K6,cl24k6,Sandvik / EIMCO,Underground LHD,ED10,Cooling,冷却出口塞子 -包括零件3,,冷却出口塞子 -包括零件3,EXPLICIT,VERIFIED,HIGH,"ED10 parts manual page 155, item 2",伊泰LS190-ED10配件手册.pdf,CL24K6 — 冷却出口塞子 -包括零件3,CL24K6 冷却出口塞子 -包括零件3 | ED10 Spare Part,Verified part number CL24K6: 冷却出口塞子 -包括零件3 for ED10. Check equipment compatibility and submit an RFQ to qualified mining spare parts suppliers on KuangpeiY,/part-number/cl24k6,Request Quote,/rfq/new?partNumber=CL24K6,PUBLISHED_READY,2026-09-18
PN-001502,CL91G6,cl91g6,Sandvik / EIMCO,Underground LHD,ED10,Cooling,冷却出口塞子O形圈 - 零件2部分,,冷却出口塞子O形圈 - 零件2部分,EXPLICIT,VERIFIED,HIGH,"ED10 parts manual page 155, item 3",伊泰LS190-ED10配件手册.pdf,CL91G6 — 冷却出口塞子O形圈 - 零件2部分,CL91G6 冷却出口塞子O形圈 - 零件2部分 | ED10 Spare Part,Verified part number CL91G6: 冷却出口塞子O形圈 - 零件2部分 for ED10. Check equipment compatibility and submit an RFQ to qualified mining spare parts suppliers on Kuang,/part-number/cl91g6,Request Quote,/rfq/new?partNumber=CL91G6,PUBLISHED_READY,2026-09-18
PN-001141,CL208805,cl208805,Sandvik / EIMCO,Underground LHD,ED10,Fastener,调整螺钉(为了【2】轮端）,,调整螺钉(为了【2】轮端）,EXPLICIT,VERIFIED,HIGH,"ED10 parts manual page 155, item 4",伊泰LS190-ED10配件手册.pdf,CL208805 — 调整螺钉(为了【2】轮端）,CL208805 调整螺钉(为了【2】轮端） | ED10 Spare Part,Verified part number CL208805: 调整螺钉(为了【2】轮端） for ED10. Check equipment compatibility and submit an RFQ to qualified mining spare parts suppliers on Kuangpe,/part-number/cl208805,Request Quote,/rfq/new?partNumber=CL208805,PUBLISHED_READY,2026-09-18
PN-001402,CL24K5,cl24k5,Sandvik / EIMCO,Underground LHD,ED10,Other,塞子 9/16 - 18 - 包括零件 6,,塞子 9/16 - 18 - 包括零件 6,EXPLICIT,VERIFIED,HIGH,"ED10 parts manual page 155, item 5",伊泰LS190-ED10配件手册.pdf,CL24K5 — 塞子 9/16 - 18 - 包括零件 6,CL24K5 塞子 9/16 - 18 - 包括零件 6 | ED10 Spare Part,Verified part number CL24K5: 塞子 9/16 - 18 - 包括零件 6 for ED10. Check equipment compatibility and submit an RFQ to qualified mining spare parts suppliers on K,/part-number/cl24k5,Request Quote,/rfq/new?partNumber=CL24K5,PUBLISHED_READY,2026-09-18
PN-001500,CL91F5,cl91f5,Sandvik / EIMCO,Underground LHD,ED10,Other,O形圈 -零件 5部分,,O形圈 -零件 5部分,EXPLICIT,VERIFIED,HIGH,"ED10 parts manual page 155, item 6",伊泰LS190-ED10配件手册.pdf,CL91F5 — O形圈 -零件 5部分,CL91F5 O形圈 -零件 5部分 | ED10 Spare Part,Verified part number CL91F5: O形圈 -零件 5部分 for ED10. Check equipment compatibility and submit an RFQ to qualified mining spare parts suppliers on KuangpeiYun,/part-number/cl91f5,Request Quote,/rfq/new?partNumber=CL91F5,PUBLISHED_READY,2026-09-18
PN-001401,CL24K4,cl24k4,Sandvik / EIMCO,Underground LHD,ED10,Other,激励液体塞子,,激励液体塞子,EXPLICIT,VERIFIED,HIGH,"ED10 parts manual page 155, item 7",伊泰LS190-ED10配件手册.pdf,CL24K4 — 激励液体塞子,CL24K4 激励液体塞子 | ED10 Spare Part,Verified part number CL24K4: 激励液体塞子 for ED10. Check equipment compatibility and submit an RFQ to qualified mining spare parts suppliers on KuangpeiYun.,/part-number/cl24k4,Request Quote,/rfq/new?partNumber=CL24K4,PUBLISHED_READY,2026-09-18
PN-001499,CL91F4,cl91f4,Sandvik / EIMCO,Underground LHD,ED10,Other,激励塞子O形圈－零件7部分,,激励塞子O形圈－零件7部分,EXPLICIT,VERIFIED,HIGH,"ED10 parts manual page 155, item 8",伊泰LS190-ED10配件手册.pdf,CL91F4 — 激励塞子O形圈－零件7部分,CL91F4 激励塞子O形圈－零件7部分 | ED10 Spare Part,Verified part number CL91F4: 激励塞子O形圈－零件7部分 for ED10. Check equipment compatibility and submit an RFQ to qualified mining spare parts suppliers on KuangpeiY,/part-number/cl91f4,Request Quote,/rfq/new?partNumber=CL91F4,PUBLISHED_READY,2026-09-18
PN-001115,CL16F01,cl16f01,Sandvik / EIMCO,Underground LHD,ED10,Other,塞子,,塞子,EXPLICIT,VERIFIED,HIGH,"ED10 parts manual page 155, item 9",伊泰LS190-ED10配件手册.pdf,CL16F01 — 塞子,CL16F01 塞子 | ED10 Spare Part,Verified part number CL16F01: 塞子 for ED10. Check equipment compatibility and submit an RFQ to qualified mining spare parts suppliers on KuangpeiYun.,/part-number/cl16f01,Request Quote,/rfq/new?partNumber=CL16F01,PUBLISHED_READY,2026-09-18
PN-001180,CL2112665,cl2112665,Sandvik / EIMCO,Underground LHD,ED10,Steering/Brake,制动器箱,,制动器箱,EXPLICIT,VERIFIED,HIGH,"ED10 parts manual page 155, item 10",伊泰LS190-ED10配件手册.pdf,CL2112665 — 制动器箱,CL2112665 制动器箱 | ED10 Spare Part,Verified part number CL2112665: 制动器箱 for ED10. Check equipment compatibility and submit an RFQ to qualified mining spare parts suppliers on KuangpeiYun.,/part-number/cl2112665,Request Quote,/rfq/new?partNumber=CL2112665,PUBLISHED_READY,2026-09-18
PN-001435,CL25K30020,cl25k30020,Sandvik / EIMCO,Underground LHD,ED10,Other,进口O形圈,,进口O形圈 | 出口O形圈,EXPLICIT,VERIFIED,HIGH,"ED10 parts manual page 155, item 11; ED10 parts manual page 155, item 12",伊泰LS190-ED10配件手册.pdf,CL25K30020 — 进口O形圈,CL25K30020 进口O形圈 | ED10 Spare Part,Verified part number CL25K30020: 进口O形圈 for ED10. Check equipment compatibility and submit an RFQ to qualified mining spare parts suppliers on KuangpeiYun.,/part-number/cl25k30020,Request Quote,/rfq/new?partNumber=CL25K30020,PUBLISHED_READY,2026-09-18
PN-001157,CL2110857,cl2110857,Sandvik / EIMCO,Underground LHD,ED10,Steering/Brake,刹车制动弹簧,,刹车制动弹簧,EXPLICIT,VERIFIED,HIGH,"ED10 parts manual page 155, item 13",伊泰LS190-ED10配件手册.pdf,CL2110857 — 刹车制动弹簧,CL2110857 刹车制动弹簧 | ED10 Spare Part,Verified part number CL2110857: 刹车制动弹簧 for ED10. Check equipment compatibility and submit an RFQ to qualified mining spare parts suppliers on KuangpeiYun.,/part-number/cl2110857,Request Quote,/rfq/new?partNumber=CL2110857,PUBLISHED_READY,2026-09-18
PN-001161,CL2110865,cl2110865,Sandvik / EIMCO,Underground LHD,ED10,Seal/Gasket,外盖O形圈密封,,外盖O形圈密封,EXPLICIT,VERIFIED,HIGH,"ED10 parts manual page 155, item 14",伊泰LS190-ED10配件手册.pdf,CL2110865 — 外盖O形圈密封,CL2110865 外盖O形圈密封 | ED10 Spare Part,Verified part number CL2110865: 外盖O形圈密封 for ED10. Check equipment compatibility and submit an RFQ to qualified mining spare parts suppliers on KuangpeiYun.,/part-number/cl2110865,Request Quote,/rfq/new?partNumber=CL2110865,PUBLISHED_READY,2026-09-18
PN-001158,CL2110858,cl2110858,Sandvik / EIMCO,Underground LHD,ED10,Other,活塞压缩环,,活塞压缩环,EXPLICIT,VERIFIED,HIGH,"ED10 parts manual page 155, item 15",伊泰LS190-ED10配件手册.pdf,CL2110858 — 活塞压缩环,CL2110858 活塞压缩环 | ED10 Spare Part,Verified part number CL2110858: 活塞压缩环 for ED10. Check equipment compatibility and submit an RFQ to qualified mining spare parts suppliers on KuangpeiYun.,/part-number/cl2110858,Request Quote,/rfq/new?partNumber=CL2110858,PUBLISHED_READY,2026-09-18
PN-001163,CL2111165,cl2111165,Sandvik / EIMCO,Underground LHD,ED10,Seal/Gasket,外部活塞密封安装,,外部活塞密封安装,EXPLICIT,VERIFIED,HIGH,"ED10 parts manual page 155, item 16",伊泰LS190-ED10配件手册.pdf,CL2111165 — 外部活塞密封安装,CL2111165 外部活塞密封安装 | ED10 Spare Part,Verified part number CL2111165: 外部活塞密封安装 for ED10. Check equipment compatibility and submit an RFQ to qualified mining spare parts suppliers on KuangpeiYun,/part-number/cl2111165,Request Quote,/rfq/new?partNumber=CL2111165,PUBLISHED_READY,2026-09-18
PN-001175,CL2111672,cl2111672,Sandvik / EIMCO,Underground LHD,ED10,Fastener,外盖连接螺钉,,外盖连接螺钉,EXPLICIT,VERIFIED,HIGH,"ED10 parts manual page 155, item 17",伊泰LS190-ED10配件手册.pdf,CL2111672 — 外盖连接螺钉,CL2111672 外盖连接螺钉 | ED10 Spare Part,Verified part number CL2111672: 外盖连接螺钉 for ED10. Check equipment compatibility and submit an RFQ to qualified mining spare parts suppliers on KuangpeiYun.,/part-number/cl2111672,Request Quote,/rfq/new?partNumber=CL2111672,PUBLISHED_READY,2026-09-18
PN-001089,CL104412,cl104412,Sandvik / EIMCO,Underground LHD,ED10,Fastener,外盖连接垫圈,,外盖连接垫圈,EXPLICIT,VERIFIED,HIGH,"ED10 parts manual page 155, item 18",伊泰LS190-ED10配件手册.pdf,CL104412 — 外盖连接垫圈,CL104412 外盖连接垫圈 | ED10 Spare Part,Verified part number CL104412: 外盖连接垫圈 for ED10. Check equipment compatibility and submit an RFQ to qualified mining spare parts suppliers on KuangpeiYun.,/part-number/cl104412,Request Quote,/rfq/new?partNumber=CL104412,PUBLISHED_READY,2026-09-18
PN-001174,CL2111632,cl2111632,Sandvik / EIMCO,Underground LHD,ED10,Other,刹车外盖,,刹车外盖,EXPLICIT,VERIFIED,HIGH,"ED10 parts manual page 155, item 19",伊泰LS190-ED10配件手册.pdf,CL2111632 — 刹车外盖,CL2111632 刹车外盖 | ED10 Spare Part,Verified part number CL2111632: 刹车外盖 for ED10. Check equipment compatibility and submit an RFQ to qualified mining spare parts suppliers on KuangpeiYun.,/part-number/cl2111632,Request Quote,/rfq/new?partNumber=CL2111632,PUBLISHED_READY,2026-09-18
PN-001156,CL2110852,cl2110852,Sandvik / EIMCO,Underground LHD,ED10,Seal/Gasket,摩擦盘及衬垫安装,,摩擦盘及衬垫安装,EXPLICIT,VERIFIED,HIGH,"ED10 parts manual page 155, item 20",伊泰LS190-ED10配件手册.pdf,CL2110852 — 摩擦盘及衬垫安装,CL2110852 摩擦盘及衬垫安装 | ED10 Spare Part,Verified part number CL2110852: 摩擦盘及衬垫安装 for ED10. Check equipment compatibility and submit an RFQ to qualified mining spare parts suppliers on KuangpeiYun,/part-number/cl2110852,Request Quote,/rfq/new?partNumber=CL2110852,PUBLISHED_READY,2026-09-18
PN-001160,CL2110864,cl2110864,Sandvik / EIMCO,Underground LHD,ED10,Other,反应板,,反应板,EXPLICIT,VERIFIED,HIGH,"ED10 parts manual page 155, item 21",伊泰LS190-ED10配件手册.pdf,CL2110864 — 反应板,CL2110864 反应板 | ED10 Spare Part,Verified part number CL2110864: 反应板 for ED10. Check equipment compatibility and submit an RFQ to qualified mining spare parts suppliers on KuangpeiYun.,/part-number/cl2110864,Request Quote,/rfq/new?partNumber=CL2110864,PUBLISHED_READY,2026-09-18
PN-001164,CL2111166,cl2111166,Sandvik / EIMCO,Underground LHD,ED10,Seal/Gasket,内活塞密封安装,,内活塞密封安装,EXPLICIT,VERIFIED,HIGH,"ED10 parts manual page 155, item 22",伊泰LS190-ED10配件手册.pdf,CL2111166 — 内活塞密封安装,CL2111166 内活塞密封安装 | ED10 Spare Part,Verified part number CL2111166: 内活塞密封安装 for ED10. Check equipment compatibility and submit an RFQ to qualified mining spare parts suppliers on KuangpeiYun.,/part-number/cl2111166,Request Quote,/rfq/new?partNumber=CL2111166,PUBLISHED_READY,2026-09-18
PN-001159,CL2110861,cl2110861,Sandvik / EIMCO,Underground LHD,ED10,Other,刹车活塞,,刹车活塞,EXPLICIT,VERIFIED,HIGH,"ED10 parts manual page 155, item 23",伊泰LS190-ED10配件手册.pdf,CL2110861 — 刹车活塞,CL2110861 刹车活塞 | ED10 Spare Part,Verified part number CL2110861: 刹车活塞 for ED10. Check equipment compatibility and submit an RFQ to qualified mining spare parts suppliers on KuangpeiYun.,/part-number/cl2110861,Request Quote,/rfq/new?partNumber=CL2110861,PUBLISHED_READY,2026-09-18
PN-001198,CL2114372,cl2114372,Sandvik / EIMCO,Underground LHD,ED10,Structure,磨损指示器销钉,,磨损指示器销钉,EXPLICIT,VERIFIED,HIGH,"ED10 parts manual page 155, item 24",伊泰LS190-ED10配件手册.pdf,CL2114372 — 磨损指示器销钉,CL2114372 磨损指示器销钉 | ED10 Spare Part,Verified part number CL2114372: 磨损指示器销钉 for ED10. Check equipment compatibility and submit an RFQ to qualified mining spare parts suppliers on KuangpeiYun.,/part-number/cl2114372,Request Quote,/rfq/new?partNumber=CL2114372,PUBLISHED_READY,2026-09-18
PN-001483,CL76K10,cl76k10,Sandvik / EIMCO,Underground LHD,ED10,Structure,指示器销钉O形圈,,指示器销钉O形圈,EXPLICIT,VERIFIED,HIGH,"ED10 parts manual page 155, item 25",伊泰LS190-ED10配件手册.pdf,CL76K10 — 指示器销钉O形圈,CL76K10 指示器销钉O形圈 | ED10 Spare Part,Verified part number CL76K10: 指示器销钉O形圈 for ED10. Check equipment compatibility and submit an RFQ to qualified mining spare parts suppliers on KuangpeiYun.,/part-number/cl76k10,Request Quote,/rfq/new?partNumber=CL76K10,PUBLISHED_READY,2026-09-18
PN-001501,CL91F6,cl91f6,Sandvik / EIMCO,Underground LHD,ED10,Other,指示器导向器O形圈,,指示器导向器O形圈,EXPLICIT,VERIFIED,HIGH,"ED10 parts manual page 155, item 26",伊泰LS190-ED10配件手册.pdf,CL91F6 — 指示器导向器O形圈,CL91F6 指示器导向器O形圈 | ED10 Spare Part,Verified part number CL91F6: 指示器导向器O形圈 for ED10. Check equipment compatibility and submit an RFQ to qualified mining spare parts suppliers on KuangpeiYun.,/part-number/cl91f6,Request Quote,/rfq/new?partNumber=CL91F6,PUBLISHED_READY,2026-09-18
PN-001162,CL2111039,cl2111039,Sandvik / EIMCO,Underground LHD,ED10,Structure,导向器及磨损销钉指示器安装,,导向器及磨损销钉指示器安装,EXPLICIT,VERIFIED,HIGH,"ED10 parts manual page 155, item 27",伊泰LS190-ED10配件手册.pdf,CL2111039 — 导向器及磨损销钉指示器安装,CL2111039 导向器及磨损销钉指示器安装 | ED10 Spare Part,Verified part number CL2111039: 导向器及磨损销钉指示器安装 for ED10. Check equipment compatibility and submit an RFQ to qualified mining spare parts suppliers on Kuangp,/part-number/cl2111039,Request Quote,/rfq/new?partNumber=CL2111039,PUBLISHED_READY,2026-09-18
PN-001166,CL2111168,cl2111168,Sandvik / EIMCO,Underground LHD,ED10,Other,警告贴签,,警告贴签,EXPLICIT,VERIFIED,HIGH,"ED10 parts manual page 155, item 28",伊泰LS190-ED10配件手册.pdf,CL2111168 — 警告贴签,CL2111168 警告贴签 | ED10 Spare Part,Verified part number CL2111168: 警告贴签 for ED10. Check equipment compatibility and submit an RFQ to qualified mining spare parts suppliers on KuangpeiYun.,/part-number/cl2111168,Request Quote,/rfq/new?partNumber=CL2111168,PUBLISHED_READY,2026-09-18
PN-001165,CL2111167,cl2111167,Sandvik / EIMCO,Underground LHD,ED10,Other,贴签罩,,贴签罩,EXPLICIT,VERIFIED,HIGH,"ED10 parts manual page 155, item 29",伊泰LS190-ED10配件手册.pdf,CL2111167 — 贴签罩,CL2111167 贴签罩 | ED10 Spare Part,Verified part number CL2111167: 贴签罩 for ED10. Check equipment compatibility and submit an RFQ to qualified mining spare parts suppliers on KuangpeiYun.,/part-number/cl2111167,Request Quote,/rfq/new?partNumber=CL2111167,PUBLISHED_READY,2026-09-18
PN-001120,CL17C512H,cl17c512h,Sandvik / EIMCO,Underground LHD,ED10,Fastener,贴签螺钉,,贴签螺钉,EXPLICIT,VERIFIED,HIGH,"ED10 parts manual page 155, item 30",伊泰LS190-ED10配件手册.pdf,CL17C512H — 贴签螺钉,CL17C512H 贴签螺钉 | ED10 Spare Part,Verified part number CL17C512H: 贴签螺钉 for ED10. Check equipment compatibility and submit an RFQ to qualified mining spare parts suppliers on KuangpeiYun.,/part-number/cl17c512h,Request Quote,/rfq/new?partNumber=CL17C512H,PUBLISHED_READY,2026-09-18
PN-001491,CL816185,cl816185,Sandvik / EIMCO,Underground LHD,ED10,Seal/Gasket,"密封环包 - 包括零件3, 6, 7, 11, 12, 14, 16, 22, 25 和 26",,"密封环包 - 包括零件3, 6, 7, 11, 12, 14, 16, 22, 25 和 26",EXPLICIT,VERIFIED,HIGH,"ED10 parts manual page 155, item 31",伊泰LS190-ED10配件手册.pdf,"CL816185 — 密封环包 - 包括零件3, 6, 7, 11, 12, 14, 16, 22, 25 和 26","CL816185 密封环包 - 包括零件3, 6, 7, 11, 12, 14, 16, 22, 25 和 26 | E","Verified part number CL816185: 密封环包 - 包括零件3, 6, 7, 11, 12, 14, 16, 22, 25 和 26 for ED10. Check equipment compatibility and submit an RFQ to qualified minin",/part-number/cl816185,Request Quote,/rfq/new?partNumber=CL816185,PUBLISHED_READY,2026-09-18
PN-001116,CL16F2,cl16f2,Sandvik / EIMCO,Underground LHD,ED10,Other,塞子（未显示）,,塞子（未显示）,EXPLICIT,VERIFIED,HIGH,"ED10 parts manual page 155, item 32",伊泰LS190-ED10配件手册.pdf,CL16F2 — 塞子（未显示）,CL16F2 塞子（未显示） | ED10 Spare Part,Verified part number CL16F2: 塞子（未显示） for ED10. Check equipment compatibility and submit an RFQ to qualified mining spare parts suppliers on KuangpeiYun.,/part-number/cl16f2,Request Quote,/rfq/new?partNumber=CL16F2,PUBLISHED_READY,2026-09-18
PN-001203,CL2114639,cl2114639,Sandvik / EIMCO,Underground LHD,ED10,Other,离合器外盘,,离合器外盘,EXPLICIT,VERIFIED,HIGH,"ED10 parts manual page 157, item 2",伊泰LS190-ED10配件手册.pdf,CL2114639 — 离合器外盘,CL2114639 离合器外盘 | ED10 Spare Part,Verified part number CL2114639: 离合器外盘 for ED10. Check equipment compatibility and submit an RFQ to qualified mining spare parts suppliers on KuangpeiYun.,/part-number/cl2114639,Request Quote,/rfq/new?partNumber=CL2114639,PUBLISHED_READY,2026-09-18
PN-001200,CL2114524,cl2114524,Sandvik / EIMCO,Underground LHD,ED10,Other,离合器内盘,,离合器内盘,EXPLICIT,VERIFIED,HIGH,"ED10 parts manual page 157, item 3",伊泰LS190-ED10配件手册.pdf,CL2114524 — 离合器内盘,CL2114524 离合器内盘 | ED10 Spare Part,Verified part number CL2114524: 离合器内盘 for ED10. Check equipment compatibility and submit an RFQ to qualified mining spare parts suppliers on KuangpeiYun.,/part-number/cl2114524,Request Quote,/rfq/new?partNumber=CL2114524,PUBLISHED_READY,2026-09-18
PN-001492,CL816274,cl816274,Sandvik / EIMCO,Underground LHD,ED10,Other,小齿轮和半轴齿轮包 - 包括零件 8,,小齿轮和半轴齿轮包 - 包括零件 8,EXPLICIT,VERIFIED,HIGH,"ED10 parts manual page 157, item 4",伊泰LS190-ED10配件手册.pdf,CL816274 — 小齿轮和半轴齿轮包 - 包括零件 8,CL816274 小齿轮和半轴齿轮包 - 包括零件 8 | ED10 Spare Part,Verified part number CL816274: 小齿轮和半轴齿轮包 - 包括零件 8 for ED10. Check equipment compatibility and submit an RFQ to qualified mining spare parts suppliers on Ku,/part-number/cl816274,Request Quote,/rfq/new?partNumber=CL816274,PUBLISHED_READY,2026-09-18
PN-001199,CL2114523,cl2114523,Sandvik / EIMCO,Underground LHD,ED10,Fastener,小齿轮推力垫圈,,小齿轮推力垫圈,EXPLICIT,VERIFIED,HIGH,"ED10 parts manual page 157, item 7",伊泰LS190-ED10配件手册.pdf,CL2114523 — 小齿轮推力垫圈,CL2114523 小齿轮推力垫圈 | ED10 Spare Part,Verified part number CL2114523: 小齿轮推力垫圈 for ED10. Check equipment compatibility and submit an RFQ to qualified mining spare parts suppliers on KuangpeiYun.,/part-number/cl2114523,Request Quote,/rfq/new?partNumber=CL2114523,PUBLISHED_READY,2026-09-18
PN-001845,N.S.S.,n-s-s,Sandvik / EIMCO,Underground LHD,ED10,Other,小齿轮－零件4部分,,小齿轮－零件4部分 | 环齿轮－参加零件51 | 法兰半箱－参加零件53 | 小齿轮－参加零件51,EXPLICIT,VERIFIED,HIGH,"ED10 parts manual page 157, item 8; ED10 parts manual page 157, item 14; ED10 parts manual page 157, item 15; ED10 parts manual page 157, item 21",伊泰LS190-ED10配件手册.pdf,N.S.S. — 小齿轮－零件4部分,N.S.S. 小齿轮－零件4部分 | ED10 Spare Part,Verified part number N.S.S.: 小齿轮－零件4部分 for ED10. Check equipment compatibility and submit an RFQ to qualified mining spare parts suppliers on KuangpeiYun.,/part-number/n-s-s,Request Quote,/rfq/new?partNumber=N.S.S.,PUBLISHED_READY,2026-09-18
PN-001110,CL127815,cl127815,Sandvik / EIMCO,Underground LHD,ED10,Other,针形滚子,,针形滚子,EXPLICIT,VERIFIED,HIGH,"ED10 parts manual page 157, item 9",伊泰LS190-ED10配件手册.pdf,CL127815 — 针形滚子,CL127815 针形滚子 | ED10 Spare Part,Verified part number CL127815: 针形滚子 for ED10. Check equipment compatibility and submit an RFQ to qualified mining spare parts suppliers on KuangpeiYun.,/part-number/cl127815,Request Quote,/rfq/new?partNumber=CL127815,PUBLISHED_READY,2026-09-18
PN-001108,CL125088,cl125088,Sandvik / EIMCO,Underground LHD,ED10,Fastener,针形滚子内推力垫圈,,针形滚子内推力垫圈,EXPLICIT,VERIFIED,HIGH,"ED10 parts manual page 157, item 10",伊泰LS190-ED10配件手册.pdf,CL125088 — 针形滚子内推力垫圈,CL125088 针形滚子内推力垫圈 | ED10 Spare Part,Verified part number CL125088: 针形滚子内推力垫圈 for ED10. Check equipment compatibility and submit an RFQ to qualified mining spare parts suppliers on KuangpeiYun,/part-number/cl125088,Request Quote,/rfq/new?partNumber=CL125088,PUBLISHED_READY,2026-09-18
PN-001206,CL2115264,cl2115264,Sandvik / EIMCO,Underground LHD,ED10,Fastener,中央针形推力垫圈,,中央针形推力垫圈 | 外部针形推力垫圈,EXPLICIT,VERIFIED,HIGH,"ED10 parts manual page 157, item 11; ED10 parts manual page 157, item 12",伊泰LS190-ED10配件手册.pdf,CL2115264 — 中央针形推力垫圈,CL2115264 中央针形推力垫圈 | ED10 Spare Part,Verified part number CL2115264: 中央针形推力垫圈 for ED10. Check equipment compatibility and submit an RFQ to qualified mining spare parts suppliers on KuangpeiYun,/part-number/cl2115264,Request Quote,/rfq/new?partNumber=CL2115264,PUBLISHED_READY,2026-09-18
PN-001168,CL2111308,cl2111308,Sandvik / EIMCO,Underground LHD,ED10,Other,十字轴,,十字轴,EXPLICIT,VERIFIED,HIGH,"ED10 parts manual page 157, item 13",伊泰LS190-ED10配件手册.pdf,CL2111308 — 十字轴,CL2111308 十字轴 | ED10 Spare Part,Verified part number CL2111308: 十字轴 for ED10. Check equipment compatibility and submit an RFQ to qualified mining spare parts suppliers on KuangpeiYun.,/part-number/cl2111308,Request Quote,/rfq/new?partNumber=CL2111308,PUBLISHED_READY,2026-09-18
PN-001119,CL17C-988H,cl17c-988h,Sandvik / EIMCO,Underground LHD,ED10,Fastener,箱体螺栓,,箱体螺栓,EXPLICIT,VERIFIED,HIGH,"ED10 parts manual page 157, item 17",伊泰LS190-ED10配件手册.pdf,CL17C-988H — 箱体螺栓,CL17C-988H 箱体螺栓 | ED10 Spare Part,Verified part number CL17C-988H: 箱体螺栓 for ED10. Check equipment compatibility and submit an RFQ to qualified mining spare parts suppliers on KuangpeiYun.,/part-number/cl17c-988h,Request Quote,/rfq/new?partNumber=CL17C-988H,PUBLISHED_READY,2026-09-18
PN-001495,CL86D-09H,cl86d-09h,Sandvik / EIMCO,Underground LHD,ED10,Fastener,环齿轮螺钉螺母,,环齿轮螺钉螺母,EXPLICIT,VERIFIED,HIGH,"ED10 parts manual page 157, item 18",伊泰LS190-ED10配件手册.pdf,CL86D-09H — 环齿轮螺钉螺母,CL86D-09H 环齿轮螺钉螺母 | ED10 Spare Part,Verified part number CL86D-09H: 环齿轮螺钉螺母 for ED10. Check equipment compatibility and submit an RFQ to qualified mining spare parts suppliers on KuangpeiYun.,/part-number/cl86d-09h,Request Quote,/rfq/new?partNumber=CL86D-09H,PUBLISHED_READY,2026-09-18
PN-001087,CL101196,cl101196,Sandvik / EIMCO,Underground LHD,ED10,Fastener,环齿轮螺钉,,环齿轮螺钉,EXPLICIT,VERIFIED,HIGH,"ED10 parts manual page 157, item 19",伊泰LS190-ED10配件手册.pdf,CL101196 — 环齿轮螺钉,CL101196 环齿轮螺钉 | ED10 Spare Part,Verified part number CL101196: 环齿轮螺钉 for ED10. Check equipment compatibility and submit an RFQ to qualified mining spare parts suppliers on KuangpeiYun.,/part-number/cl101196,Request Quote,/rfq/new?partNumber=CL101196,PUBLISHED_READY,2026-09-18
PN-001193,CL2114283,cl2114283,Sandvik / EIMCO,Underground LHD,ED10,Other,小齿轮内轴承,,小齿轮内轴承,EXPLICIT,VERIFIED,HIGH,"ED10 parts manual page 157, item 20",伊泰LS190-ED10配件手册.pdf,CL2114283 — 小齿轮内轴承,CL2114283 小齿轮内轴承 | ED10 Spare Part,Verified part number CL2114283: 小齿轮内轴承 for ED10. Check equipment compatibility and submit an RFQ to qualified mining spare parts suppliers on KuangpeiYun.,/part-number/cl2114283,Request Quote,/rfq/new?partNumber=CL2114283,PUBLISHED_READY,2026-09-18
PN-001106,CL123832,cl123832,Sandvik / EIMCO,Underground LHD,ED10,Transmission/Driveline,差速器壳螺钉,,差速器壳螺钉,EXPLICIT,VERIFIED,HIGH,"ED10 parts manual page 157, item 22",伊泰LS190-ED10配件手册.pdf,CL123832 — 差速器壳螺钉,CL123832 差速器壳螺钉 | ED10 Spare Part,Verified part number CL123832: 差速器壳螺钉 for ED10. Check equipment compatibility and submit an RFQ to qualified mining spare parts suppliers on KuangpeiYun.,/part-number/cl123832,Request Quote,/rfq/new?partNumber=CL123832,PUBLISHED_READY,2026-09-18
PN-001099,CL111658,cl111658,Sandvik / EIMCO,Underground LHD,ED10,Transmission/Driveline,差速器壳防松垫圈,,差速器壳防松垫圈,EXPLICIT,VERIFIED,HIGH,"ED10 parts manual page 157, item 23",伊泰LS190-ED10配件手册.pdf,CL111658 — 差速器壳防松垫圈,CL111658 差速器壳防松垫圈 | ED10 Spare Part,Verified part number CL111658: 差速器壳防松垫圈 for ED10. Check equipment compatibility and submit an RFQ to qualified mining spare parts suppliers on KuangpeiYun.,/part-number/cl111658,Request Quote,/rfq/new?partNumber=CL111658,PUBLISHED_READY,2026-09-18
PN-001109,CL126468,cl126468,Sandvik / EIMCO,Underground LHD,ED10,Fastener,防松调整螺母,,防松调整螺母,EXPLICIT,VERIFIED,HIGH,"ED10 parts manual page 157, item 24",伊泰LS190-ED10配件手册.pdf,CL126468 — 防松调整螺母,CL126468 防松调整螺母 | ED10 Spare Part,Verified part number CL126468: 防松调整螺母 for ED10. Check equipment compatibility and submit an RFQ to qualified mining spare parts suppliers on KuangpeiYun.,/part-number/cl126468,Request Quote,/rfq/new?partNumber=CL126468,PUBLISHED_READY,2026-09-18
PN-001126,CL1C-614H,cl1c-614h,Sandvik / EIMCO,Underground LHD,ED10,Fastener,防松调整螺母螺栓,,防松调整螺母螺栓,EXPLICIT,VERIFIED,HIGH,"ED10 parts manual page 157, item 26",伊泰LS190-ED10配件手册.pdf,CL1C-614H — 防松调整螺母螺栓,CL1C-614H 防松调整螺母螺栓 | ED10 Spare Part,Verified part number CL1C-614H: 防松调整螺母螺栓 for ED10. Check equipment compatibility and submit an RFQ to qualified mining spare parts suppliers on KuangpeiYun,/part-number/cl1c-614h,Request Quote,/rfq/new?partNumber=CL1C-614H,PUBLISHED_READY,2026-09-18
PN-001107,CL124696,cl124696,Sandvik / EIMCO,Underground LHD,ED10,Transmission/Driveline,差速器调整螺母,,差速器调整螺母,EXPLICIT,VERIFIED,HIGH,"ED10 parts manual page 157, item 27",伊泰LS190-ED10配件手册.pdf,CL124696 — 差速器调整螺母,CL124696 差速器调整螺母 | ED10 Spare Part,Verified part number CL124696: 差速器调整螺母 for ED10. Check equipment compatibility and submit an RFQ to qualified mining spare parts suppliers on KuangpeiYun.,/part-number/cl124696,Request Quote,/rfq/new?partNumber=CL124696,PUBLISHED_READY,2026-09-18
PN-001183,CL2112958,cl2112958,Sandvik / EIMCO,Underground LHD,ED10,Transmission/Driveline,差速器轴承杯,,差速器轴承杯,EXPLICIT,VERIFIED,HIGH,"ED10 parts manual page 157, item 28",伊泰LS190-ED10配件手册.pdf,CL2112958 — 差速器轴承杯,CL2112958 差速器轴承杯 | ED10 Spare Part,Verified part number CL2112958: 差速器轴承杯 for ED10. Check equipment compatibility and submit an RFQ to qualified mining spare parts suppliers on KuangpeiYun.,/part-number/cl2112958,Request Quote,/rfq/new?partNumber=CL2112958,PUBLISHED_READY,2026-09-18
PN-001182,CL2112957,cl2112957,Sandvik / EIMCO,Underground LHD,ED10,Transmission/Driveline,差速器轴承锥,,差速器轴承锥,EXPLICIT,VERIFIED,HIGH,"ED10 parts manual page 157, item 29",伊泰LS190-ED10配件手册.pdf,CL2112957 — 差速器轴承锥,CL2112957 差速器轴承锥 | ED10 Spare Part,Verified part number CL2112957: 差速器轴承锥 for ED10. Check equipment compatibility and submit an RFQ to qualified mining spare parts suppliers on KuangpeiYun.,/part-number/cl2112957,Request Quote,/rfq/new?partNumber=CL2112957,PUBLISHED_READY,2026-09-18
PN-001192,CL2114263,cl2114263,Sandvik / EIMCO,Underground LHD,ED10,Transmission/Driveline,差速器壳及罩总成－参加零件22和23,,差速器壳及罩总成－参加零件22和23,EXPLICIT,VERIFIED,HIGH,"ED10 parts manual page 157, item 32",伊泰LS190-ED10配件手册.pdf,CL2114263 — 差速器壳及罩总成－参加零件22和23,CL2114263 差速器壳及罩总成－参加零件22和23 | ED10 Spare Part,Verified part number CL2114263: 差速器壳及罩总成－参加零件22和23 for ED10. Check equipment compatibility and submit an RFQ to qualified mining spare parts suppliers on K,/part-number/cl2114263,Request Quote,/rfq/new?partNumber=CL2114263,PUBLISHED_READY,2026-09-18
PN-001194,CL2114363,cl2114363,Sandvik / EIMCO,Underground LHD,ED10,Other,中央小齿轮轴承锥,,中央小齿轮轴承锥,EXPLICIT,VERIFIED,HIGH,"ED10 parts manual page 157, item 33",伊泰LS190-ED10配件手册.pdf,CL2114363 — 中央小齿轮轴承锥,CL2114363 中央小齿轮轴承锥 | ED10 Spare Part,Verified part number CL2114363: 中央小齿轮轴承锥 for ED10. Check equipment compatibility and submit an RFQ to qualified mining spare parts suppliers on KuangpeiYun,/part-number/cl2114363,Request Quote,/rfq/new?partNumber=CL2114363,PUBLISHED_READY,2026-09-18
PN-001195,CL2114364,cl2114364,Sandvik / EIMCO,Underground LHD,ED10,Other,中央小齿轮轴承杯,,中央小齿轮轴承杯,EXPLICIT,VERIFIED,HIGH,"ED10 parts manual page 157, item 34",伊泰LS190-ED10配件手册.pdf,CL2114364 — 中央小齿轮轴承杯,CL2114364 中央小齿轮轴承杯 | ED10 Spare Part,Verified part number CL2114364: 中央小齿轮轴承杯 for ED10. Check equipment compatibility and submit an RFQ to qualified mining spare parts suppliers on KuangpeiYun,/part-number/cl2114364,Request Quote,/rfq/new?partNumber=CL2114364,PUBLISHED_READY,2026-09-18
PN-001494,CL842189,cl842189,Sandvik / EIMCO,Underground LHD,ED10,Other,小齿轮轴承隔环包,,小齿轮轴承隔环包,EXPLICIT,VERIFIED,HIGH,"ED10 parts manual page 157, item 35",伊泰LS190-ED10配件手册.pdf,CL842189 — 小齿轮轴承隔环包,CL842189 小齿轮轴承隔环包 | ED10 Spare Part,Verified part number CL842189: 小齿轮轴承隔环包 for ED10. Check equipment compatibility and submit an RFQ to qualified mining spare parts suppliers on KuangpeiYun.,/part-number/cl842189,Request Quote,/rfq/new?partNumber=CL842189,PUBLISHED_READY,2026-09-18
PN-001091,CL107477,cl107477,Sandvik / EIMCO,Underground LHD,ED10,Structure,小齿轮轴承套及轴承杯安装－参加零件34和38,,小齿轮轴承套及轴承杯安装－参加零件34和38,EXPLICIT,VERIFIED,HIGH,"ED10 parts manual page 157, item 37",伊泰LS190-ED10配件手册.pdf,CL107477 — 小齿轮轴承套及轴承杯安装－参加零件34和38,CL107477 小齿轮轴承套及轴承杯安装－参加零件34和38 | ED10 Spare Part,Verified part number CL107477: 小齿轮轴承套及轴承杯安装－参加零件34和38 for ED10. Check equipment compatibility and submit an RFQ to qualified mining spare parts suppliers o,/part-number/cl107477,Request Quote,/rfq/new?partNumber=CL107477,PUBLISHED_READY,2026-09-18
PN-001197,CL2114367,cl2114367,Sandvik / EIMCO,Underground LHD,ED10,Other,小齿轮外轴承杯,,小齿轮外轴承杯,EXPLICIT,VERIFIED,HIGH,"ED10 parts manual page 157, item 38",伊泰LS190-ED10配件手册.pdf,CL2114367 — 小齿轮外轴承杯,CL2114367 小齿轮外轴承杯 | ED10 Spare Part,Verified part number CL2114367: 小齿轮外轴承杯 for ED10. Check equipment compatibility and submit an RFQ to qualified mining spare parts suppliers on KuangpeiYun.,/part-number/cl2114367,Request Quote,/rfq/new?partNumber=CL2114367,PUBLISHED_READY,2026-09-18
PN-001196,CL2114366,cl2114366,Sandvik / EIMCO,Underground LHD,ED10,Other,小齿轮外轴承锥,,小齿轮外轴承锥,EXPLICIT,VERIFIED,HIGH,"ED10 parts manual page 157, item 39",伊泰LS190-ED10配件手册.pdf,CL2114366 — 小齿轮外轴承锥,CL2114366 小齿轮外轴承锥 | ED10 Spare Part,Verified part number CL2114366: 小齿轮外轴承锥 for ED10. Check equipment compatibility and submit an RFQ to qualified mining spare parts suppliers on KuangpeiYun.,/part-number/cl2114366,Request Quote,/rfq/new?partNumber=CL2114366,PUBLISHED_READY,2026-09-18
PN-001122,CL17CM1260,cl17cm1260,Sandvik / EIMCO,Underground LHD,ED10,Fastener,座圈定位螺钉,,座圈定位螺钉,EXPLICIT,VERIFIED,HIGH,"ED10 parts manual page 157, item 40",伊泰LS190-ED10配件手册.pdf,CL17CM1260 — 座圈定位螺钉,CL17CM1260 座圈定位螺钉 | ED10 Spare Part,Verified part number CL17CM1260: 座圈定位螺钉 for ED10. Check equipment compatibility and submit an RFQ to qualified mining spare parts suppliers on KuangpeiYun.,/part-number/cl17cm1260,Request Quote,/rfq/new?partNumber=CL17CM1260,PUBLISHED_READY,2026-09-18
PN-001455,CL4E-08,cl4e-08,Sandvik / EIMCO,Underground LHD,ED10,Fastener,座圈定位垫圈,,座圈定位垫圈,EXPLICIT,VERIFIED,HIGH,"ED10 parts manual page 157, item 41",伊泰LS190-ED10配件手册.pdf,CL4E-08 — 座圈定位垫圈,CL4E-08 座圈定位垫圈 | ED10 Spare Part,Verified part number CL4E-08: 座圈定位垫圈 for ED10. Check equipment compatibility and submit an RFQ to qualified mining spare parts suppliers on KuangpeiYun.,/part-number/cl4e-08,Request Quote,/rfq/new?partNumber=CL4E-08,PUBLISHED_READY,2026-09-18
PN-001178,CL2112382,cl2112382,Sandvik / EIMCO,Underground LHD,ED10,Seal/Gasket,小齿轮密封垫圈,,小齿轮密封垫圈,EXPLICIT,VERIFIED,HIGH,"ED10 parts manual page 157, item 42",伊泰LS190-ED10配件手册.pdf,CL2112382 — 小齿轮密封垫圈,CL2112382 小齿轮密封垫圈 | ED10 Spare Part,Verified part number CL2112382: 小齿轮密封垫圈 for ED10. Check equipment compatibility and submit an RFQ to qualified mining spare parts suppliers on KuangpeiYun.,/part-number/cl2112382,Request Quote,/rfq/new?partNumber=CL2112382,PUBLISHED_READY,2026-09-18
PN-001112,CL128401,cl128401,Sandvik / EIMCO,Underground LHD,ED10,Other,小齿轮油封,,小齿轮油封,EXPLICIT,VERIFIED,HIGH,"ED10 parts manual page 157, item 43",伊泰LS190-ED10配件手册.pdf,CL128401 — 小齿轮油封,CL128401 小齿轮油封 | ED10 Spare Part,Verified part number CL128401: 小齿轮油封 for ED10. Check equipment compatibility and submit an RFQ to qualified mining spare parts suppliers on KuangpeiYun.,/part-number/cl128401,Request Quote,/rfq/new?partNumber=CL128401,PUBLISHED_READY,2026-09-18
PN-001187,CL2114198,cl2114198,Sandvik / EIMCO,Underground LHD,ED10,Seal/Gasket,小齿轮密封护油圈,,小齿轮密封护油圈,EXPLICIT,VERIFIED,HIGH,"ED10 parts manual page 158, item 44",伊泰LS190-ED10配件手册.pdf,CL2114198 — 小齿轮密封护油圈,CL2114198 小齿轮密封护油圈 | ED10 Spare Part,Verified part number CL2114198: 小齿轮密封护油圈 for ED10. Check equipment compatibility and submit an RFQ to qualified mining spare parts suppliers on KuangpeiYun,/part-number/cl2114198,Request Quote,/rfq/new?partNumber=CL2114198,PUBLISHED_READY,2026-09-18
PN-001457,CL4E-10,cl4e-10,Sandvik / EIMCO,Underground LHD,ED10,Other,油封座圈 L.W.,,油封座圈 L.W.,EXPLICIT,VERIFIED,HIGH,"ED10 parts manual page 158, item 45",伊泰LS190-ED10配件手册.pdf,CL4E-10 — 油封座圈 L.W.,CL4E-10 油封座圈 L.W. | ED10 Spare Part,Verified part number CL4E-10: 油封座圈 L.W. for ED10. Check equipment compatibility and submit an RFQ to qualified mining spare parts suppliers on KuangpeiYun.,/part-number/cl4e-10,Request Quote,/rfq/new?partNumber=CL4E-10,PUBLISHED_READY,2026-09-18
PN-001487,CL7CM1660,cl7cm1660,Sandvik / EIMCO,Underground LHD,ED10,Fastener,油封座圈螺钉,,油封座圈螺钉,EXPLICIT,VERIFIED,HIGH,"ED10 parts manual page 158, item 46",伊泰LS190-ED10配件手册.pdf,CL7CM1660 — 油封座圈螺钉,CL7CM1660 油封座圈螺钉 | ED10 Spare Part,Verified part number CL7CM1660: 油封座圈螺钉 for ED10. Check equipment compatibility and submit an RFQ to qualified mining spare parts suppliers on KuangpeiYun.,/part-number/cl7cm1660,Request Quote,/rfq/new?partNumber=CL7CM1660,PUBLISHED_READY,2026-09-18
PN-001144,CL2109547,cl2109547,Sandvik / EIMCO,Underground LHD,ED10,Seal/Gasket,V形环密封,,V形环密封,EXPLICIT,VERIFIED,HIGH,"ED10 parts manual page 158, item 47",伊泰LS190-ED10配件手册.pdf,CL2109547 — V形环密封,CL2109547 V形环密封 | ED10 Spare Part,Verified part number CL2109547: V形环密封 for ED10. Check equipment compatibility and submit an RFQ to qualified mining spare parts suppliers on KuangpeiYun.,/part-number/cl2109547,Request Quote,/rfq/new?partNumber=CL2109547,PUBLISHED_READY,2026-09-18
PN-001188,CL2114204,cl2114204,Sandvik / EIMCO,Underground LHD,ED10,Other,相同法兰,,相同法兰,EXPLICIT,VERIFIED,HIGH,"ED10 parts manual page 158, item 49",伊泰LS190-ED10配件手册.pdf,CL2114204 — 相同法兰,CL2114204 相同法兰 | ED10 Spare Part,Verified part number CL2114204: 相同法兰 for ED10. Check equipment compatibility and submit an RFQ to qualified mining spare parts suppliers on KuangpeiYun.,/part-number/cl2114204,Request Quote,/rfq/new?partNumber=CL2114204,PUBLISHED_READY,2026-09-18
PN-001172,CL2111515,cl2111515,Sandvik / EIMCO,Underground LHD,ED10,Fastener,小齿轮轴螺母,,小齿轮轴螺母,EXPLICIT,VERIFIED,HIGH,"ED10 parts manual page 158, item 50",伊泰LS190-ED10配件手册.pdf,CL2111515 — 小齿轮轴螺母,CL2111515 小齿轮轴螺母 | ED10 Spare Part,Verified part number CL2111515: 小齿轮轴螺母 for ED10. Check equipment compatibility and submit an RFQ to qualified mining spare parts suppliers on KuangpeiYun.,/part-number/cl2111515,Request Quote,/rfq/new?partNumber=CL2111515,PUBLISHED_READY,2026-09-18
PN-001184,CL2113884,cl2113884,Sandvik / EIMCO,Underground LHD,ED10,Other,隔板O形圈,,隔板O形圈,EXPLICIT,VERIFIED,HIGH,"ED10 parts manual page 158, item 50A",伊泰LS190-ED10配件手册.pdf,CL2113884 — 隔板O形圈,CL2113884 隔板O形圈 | ED10 Spare Part,Verified part number CL2113884: 隔板O形圈 for ED10. Check equipment compatibility and submit an RFQ to qualified mining spare parts suppliers on KuangpeiYun.,/part-number/cl2113884,Request Quote,/rfq/new?partNumber=CL2113884,PUBLISHED_READY,2026-09-18
PN-001436,CL25K60124,cl25k60124,Sandvik / EIMCO,Underground LHD,ED10,Other,O形圈,,O形圈,EXPLICIT,VERIFIED,HIGH,"ED10 parts manual page 158, item 50B",伊泰LS190-ED10配件手册.pdf,CL25K60124 — O形圈,CL25K60124 O形圈 | ED10 Spare Part,Verified part number CL25K60124: O形圈 for ED10. Check equipment compatibility and submit an RFQ to qualified mining spare parts suppliers on KuangpeiYun.,/part-number/cl25k60124,Request Quote,/rfq/new?partNumber=CL25K60124,PUBLISHED_READY,2026-09-18
PN-001167,CL2111250,cl2111250,Sandvik / EIMCO,Underground LHD,ED10,Other,环齿轮及小齿轮包 - 包括零件14和 21,,环齿轮及小齿轮包 - 包括零件14和 21,EXPLICIT,VERIFIED,HIGH,"ED10 parts manual page 158, item 51",伊泰LS190-ED10配件手册.pdf,CL2111250 — 环齿轮及小齿轮包 - 包括零件14和 21,CL2111250 环齿轮及小齿轮包 - 包括零件14和 21 | ED10 Spare Part,Verified part number CL2111250: 环齿轮及小齿轮包 - 包括零件14和 21 for ED10. Check equipment compatibility and submit an RFQ to qualified mining spare parts suppliers o,/part-number/cl2111250,Request Quote,/rfq/new?partNumber=CL2111250,PUBLISHED_READY,2026-09-18
PN-001204,CL2115190,cl2115190,Sandvik / EIMCO,Underground LHD,ED10,Transmission/Driveline,"差速器部件装配 - 包括零件1至13, 14, 15, 16, 17",,"差速器部件装配 - 包括零件1至13, 14, 15, 16, 17",EXPLICIT,VERIFIED,HIGH,"ED10 parts manual page 158, item 52",伊泰LS190-ED10配件手册.pdf,"CL2115190 — 差速器部件装配 - 包括零件1至13, 14, 15, 16, 17","CL2115190 差速器部件装配 - 包括零件1至13, 14, 15, 16, 17 | ED10 Spare Pa","Verified part number CL2115190: 差速器部件装配 - 包括零件1至13, 14, 15, 16, 17 for ED10. Check equipment compatibility and submit an RFQ to qualified mining spare part",/part-number/cl2115190,Request Quote,/rfq/new?partNumber=CL2115190,PUBLISHED_READY,2026-09-18
PN-001493,CL816287,cl816287,Sandvik / EIMCO,Underground LHD,ED10,Transmission/Driveline,"差速器箱安装 -包括零件1, 15, 16, 17",,"差速器箱安装 -包括零件1, 15, 16, 17",EXPLICIT,VERIFIED,HIGH,"ED10 parts manual page 158, item 53",伊泰LS190-ED10配件手册.pdf,"CL816287 — 差速器箱安装 -包括零件1, 15, 16, 17","CL816287 差速器箱安装 -包括零件1, 15, 16, 17 | ED10 Spare Part","Verified part number CL816287: 差速器箱安装 -包括零件1, 15, 16, 17 for ED10. Check equipment compatibility and submit an RFQ to qualified mining spare parts supplier",/part-number/cl816287,Request Quote,/rfq/new?partNumber=CL816287,PUBLISHED_READY,2026-09-18
PN-000068,016-92009,016-92009,Sandvik / EIMCO,Underground LHD,ED10,Hydraulic,阀安装,,阀安装,EXPLICIT,VERIFIED,HIGH,"ED10 parts manual page 160, item 1",伊泰LS190-ED10配件手册.pdf,016-92009 — 阀安装,016-92009 阀安装 | ED10 Spare Part,Verified part number 016-92009: 阀安装 for ED10. Check equipment compatibility and submit an RFQ to qualified mining spare parts suppliers on KuangpeiYun.,/part-number/016-92009,Request Quote,/rfq/new?partNumber=016-92009,PUBLISHED_READY,2026-09-18
PN-000069,016-93020,016-93020,Sandvik / EIMCO,Underground LHD,ED10,Hydraulic,延伸阀,,延伸阀,EXPLICIT,VERIFIED,HIGH,"ED10 parts manual page 160, item 2",伊泰LS190-ED10配件手册.pdf,016-93020 — 延伸阀,016-93020 延伸阀 | ED10 Spare Part,Verified part number 016-93020: 延伸阀 for ED10. Check equipment compatibility and submit an RFQ to qualified mining spare parts suppliers on KuangpeiYun.,/part-number/016-93020,Request Quote,/rfq/new?partNumber=016-93020,PUBLISHED_READY,2026-09-18
PN-000397,A2U130-371043,a2u130-371043,Sandvik / EIMCO,Underground LHD,ED10,Structure,轮缘安装,,轮缘安装,EXPLICIT,VERIFIED,HIGH,"ED10 parts manual page 160, item 3",伊泰LS190-ED10配件手册.pdf,A2U130-371043 — 轮缘安装,A2U130-371043 轮缘安装 | ED10 Spare Part,Verified part number A2U130-371043: 轮缘安装 for ED10. Check equipment compatibility and submit an RFQ to qualified mining spare parts suppliers on KuangpeiYun,/part-number/a2u130-371043,Request Quote,/rfq/new?partNumber=A2U130-371043,PUBLISHED_READY,2026-09-18
PN-000607,A2U220-371066,a2u220-371066,Sandvik / EIMCO,Underground LHD,ED10,Structure,车轮安装，5块,,车轮安装，5块,EXPLICIT,VERIFIED,HIGH,"ED10 parts manual page 163, item 1",伊泰LS190-ED10配件手册.pdf,A2U220-371066 — 车轮安装，5块,A2U220-371066 车轮安装，5块 | ED10 Spare Part,Verified part number A2U220-371066: 车轮安装，5块 for ED10. Check equipment compatibility and submit an RFQ to qualified mining spare parts suppliers on Kuangpei,/part-number/a2u220-371066,Request Quote,/rfq/new?partNumber=A2U220-371066,PUBLISHED_READY,2026-09-18
PN-000609,A2U220-372045,a2u220-372045,Sandvik / EIMCO,Underground LHD,ED10,Other,"轮胎, 阿尔法 53 x 1800 x 34/48",,"轮胎, 阿尔法 53 x 1800 x 34/48",EXPLICIT,VERIFIED,HIGH,"ED10 parts manual page 163, item 2",伊泰LS190-ED10配件手册.pdf,"A2U220-372045 — 轮胎, 阿尔法 53 x 1800 x 34/48","A2U220-372045 轮胎, 阿尔法 53 x 1800 x 34/48 | ED10 Spare Part","Verified part number A2U220-372045: 轮胎, 阿尔法 53 x 1800 x 34/48 for ED10. Check equipment compatibility and submit an RFQ to qualified mining spare parts sup",/part-number/a2u220-372045,Request Quote,/rfq/new?partNumber=A2U220-372045,PUBLISHED_READY,2026-09-18
PN-000334,65392009,65392009,Sandvik / EIMCO,Underground LHD,ED10,Hydraulic,阀安装,,阀安装,EXPLICIT,VERIFIED,HIGH,"ED10 parts manual page 163, item 4",伊泰LS190-ED10配件手册.pdf,65392009 — 阀安装,65392009 阀安装 | ED10 Spare Part,Verified part number 65392009: 阀安装 for ED10. Check equipment compatibility and submit an RFQ to qualified mining spare parts suppliers on KuangpeiYun.,/part-number/65392009,Request Quote,/rfq/new?partNumber=65392009,PUBLISHED_READY,2026-09-18
PN-000608,A2U220-371070,a2u220-371070,Sandvik / EIMCO,Underground LHD,ED10,Other,轮缘定位键,,轮缘定位键,EXPLICIT,VERIFIED,HIGH,"ED10 parts manual page 163, item 5",伊泰LS190-ED10配件手册.pdf,A2U220-371070 — 轮缘定位键,A2U220-371070 轮缘定位键 | ED10 Spare Part,Verified part number A2U220-371070: 轮缘定位键 for ED10. Check equipment compatibility and submit an RFQ to qualified mining spare parts suppliers on KuangpeiYu,/part-number/a2u220-371070,Request Quote,/rfq/new?partNumber=A2U220-371070,PUBLISHED_READY,2026-09-18
PN-001909,ZD34-16.00,zd34-16-00,Sandvik / EIMCO,Underground LHD,ED10,Other,进环,,进环,EXPLICIT,VERIFIED,HIGH,"ED10 parts manual page 165, item 3",伊泰LS190-ED10配件手册.pdf,ZD34-16.00 — 进环,ZD34-16.00 进环 | ED10 Spare Part,Verified part number ZD34-16.00: 进环 for ED10. Check equipment compatibility and submit an RFQ to qualified mining spare parts suppliers on KuangpeiYun.,/part-number/zd34-16-00,Request Quote,/rfq/new?partNumber=ZD34-16.00,PUBLISHED_READY,2026-09-18
PN-000440,A2U220-111131,a2u220-111131,Sandvik / EIMCO,Underground LHD,ED10,Other,后车架,,后车架,EXPLICIT,VERIFIED,HIGH,"ED10 parts manual page 169, item 1",伊泰LS190-ED10配件手册.pdf,A2U220-111131 — 后车架,A2U220-111131 后车架 | ED10 Spare Part,Verified part number A2U220-111131: 后车架 for ED10. Check equipment compatibility and submit an RFQ to qualified mining spare parts suppliers on KuangpeiYun.,/part-number/a2u220-111131,Request Quote,/rfq/new?partNumber=A2U220-111131,PUBLISHED_READY,2026-09-18
PN-000468,A2U220-193387,a2u220-193387,Sandvik / EIMCO,Underground LHD,ED10,Structure,凸缘销钉,,凸缘销钉,EXPLICIT,VERIFIED,HIGH,"ED10 parts manual page 169, item 2; ED10 parts manual page 171, item 2",伊泰LS190-ED10配件手册.pdf,A2U220-193387 — 凸缘销钉,A2U220-193387 凸缘销钉 | ED10 Spare Part,Verified part number A2U220-193387: 凸缘销钉 for ED10. Check equipment compatibility and submit an RFQ to qualified mining spare parts suppliers on KuangpeiYun,/part-number/a2u220-193387,Request Quote,/rfq/new?partNumber=A2U220-193387,PUBLISHED_READY,2026-09-18
PN-000480,A2U220-196134,a2u220-196134,Sandvik / EIMCO,Underground LHD,ED10,Seal/Gasket,螺母，垫片,,螺母，垫片,EXPLICIT,VERIFIED,HIGH,"ED10 parts manual page 169, item 4; ED10 parts manual page 171, item 4",伊泰LS190-ED10配件手册.pdf,A2U220-196134 — 螺母，垫片,A2U220-196134 螺母，垫片 | ED10 Spare Part,Verified part number A2U220-196134: 螺母，垫片 for ED10. Check equipment compatibility and submit an RFQ to qualified mining spare parts suppliers on KuangpeiYu,/part-number/a2u220-196134,Request Quote,/rfq/new?partNumber=A2U220-196134,PUBLISHED_READY,2026-09-18
PN-000479,A2U220-195085,a2u220-195085,Sandvik / EIMCO,Underground LHD,ED10,Fastener,推力垫圈,,推力垫圈,EXPLICIT,VERIFIED,HIGH,"ED10 parts manual page 169, item 5; ED10 parts manual page 171, item 5",伊泰LS190-ED10配件手册.pdf,A2U220-195085 — 推力垫圈,A2U220-195085 推力垫圈 | ED10 Spare Part,Verified part number A2U220-195085: 推力垫圈 for ED10. Check equipment compatibility and submit an RFQ to qualified mining spare parts suppliers on KuangpeiYun,/part-number/a2u220-195085,Request Quote,/rfq/new?partNumber=A2U220-195085,PUBLISHED_READY,2026-09-18
PN-000478,A2U220-195084,a2u220-195084,Sandvik / EIMCO,Underground LHD,ED10,Fastener,推力垫圈,,推力垫圈,EXPLICIT,VERIFIED,HIGH,"ED10 parts manual page 169, item 6; ED10 parts manual page 171, item 6",伊泰LS190-ED10配件手册.pdf,A2U220-195084 — 推力垫圈,A2U220-195084 推力垫圈 | ED10 Spare Part,Verified part number A2U220-195084: 推力垫圈 for ED10. Check equipment compatibility and submit an RFQ to qualified mining spare parts suppliers on KuangpeiYun,/part-number/a2u220-195084,Request Quote,/rfq/new?partNumber=A2U220-195084,PUBLISHED_READY,2026-09-18
PN-000477,A2U220-195083,a2u220-195083,Sandvik / EIMCO,Underground LHD,ED10,Fastener,推力垫圈,,推力垫圈,EXPLICIT,VERIFIED,HIGH,"ED10 parts manual page 169, item 7; ED10 parts manual page 171, item 7",伊泰LS190-ED10配件手册.pdf,A2U220-195083 — 推力垫圈,A2U220-195083 推力垫圈 | ED10 Spare Part,Verified part number A2U220-195083: 推力垫圈 for ED10. Check equipment compatibility and submit an RFQ to qualified mining spare parts suppliers on KuangpeiYun,/part-number/a2u220-195083,Request Quote,/rfq/new?partNumber=A2U220-195083,PUBLISHED_READY,2026-09-18
PN-000676,A2U220-810018,a2u220-810018,Sandvik / EIMCO,Underground LHD,ED10,Other,连接工具,,连接工具,EXPLICIT,VERIFIED,HIGH,"ED10 parts manual page 169, item 8; ED10 parts manual page 171, item 8",伊泰LS190-ED10配件手册.pdf,A2U220-810018 — 连接工具,A2U220-810018 连接工具 | ED10 Spare Part,Verified part number A2U220-810018: 连接工具 for ED10. Check equipment compatibility and submit an RFQ to qualified mining spare parts suppliers on KuangpeiYun,/part-number/a2u220-810018,Request Quote,/rfq/new?partNumber=A2U220-810018,PUBLISHED_READY,2026-09-18
PN-000173,445502844,445502844,Sandvik / EIMCO,Underground LHD,ED10,Fastener,螺钉,,螺钉,EXPLICIT,VERIFIED,HIGH,"ED10 parts manual page 169, item 10; ED10 parts manual page 171, item 10",伊泰LS190-ED10配件手册.pdf,445502844 — 螺钉,445502844 螺钉 | ED10 Spare Part,Verified part number 445502844: 螺钉 for ED10. Check equipment compatibility and submit an RFQ to qualified mining spare parts suppliers on KuangpeiYun.,/part-number/445502844,Request Quote,/rfq/new?partNumber=445502844,PUBLISHED_READY,2026-09-18
PN-000441,A2U220-111132,a2u220-111132,Sandvik / EIMCO,Underground LHD,ED10,Other,后车架,,后车架 | 后车架，最后焊接,EXPLICIT,VERIFIED,HIGH,"ED10 parts manual page 171, item 1; ED10 parts manual page 176, item 1",伊泰LS190-ED10配件手册.pdf,A2U220-111132 — 后车架,A2U220-111132 后车架 | ED10 Spare Part,Verified part number A2U220-111132: 后车架 for ED10. Check equipment compatibility and submit an RFQ to qualified mining spare parts suppliers on KuangpeiYun.,/part-number/a2u220-111132,Request Quote,/rfq/new?partNumber=A2U220-111132,PUBLISHED_READY,2026-09-18
PN-000446,A2U220-131047,a2u220-131047,Sandvik / EIMCO,Underground LHD,ED10,Other,前车架,,前车架,EXPLICIT,VERIFIED,HIGH,"ED10 parts manual page 173, item 1",伊泰LS190-ED10配件手册.pdf,A2U220-131047 — 前车架,A2U220-131047 前车架 | ED10 Spare Part,Verified part number A2U220-131047: 前车架 for ED10. Check equipment compatibility and submit an RFQ to qualified mining spare parts suppliers on KuangpeiYun.,/part-number/a2u220-131047,Request Quote,/rfq/new?partNumber=A2U220-131047,PUBLISHED_READY,2026-09-18
PN-001826,G903,g903,Sandvik / EIMCO,Underground LHD,ED10,Other,"Bearing, Spherical, 5"""" Bore (ARTICULATION)","Bearing, Spherical, 5"""" Bore (ARTICULATION)",轴承,EXPLICIT,VERIFIED,HIGH,"ED10 parts manual page 173, item 2; SANDVIK LS190-B2285 SPARE PARTS LIST_Mining India_24.03.2026.xlsx, Sheet1, row 221",SANDVIK LS190-B2285 SPARE PARTS LIST_Mining India_24.03.2026.xlsx | 伊泰LS190-ED10配件手册.pdf,"G903 — Bearing, Spherical, 5"""" Bore (ARTICULATION)","G903 Bearing, Spherical, 5"""" Bore (ARTICULATION) | ED10 Spar","Verified part number G903: Bearing, Spherical, 5"""" Bore (ARTICULATION) for ED10. Check equipment compatibility and submit an RFQ to qualified mining spare ",/part-number/g903,Request Quote,/rfq/new?partNumber=G903,PUBLISHED_READY,2026-09-18
PN-000444,A2U220-117001,a2u220-117001,Sandvik / EIMCO,Underground LHD,ED10,Other,座圈，球轴承,,座圈，球轴承,EXPLICIT,VERIFIED,HIGH,"ED10 parts manual page 173, item 3",伊泰LS190-ED10配件手册.pdf,A2U220-117001 — 座圈，球轴承,A2U220-117001 座圈，球轴承 | ED10 Spare Part,Verified part number A2U220-117001: 座圈，球轴承 for ED10. Check equipment compatibility and submit an RFQ to qualified mining spare parts suppliers on KuangpeiY,/part-number/a2u220-117001,Request Quote,/rfq/new?partNumber=A2U220-117001,PUBLISHED_READY,2026-09-18
PN-000447,A2U220-141050,a2u220-141050,Sandvik / EIMCO,Underground LHD,ED10,Other,翼子板，驾驶员一侧,,翼子板，驾驶员一侧,EXPLICIT,VERIFIED,HIGH,"ED10 parts manual page 173, item 4",伊泰LS190-ED10配件手册.pdf,A2U220-141050 — 翼子板，驾驶员一侧,A2U220-141050 翼子板，驾驶员一侧 | ED10 Spare Part,Verified part number A2U220-141050: 翼子板，驾驶员一侧 for ED10. Check equipment compatibility and submit an RFQ to qualified mining spare parts suppliers on Kuangp,/part-number/a2u220-141050,Request Quote,/rfq/new?partNumber=A2U220-141050,PUBLISHED_READY,2026-09-18
PN-000448,A2U220-141051,a2u220-141051,Sandvik / EIMCO,Underground LHD,ED10,Other,翼子板，驾驶员另一侧,,翼子板，驾驶员另一侧,EXPLICIT,VERIFIED,HIGH,"ED10 parts manual page 173, item 5",伊泰LS190-ED10配件手册.pdf,A2U220-141051 — 翼子板，驾驶员另一侧,A2U220-141051 翼子板，驾驶员另一侧 | ED10 Spare Part,Verified part number A2U220-141051: 翼子板，驾驶员另一侧 for ED10. Check equipment compatibility and submit an RFQ to qualified mining spare parts suppliers on Kuang,/part-number/a2u220-141051,Request Quote,/rfq/new?partNumber=A2U220-141051,PUBLISHED_READY,2026-09-18
PN-000365,A2U130-191812,a2u130-191812,Sandvik / EIMCO,Underground LHD,ED10,Other,挡泥橡胶垂布,,挡泥橡胶垂布,EXPLICIT,VERIFIED,HIGH,"ED10 parts manual page 173, item 6",伊泰LS190-ED10配件手册.pdf,A2U130-191812 — 挡泥橡胶垂布,A2U130-191812 挡泥橡胶垂布 | ED10 Spare Part,Verified part number A2U130-191812: 挡泥橡胶垂布 for ED10. Check equipment compatibility and submit an RFQ to qualified mining spare parts suppliers on KuangpeiY,/part-number/a2u130-191812,Request Quote,/rfq/new?partNumber=A2U130-191812,PUBLISHED_READY,2026-09-18
PN-000366,A2U130-191813,a2u130-191813,Sandvik / EIMCO,Underground LHD,ED10,Other,夹片 - 1410 LG,,夹片 - 1410 LG,EXPLICIT,VERIFIED,HIGH,"ED10 parts manual page 173, item 7",伊泰LS190-ED10配件手册.pdf,A2U130-191813 — 夹片 - 1410 LG,A2U130-191813 夹片 - 1410 LG | ED10 Spare Part,Verified part number A2U130-191813: 夹片 - 1410 LG for ED10. Check equipment compatibility and submit an RFQ to qualified mining spare parts suppliers on Kua,/part-number/a2u130-191813,Request Quote,/rfq/new?partNumber=A2U130-191813,PUBLISHED_READY,2026-09-18
PN-000449,A2U220-141056,a2u220-141056,Sandvik / EIMCO,Underground LHD,ED10,Other,翼子板延伸，驾驶员一侧,,翼子板延伸，驾驶员一侧,EXPLICIT,VERIFIED,HIGH,"ED10 parts manual page 173, item 8",伊泰LS190-ED10配件手册.pdf,A2U220-141056 — 翼子板延伸，驾驶员一侧,A2U220-141056 翼子板延伸，驾驶员一侧 | ED10 Spare Part,Verified part number A2U220-141056: 翼子板延伸，驾驶员一侧 for ED10. Check equipment compatibility and submit an RFQ to qualified mining spare parts suppliers on Kuan,/part-number/a2u220-141056,Request Quote,/rfq/new?partNumber=A2U220-141056,PUBLISHED_READY,2026-09-18
PN-000450,A2U220-141057,a2u220-141057,Sandvik / EIMCO,Underground LHD,ED10,Other,翼子板延伸，驾驶员另一侧,,翼子板延伸，驾驶员另一侧,EXPLICIT,VERIFIED,HIGH,"ED10 parts manual page 173, item 9",伊泰LS190-ED10配件手册.pdf,A2U220-141057 — 翼子板延伸，驾驶员另一侧,A2U220-141057 翼子板延伸，驾驶员另一侧 | ED10 Spare Part,Verified part number A2U220-141057: 翼子板延伸，驾驶员另一侧 for ED10. Check equipment compatibility and submit an RFQ to qualified mining spare parts suppliers on Kua,/part-number/a2u220-141057,Request Quote,/rfq/new?partNumber=A2U220-141057,PUBLISHED_READY,2026-09-18
PN-000451,A2U220-141058,a2u220-141058,Sandvik / EIMCO,Underground LHD,ED10,Other,挡泥橡胶垂布x 300 LG,,挡泥橡胶垂布x 300 LG,EXPLICIT,VERIFIED,HIGH,"ED10 parts manual page 173, item 10",伊泰LS190-ED10配件手册.pdf,A2U220-141058 — 挡泥橡胶垂布x 300 LG,A2U220-141058 挡泥橡胶垂布x 300 LG | ED10 Spare Part,Verified part number A2U220-141058: 挡泥橡胶垂布x 300 LG for ED10. Check equipment compatibility and submit an RFQ to qualified mining spare parts suppliers on K,/part-number/a2u220-141058,Request Quote,/rfq/new?partNumber=A2U220-141058,PUBLISHED_READY,2026-09-18
PN-000452,A2U220-141059,a2u220-141059,Sandvik / EIMCO,Underground LHD,ED10,Other,夹片 - 250 LG,,夹片 - 250 LG,EXPLICIT,VERIFIED,HIGH,"ED10 parts manual page 173, item 11",伊泰LS190-ED10配件手册.pdf,A2U220-141059 — 夹片 - 250 LG,A2U220-141059 夹片 - 250 LG | ED10 Spare Part,Verified part number A2U220-141059: 夹片 - 250 LG for ED10. Check equipment compatibility and submit an RFQ to qualified mining spare parts suppliers on Kuan,/part-number/a2u220-141059,Request Quote,/rfq/new?partNumber=A2U220-141059,PUBLISHED_READY,2026-09-18
PN-000192,450061624,450061624,Sandvik / EIMCO,Underground LHD,ED10,Fastener,平垫圈,,平垫圈,EXPLICIT,VERIFIED,HIGH,"ED10 parts manual page 173, item 12; ED10 parts manual page 190, item 4",伊泰LS190-ED10配件手册.pdf,450061624 — 平垫圈,450061624 平垫圈 | ED10 Spare Part,Verified part number 450061624: 平垫圈 for ED10. Check equipment compatibility and submit an RFQ to qualified mining spare parts suppliers on KuangpeiYun.,/part-number/450061624,Request Quote,/rfq/new?partNumber=450061624,PUBLISHED_READY,2026-09-18
PN-000198,450081034,450081034,Sandvik / EIMCO,Underground LHD,ED10,Fastener,弹簧垫圈,,弹簧垫圈,EXPLICIT,VERIFIED,HIGH,"ED10 parts manual page 173, item 13; ED10 parts manual page 176, item 19; ED10 parts manual page 183, item 25; ED10 parts manual page 190, item 5",伊泰LS190-ED10配件手册.pdf,450081034 — 弹簧垫圈,450081034 弹簧垫圈 | ED10 Spare Part,Verified part number 450081034: 弹簧垫圈 for ED10. Check equipment compatibility and submit an RFQ to qualified mining spare parts suppliers on KuangpeiYun.,/part-number/450081034,Request Quote,/rfq/new?partNumber=450081034,PUBLISHED_READY,2026-09-18
PN-000181,445503069,445503069,Sandvik / EIMCO,Underground LHD,ED10,Fastener,六角头螺栓,,六角头螺栓,EXPLICIT,VERIFIED,HIGH,"ED10 parts manual page 173, item 14",伊泰LS190-ED10配件手册.pdf,445503069 — 六角头螺栓,445503069 六角头螺栓 | ED10 Spare Part,Verified part number 445503069: 六角头螺栓 for ED10. Check equipment compatibility and submit an RFQ to qualified mining spare parts suppliers on KuangpeiYun.,/part-number/445503069,Request Quote,/rfq/new?partNumber=445503069,PUBLISHED_READY,2026-09-18
PN-000763,A2U900-480615,a2u900-480615,Sandvik / EIMCO,Underground LHD,ED10,Other,灭火器,,灭火器,EXPLICIT,VERIFIED,HIGH,"ED10 parts manual page 173, item 15",伊泰LS190-ED10配件手册.pdf,A2U900-480615 — 灭火器,A2U900-480615 灭火器 | ED10 Spare Part,Verified part number A2U900-480615: 灭火器 for ED10. Check equipment compatibility and submit an RFQ to qualified mining spare parts suppliers on KuangpeiYun.,/part-number/a2u900-480615,Request Quote,/rfq/new?partNumber=A2U900-480615,PUBLISHED_READY,2026-09-18
PN-000170,445502808,445502808,Sandvik / EIMCO,Underground LHD,ED10,Fastener,六角头螺栓,,六角头螺栓,EXPLICIT,VERIFIED,HIGH,"ED10 parts manual page 173, item 18",伊泰LS190-ED10配件手册.pdf,445502808 — 六角头螺栓,445502808 六角头螺栓 | ED10 Spare Part,Verified part number 445502808: 六角头螺栓 for ED10. Check equipment compatibility and submit an RFQ to qualified mining spare parts suppliers on KuangpeiYun.,/part-number/445502808,Request Quote,/rfq/new?partNumber=445502808,PUBLISHED_READY,2026-09-18
PN-000131,445202804,445202804,Sandvik / EIMCO,Underground LHD,ED10,Fastener,六角头螺钉,,六角头螺钉,EXPLICIT,VERIFIED,HIGH,"ED10 parts manual page 173, item 23",伊泰LS190-ED10配件手册.pdf,445202804 — 六角头螺钉,445202804 六角头螺钉 | ED10 Spare Part,Verified part number 445202804: 六角头螺钉 for ED10. Check equipment compatibility and submit an RFQ to qualified mining spare parts suppliers on KuangpeiYun.,/part-number/445202804,Request Quote,/rfq/new?partNumber=445202804,PUBLISHED_READY,2026-09-18
PN-000355,A2U130-115021,a2u130-115021,Sandvik / EIMCO,Underground LHD,ED10,Cooling,散热器隔栅,,散热器隔栅,EXPLICIT,VERIFIED,HIGH,"ED10 parts manual page 176, item 2",伊泰LS190-ED10配件手册.pdf,A2U130-115021 — 散热器隔栅,A2U130-115021 散热器隔栅 | ED10 Spare Part,Verified part number A2U130-115021: 散热器隔栅 for ED10. Check equipment compatibility and submit an RFQ to qualified mining spare parts suppliers on KuangpeiYu,/part-number/a2u130-115021,Request Quote,/rfq/new?partNumber=A2U130-115021,PUBLISHED_READY,2026-09-18
PN-000462,A2U220-1911017,a2u220-1911017,Sandvik / EIMCO,Underground LHD,ED10,Other,隔板,,隔板,EXPLICIT,VERIFIED,HIGH,"ED10 parts manual page 176, item 3",伊泰LS190-ED10配件手册.pdf,A2U220-1911017 — 隔板,A2U220-1911017 隔板 | ED10 Spare Part,Verified part number A2U220-1911017: 隔板 for ED10. Check equipment compatibility and submit an RFQ to qualified mining spare parts suppliers on KuangpeiYun.,/part-number/a2u220-1911017,Request Quote,/rfq/new?partNumber=A2U220-1911017,PUBLISHED_READY,2026-09-18
PN-000459,A2U220-1911014,a2u220-1911014,Sandvik / EIMCO,Underground LHD,ED10,Other,罩支撑，后,,罩支撑，后,EXPLICIT,VERIFIED,HIGH,"ED10 parts manual page 176, item 4",伊泰LS190-ED10配件手册.pdf,A2U220-1911014 — 罩支撑，后,A2U220-1911014 罩支撑，后 | ED10 Spare Part,Verified part number A2U220-1911014: 罩支撑，后 for ED10. Check equipment compatibility and submit an RFQ to qualified mining spare parts suppliers on KuangpeiY,/part-number/a2u220-1911014,Request Quote,/rfq/new?partNumber=A2U220-1911014,PUBLISHED_READY,2026-09-18
PN-000460,A2U220-1911015,a2u220-1911015,Sandvik / EIMCO,Underground LHD,ED10,Other,支撑，顶盖，驾驶员一侧,,支撑，顶盖，驾驶员一侧,EXPLICIT,VERIFIED,HIGH,"ED10 parts manual page 176, item 5",伊泰LS190-ED10配件手册.pdf,A2U220-1911015 — 支撑，顶盖，驾驶员一侧,A2U220-1911015 支撑，顶盖，驾驶员一侧 | ED10 Spare Part,Verified part number A2U220-1911015: 支撑，顶盖，驾驶员一侧 for ED10. Check equipment compatibility and submit an RFQ to qualified mining spare parts suppliers on Kua,/part-number/a2u220-1911015,Request Quote,/rfq/new?partNumber=A2U220-1911015,PUBLISHED_READY,2026-09-18
PN-000461,A2U220-1911016,a2u220-1911016,Sandvik / EIMCO,Underground LHD,ED10,Other,支撑，顶盖,,支撑，顶盖,EXPLICIT,VERIFIED,HIGH,"ED10 parts manual page 176, item 6",伊泰LS190-ED10配件手册.pdf,A2U220-1911016 — 支撑，顶盖,A2U220-1911016 支撑，顶盖 | ED10 Spare Part,Verified part number A2U220-1911016: 支撑，顶盖 for ED10. Check equipment compatibility and submit an RFQ to qualified mining spare parts suppliers on KuangpeiY,/part-number/a2u220-1911016,Request Quote,/rfq/new?partNumber=A2U220-1911016,PUBLISHED_READY,2026-09-18
PN-000443,A2U220-115023,a2u220-115023,Sandvik / EIMCO,Underground LHD,ED10,Cooling,散热器步,,散热器步,EXPLICIT,VERIFIED,HIGH,"ED10 parts manual page 176, item 7",伊泰LS190-ED10配件手册.pdf,A2U220-115023 — 散热器步,A2U220-115023 散热器步 | ED10 Spare Part,Verified part number A2U220-115023: 散热器步 for ED10. Check equipment compatibility and submit an RFQ to qualified mining spare parts suppliers on KuangpeiYun,/part-number/a2u220-115023,Request Quote,/rfq/new?partNumber=A2U220-115023,PUBLISHED_READY,2026-09-18
PN-000505,A2U220-197748,a2u220-197748,Sandvik / EIMCO,Underground LHD,ED10,Other,支撑，左侧顶盖,,支撑，左侧顶盖,EXPLICIT,VERIFIED,HIGH,"ED10 parts manual page 176, item 8",伊泰LS190-ED10配件手册.pdf,A2U220-197748 — 支撑，左侧顶盖,A2U220-197748 支撑，左侧顶盖 | ED10 Spare Part,Verified part number A2U220-197748: 支撑，左侧顶盖 for ED10. Check equipment compatibility and submit an RFQ to qualified mining spare parts suppliers on Kuangpei,/part-number/a2u220-197748,Request Quote,/rfq/new?partNumber=A2U220-197748,PUBLISHED_READY,2026-09-18
PN-000464,A2U220-1911056,a2u220-1911056,Sandvik / EIMCO,Underground LHD,ED10,Other,支撑，右侧顶盖,,支撑，右侧顶盖,EXPLICIT,VERIFIED,HIGH,"ED10 parts manual page 176, item 9",伊泰LS190-ED10配件手册.pdf,A2U220-1911056 — 支撑，右侧顶盖,A2U220-1911056 支撑，右侧顶盖 | ED10 Spare Part,Verified part number A2U220-1911056: 支撑，右侧顶盖 for ED10. Check equipment compatibility and submit an RFQ to qualified mining spare parts suppliers on Kuangpe,/part-number/a2u220-1911056,Request Quote,/rfq/new?partNumber=A2U220-1911056,PUBLISHED_READY,2026-09-18
PN-000493,A2U220-197655,a2u220-197655,Sandvik / EIMCO,Underground LHD,ED10,Other,腹板－直,,腹板－直,EXPLICIT,VERIFIED,HIGH,"ED10 parts manual page 176, item 10",伊泰LS190-ED10配件手册.pdf,A2U220-197655 — 腹板－直,A2U220-197655 腹板－直 | ED10 Spare Part,Verified part number A2U220-197655: 腹板－直 for ED10. Check equipment compatibility and submit an RFQ to qualified mining spare parts suppliers on KuangpeiYun,/part-number/a2u220-197655,Request Quote,/rfq/new?partNumber=A2U220-197655,PUBLISHED_READY,2026-09-18
PN-000494,A2U220-197656,a2u220-197656,Sandvik / EIMCO,Underground LHD,ED10,Other,腹板－弯,,腹板－弯,EXPLICIT,VERIFIED,HIGH,"ED10 parts manual page 176, item 11",伊泰LS190-ED10配件手册.pdf,A2U220-197656 — 腹板－弯,A2U220-197656 腹板－弯 | ED10 Spare Part,Verified part number A2U220-197656: 腹板－弯 for ED10. Check equipment compatibility and submit an RFQ to qualified mining spare parts suppliers on KuangpeiYun,/part-number/a2u220-197656,Request Quote,/rfq/new?partNumber=A2U220-197656,PUBLISHED_READY,2026-09-18
PN-000203,450081130,450081130,Sandvik / EIMCO,Underground LHD,ED10,Fastener,弹簧垫圈,,弹簧垫圈,EXPLICIT,VERIFIED,HIGH,"ED10 parts manual page 176, item 13; ED10 parts manual page 176, item 23; ED10 parts manual page 317, item 10",伊泰LS190-ED10配件手册.pdf,450081130 — 弹簧垫圈,450081130 弹簧垫圈 | ED10 Spare Part,Verified part number 450081130: 弹簧垫圈 for ED10. Check equipment compatibility and submit an RFQ to qualified mining spare parts suppliers on KuangpeiYun.,/part-number/450081130,Request Quote,/rfq/new?partNumber=450081130,PUBLISHED_READY,2026-09-18
PN-000208,455302040,455302040,Sandvik / EIMCO,Underground LHD,ED10,Fastener,六角螺母,,六角螺母,EXPLICIT,VERIFIED,HIGH,"ED10 parts manual page 176, item 14",伊泰LS190-ED10配件手册.pdf,455302040 — 六角螺母,455302040 六角螺母 | ED10 Spare Part,Verified part number 455302040: 六角螺母 for ED10. Check equipment compatibility and submit an RFQ to qualified mining spare parts suppliers on KuangpeiYun.,/part-number/455302040,Request Quote,/rfq/new?partNumber=455302040,PUBLISHED_READY,2026-09-18
PN-000207,455302036,455302036,Sandvik / EIMCO,Underground LHD,ED10,Fastener,螺母,,螺母,EXPLICIT,VERIFIED,HIGH,"ED10 parts manual page 176, item 17",伊泰LS190-ED10配件手册.pdf,455302036 — 螺母,455302036 螺母 | ED10 Spare Part,Verified part number 455302036: 螺母 for ED10. Check equipment compatibility and submit an RFQ to qualified mining spare parts suppliers on KuangpeiYun.,/part-number/455302036,Request Quote,/rfq/new?partNumber=455302036,PUBLISHED_READY,2026-09-18
PN-000155,445405075,445405075,Sandvik / EIMCO,Underground LHD,ED10,Fastener,六角头螺栓,,六角头螺栓,EXPLICIT,VERIFIED,HIGH,"ED10 parts manual page 176, item 18",伊泰LS190-ED10配件手册.pdf,445405075 — 六角头螺栓,445405075 六角头螺栓 | ED10 Spare Part,Verified part number 445405075: 六角头螺栓 for ED10. Check equipment compatibility and submit an RFQ to qualified mining spare parts suppliers on KuangpeiYun.,/part-number/445405075,Request Quote,/rfq/new?partNumber=445405075,PUBLISHED_READY,2026-09-18
PN-000205,455300044,455300044,Sandvik / EIMCO,Underground LHD,ED10,Fastener,六角螺母,,六角螺母,EXPLICIT,VERIFIED,HIGH,"ED10 parts manual page 176, item 20",伊泰LS190-ED10配件手册.pdf,455300044 — 六角螺母,455300044 六角螺母 | ED10 Spare Part,Verified part number 455300044: 六角螺母 for ED10. Check equipment compatibility and submit an RFQ to qualified mining spare parts suppliers on KuangpeiYun.,/part-number/455300044,Request Quote,/rfq/new?partNumber=455300044,PUBLISHED_READY,2026-09-18
PN-000150,445402950,445402950,Sandvik / EIMCO,Underground LHD,ED10,Fastener,六角头螺栓,,六角头螺栓,EXPLICIT,VERIFIED,HIGH,"ED10 parts manual page 176, item 24",伊泰LS190-ED10配件手册.pdf,445402950 — 六角头螺栓,445402950 六角头螺栓 | ED10 Spare Part,Verified part number 445402950: 六角头螺栓 for ED10. Check equipment compatibility and submit an RFQ to qualified mining spare parts suppliers on KuangpeiYun.,/part-number/445402950,Request Quote,/rfq/new?partNumber=445402950,PUBLISHED_READY,2026-09-18
PN-000458,A2U220-190230,a2u220-190230,Sandvik / EIMCO,Underground LHD,ED10,Other,安全连接,,安全连接,EXPLICIT,VERIFIED,HIGH,"ED10 parts manual page 176, item 26",伊泰LS190-ED10配件手册.pdf,A2U220-190230 — 安全连接,A2U220-190230 安全连接 | ED10 Spare Part,Verified part number A2U220-190230: 安全连接 for ED10. Check equipment compatibility and submit an RFQ to qualified mining spare parts suppliers on KuangpeiYun,/part-number/a2u220-190230,Request Quote,/rfq/new?partNumber=A2U220-190230,PUBLISHED_READY,2026-09-18
PN-000178,445502935,445502935,Sandvik / EIMCO,Underground LHD,ED10,Fastener,六角头螺栓,,六角头螺栓,EXPLICIT,VERIFIED,HIGH,"ED10 parts manual page 176, item 27",伊泰LS190-ED10配件手册.pdf,445502935 — 六角头螺栓,445502935 六角头螺栓 | ED10 Spare Part,Verified part number 445502935: 六角头螺栓 for ED10. Check equipment compatibility and submit an RFQ to qualified mining spare parts suppliers on KuangpeiYun.,/part-number/445502935,Request Quote,/rfq/new?partNumber=445502935,PUBLISHED_READY,2026-09-18
PN-000879,A2U913-591257,a2u913-591257,Sandvik / EIMCO,Underground LHD,ED10,Structure,托架，刹车蓄能器,,托架，刹车蓄能器,EXPLICIT,VERIFIED,HIGH,"ED10 parts manual page 176, item 28",伊泰LS190-ED10配件手册.pdf,A2U913-591257 — 托架，刹车蓄能器,A2U913-591257 托架，刹车蓄能器 | ED10 Spare Part,Verified part number A2U913-591257: 托架，刹车蓄能器 for ED10. Check equipment compatibility and submit an RFQ to qualified mining spare parts suppliers on Kuangpe,/part-number/a2u913-591257,Request Quote,/rfq/new?partNumber=A2U913-591257,PUBLISHED_READY,2026-09-18
PN-000304,5450081124,5450081124,Sandvik / EIMCO,Underground LHD,ED10,Fastener,弹簧垫圈,,弹簧垫圈,EXPLICIT,VERIFIED,HIGH,"ED10 parts manual page 176, item 29",伊泰LS190-ED10配件手册.pdf,5450081124 — 弹簧垫圈,5450081124 弹簧垫圈 | ED10 Spare Part,Verified part number 5450081124: 弹簧垫圈 for ED10. Check equipment compatibility and submit an RFQ to qualified mining spare parts suppliers on KuangpeiYun.,/part-number/5450081124,Request Quote,/rfq/new?partNumber=5450081124,PUBLISHED_READY,2026-09-18
PN-000388,A2U130-197310,a2u130-197310,Sandvik / EIMCO,Underground LHD,ED10,Transmission/Driveline,盖，变速箱,,盖，变速箱,EXPLICIT,VERIFIED,HIGH,"ED10 parts manual page 176, item 33",伊泰LS190-ED10配件手册.pdf,A2U130-197310 — 盖，变速箱,A2U130-197310 盖，变速箱 | ED10 Spare Part,Verified part number A2U130-197310: 盖，变速箱 for ED10. Check equipment compatibility and submit an RFQ to qualified mining spare parts suppliers on KuangpeiYu,/part-number/a2u130-197310,Request Quote,/rfq/new?partNumber=A2U130-197310,PUBLISHED_READY,2026-09-18
PN-000152,445402963,445402963,Sandvik / EIMCO,Underground LHD,ED10,Fastener,六角头螺栓,,六角头螺栓,EXPLICIT,VERIFIED,HIGH,"ED10 parts manual page 176, item 34",伊泰LS190-ED10配件手册.pdf,445402963 — 六角头螺栓,445402963 六角头螺栓 | ED10 Spare Part,Verified part number 445402963: 六角头螺栓 for ED10. Check equipment compatibility and submit an RFQ to qualified mining spare parts suppliers on KuangpeiYun.,/part-number/445402963,Request Quote,/rfq/new?partNumber=445402963,PUBLISHED_READY,2026-09-18
PN-000878,A2U913-591256,a2u913-591256,Sandvik / EIMCO,Underground LHD,ED10,Steering/Brake,托架，转向蓄能器,,托架，转向蓄能器,EXPLICIT,VERIFIED,HIGH,"ED10 parts manual page 176, item 35",伊泰LS190-ED10配件手册.pdf,A2U913-591256 — 托架，转向蓄能器,A2U913-591256 托架，转向蓄能器 | ED10 Spare Part,Verified part number A2U913-591256: 托架，转向蓄能器 for ED10. Check equipment compatibility and submit an RFQ to qualified mining spare parts suppliers on Kuangpe,/part-number/a2u913-591256,Request Quote,/rfq/new?partNumber=A2U913-591256,PUBLISHED_READY,2026-09-18
PN-000114,244526,244526,Sandvik / EIMCO,Underground LHD,ED10,Other,安全连接,,安全连接,EXPLICIT,VERIFIED,HIGH,"ED10 parts manual page 178, item 1",伊泰LS190-ED10配件手册.pdf,244526 — 安全连接,244526 安全连接 | ED10 Spare Part,Verified part number 244526: 安全连接 for ED10. Check equipment compatibility and submit an RFQ to qualified mining spare parts suppliers on KuangpeiYun.,/part-number/244526,Request Quote,/rfq/new?partNumber=244526,PUBLISHED_READY,2026-09-18
PN-000374,A2U130-193421,a2u130-193421,Sandvik / EIMCO,Underground LHD,ED10,Structure,销钉，安全连接,,销钉，安全连接,EXPLICIT,VERIFIED,HIGH,"ED10 parts manual page 178, item 2",伊泰LS190-ED10配件手册.pdf,A2U130-193421 — 销钉，安全连接,A2U130-193421 销钉，安全连接 | ED10 Spare Part,Verified part number A2U130-193421: 销钉，安全连接 for ED10. Check equipment compatibility and submit an RFQ to qualified mining spare parts suppliers on Kuangpei,/part-number/a2u130-193421,Request Quote,/rfq/new?partNumber=A2U130-193421,PUBLISHED_READY,2026-09-18
PN-000844,A2U913-198001,a2u913-198001,Sandvik / EIMCO,Underground LHD,ED10,Other,"R-形夹, B12",,"R-形夹, B12 | 'R' 夹",EXPLICIT,VERIFIED,HIGH,"ED10 parts manual page 178, item 3; ED10 parts manual page 201, item 5",伊泰LS190-ED10配件手册.pdf,"A2U913-198001 — R-形夹, B12","A2U913-198001 R-形夹, B12 | ED10 Spare Part","Verified part number A2U913-198001: R-形夹, B12 for ED10. Check equipment compatibility and submit an RFQ to qualified mining spare parts suppliers on Kuangp",/part-number/a2u913-198001,Request Quote,/rfq/new?partNumber=A2U913-198001,PUBLISHED_READY,2026-09-18
PN-000626,A2U220-491238,a2u220-491238,Sandvik / EIMCO,Underground LHD,ED10,Other,驾驶员踢板,,驾驶员踢板,EXPLICIT,VERIFIED,HIGH,"ED10 parts manual page 180, item 1",伊泰LS190-ED10配件手册.pdf,A2U220-491238 — 驾驶员踢板,A2U220-491238 驾驶员踢板 | ED10 Spare Part,Verified part number A2U220-491238: 驾驶员踢板 for ED10. Check equipment compatibility and submit an RFQ to qualified mining spare parts suppliers on KuangpeiYu,/part-number/a2u220-491238,Request Quote,/rfq/new?partNumber=A2U220-491238,PUBLISHED_READY,2026-09-18
PN-000415,A2U130-491222,a2u130-491222,Sandvik / EIMCO,Underground LHD,ED10,Other,保护装置橡皮板,,保护装置橡皮板,EXPLICIT,VERIFIED,HIGH,"ED10 parts manual page 180, item 2",伊泰LS190-ED10配件手册.pdf,A2U130-491222 — 保护装置橡皮板,A2U130-491222 保护装置橡皮板 | ED10 Spare Part,Verified part number A2U130-491222: 保护装置橡皮板 for ED10. Check equipment compatibility and submit an RFQ to qualified mining spare parts suppliers on Kuangpei,/part-number/a2u130-491222,Request Quote,/rfq/new?partNumber=A2U130-491222,PUBLISHED_READY,2026-09-18
PN-000746,A2U900-392099,a2u900-392099,Sandvik / EIMCO,Underground LHD,ED10,Fastener,螺钉,,螺钉,EXPLICIT,VERIFIED,HIGH,"ED10 parts manual page 180, item 5",伊泰LS190-ED10配件手册.pdf,A2U900-392099 — 螺钉,A2U900-392099 螺钉 | ED10 Spare Part,Verified part number A2U900-392099: 螺钉 for ED10. Check equipment compatibility and submit an RFQ to qualified mining spare parts suppliers on KuangpeiYun.,/part-number/a2u900-392099,Request Quote,/rfq/new?partNumber=A2U900-392099,PUBLISHED_READY,2026-09-18
PN-000650,A2U220-591346,a2u220-591346,Sandvik / EIMCO,Underground LHD,ED10,Structure,托架铲斗连接,,托架铲斗连接,EXPLICIT,VERIFIED,HIGH,"ED10 parts manual page 180, item 6",伊泰LS190-ED10配件手册.pdf,A2U220-591346 — 托架铲斗连接,A2U220-591346 托架铲斗连接 | ED10 Spare Part,Verified part number A2U220-591346: 托架铲斗连接 for ED10. Check equipment compatibility and submit an RFQ to qualified mining spare parts suppliers on KuangpeiY,/part-number/a2u220-591346,Request Quote,/rfq/new?partNumber=A2U220-591346,PUBLISHED_READY,2026-09-18
PN-000618,A2U220-410034,a2u220-410034,Sandvik / EIMCO,Underground LHD,ED10,Structure,座位安装（未显示）,,座位安装（未显示）,EXPLICIT,VERIFIED,HIGH,"ED10 parts manual page 180, item 7",伊泰LS190-ED10配件手册.pdf,A2U220-410034 — 座位安装（未显示）,A2U220-410034 座位安装（未显示） | ED10 Spare Part,Verified part number A2U220-410034: 座位安装（未显示） for ED10. Check equipment compatibility and submit an RFQ to qualified mining spare parts suppliers on Kuangp,/part-number/a2u220-410034,Request Quote,/rfq/new?partNumber=A2U220-410034,PUBLISHED_READY,2026-09-18
PN-000623,A2U220-487081,a2u220-487081,Sandvik / EIMCO,Underground LHD,ED10,Structure,门安装（未显示）,,门安装（未显示）,EXPLICIT,VERIFIED,HIGH,"ED10 parts manual page 180, item 8",伊泰LS190-ED10配件手册.pdf,A2U220-487081 — 门安装（未显示）,A2U220-487081 门安装（未显示） | ED10 Spare Part,Verified part number A2U220-487081: 门安装（未显示） for ED10. Check equipment compatibility and submit an RFQ to qualified mining spare parts suppliers on Kuangpe,/part-number/a2u220-487081,Request Quote,/rfq/new?partNumber=A2U220-487081,PUBLISHED_READY,2026-09-18
PN-000482,A2U220-197634,a2u220-197634,Sandvik / EIMCO,Underground LHD,ED10,Other,罩，挡泥板,,罩，挡泥板,EXPLICIT,VERIFIED,HIGH,"ED10 parts manual page 183, item 1",伊泰LS190-ED10配件手册.pdf,A2U220-197634 — 罩，挡泥板,A2U220-197634 罩，挡泥板 | ED10 Spare Part,Verified part number A2U220-197634: 罩，挡泥板 for ED10. Check equipment compatibility and submit an RFQ to qualified mining spare parts suppliers on KuangpeiYu,/part-number/a2u220-197634,Request Quote,/rfq/new?partNumber=A2U220-197634,PUBLISHED_READY,2026-09-18
PN-000485,A2U220-197638,a2u220-197638,Sandvik / EIMCO,Underground LHD,ED10,Cooling,罩，散热器,,罩，散热器,EXPLICIT,VERIFIED,HIGH,"ED10 parts manual page 183, item 2",伊泰LS190-ED10配件手册.pdf,A2U220-197638 — 罩，散热器,A2U220-197638 罩，散热器 | ED10 Spare Part,Verified part number A2U220-197638: 罩，散热器 for ED10. Check equipment compatibility and submit an RFQ to qualified mining spare parts suppliers on KuangpeiYu,/part-number/a2u220-197638,Request Quote,/rfq/new?partNumber=A2U220-197638,PUBLISHED_READY,2026-09-18
PN-000483,A2U220-197636,a2u220-197636,Sandvik / EIMCO,Underground LHD,ED10,Engine,罩，顶部，发动机，前,,罩，顶部，发动机，前,EXPLICIT,VERIFIED,HIGH,"ED10 parts manual page 183, item 3",伊泰LS190-ED10配件手册.pdf,A2U220-197636 — 罩，顶部，发动机，前,A2U220-197636 罩，顶部，发动机，前 | ED10 Spare Part,Verified part number A2U220-197636: 罩，顶部，发动机，前 for ED10. Check equipment compatibility and submit an RFQ to qualified mining spare parts suppliers on Kuang,/part-number/a2u220-197636,Request Quote,/rfq/new?partNumber=A2U220-197636,PUBLISHED_READY,2026-09-18
PN-000484,A2U220-197637,a2u220-197637,Sandvik / EIMCO,Underground LHD,ED10,Engine,罩，发动机上部,,罩，发动机上部,EXPLICIT,VERIFIED,HIGH,"ED10 parts manual page 183, item 4",伊泰LS190-ED10配件手册.pdf,A2U220-197637 — 罩，发动机上部,A2U220-197637 罩，发动机上部 | ED10 Spare Part,Verified part number A2U220-197637: 罩，发动机上部 for ED10. Check equipment compatibility and submit an RFQ to qualified mining spare parts suppliers on Kuangpei,/part-number/a2u220-197637,Request Quote,/rfq/new?partNumber=A2U220-197637,PUBLISHED_READY,2026-09-18
PN-000486,A2U220-197639,a2u220-197639,Sandvik / EIMCO,Underground LHD,ED10,Other,罩，顶部,,罩，顶部,EXPLICIT,VERIFIED,HIGH,"ED10 parts manual page 183, item 5",伊泰LS190-ED10配件手册.pdf,A2U220-197639 — 罩，顶部,A2U220-197639 罩，顶部 | ED10 Spare Part,Verified part number A2U220-197639: 罩，顶部 for ED10. Check equipment compatibility and submit an RFQ to qualified mining spare parts suppliers on KuangpeiYun,/part-number/a2u220-197639,Request Quote,/rfq/new?partNumber=A2U220-197639,PUBLISHED_READY,2026-09-18
PN-000492,A2U220-197650,a2u220-197650,Sandvik / EIMCO,Underground LHD,ED10,Other,罩，侧面橡胶,,罩，侧面橡胶,EXPLICIT,VERIFIED,HIGH,"ED10 parts manual page 183, item 6",伊泰LS190-ED10配件手册.pdf,A2U220-197650 — 罩，侧面橡胶,A2U220-197650 罩，侧面橡胶 | ED10 Spare Part,Verified part number A2U220-197650: 罩，侧面橡胶 for ED10. Check equipment compatibility and submit an RFQ to qualified mining spare parts suppliers on KuangpeiY,/part-number/a2u220-197650,Request Quote,/rfq/new?partNumber=A2U220-197650,PUBLISHED_READY,2026-09-18
PN-000487,A2U220-197640,a2u220-197640,Sandvik / EIMCO,Underground LHD,ED10,Other,罩，挡泥板，右侧,,罩，挡泥板，右侧,EXPLICIT,VERIFIED,HIGH,"ED10 parts manual page 183, item 7",伊泰LS190-ED10配件手册.pdf,A2U220-197640 — 罩，挡泥板，右侧,A2U220-197640 罩，挡泥板，右侧 | ED10 Spare Part,Verified part number A2U220-197640: 罩，挡泥板，右侧 for ED10. Check equipment compatibility and submit an RFQ to qualified mining spare parts suppliers on Kuangpe,/part-number/a2u220-197640,Request Quote,/rfq/new?partNumber=A2U220-197640,PUBLISHED_READY,2026-09-18
PN-000488,A2U220-197641,a2u220-197641,Sandvik / EIMCO,Underground LHD,ED10,Other,罩，挡泥板，左侧,,罩，挡泥板，左侧,EXPLICIT,VERIFIED,HIGH,"ED10 parts manual page 183, item 8",伊泰LS190-ED10配件手册.pdf,A2U220-197641 — 罩，挡泥板，左侧,A2U220-197641 罩，挡泥板，左侧 | ED10 Spare Part,Verified part number A2U220-197641: 罩，挡泥板，左侧 for ED10. Check equipment compatibility and submit an RFQ to qualified mining spare parts suppliers on Kuangpe,/part-number/a2u220-197641,Request Quote,/rfq/new?partNumber=A2U220-197641,PUBLISHED_READY,2026-09-18
PN-000491,A2U220-197649,a2u220-197649,Sandvik / EIMCO,Underground LHD,ED10,Other,罩，橡胶挡泥板,,罩，橡胶挡泥板,EXPLICIT,VERIFIED,HIGH,"ED10 parts manual page 183, item 9",伊泰LS190-ED10配件手册.pdf,A2U220-197649 — 罩，橡胶挡泥板,A2U220-197649 罩，橡胶挡泥板 | ED10 Spare Part,Verified part number A2U220-197649: 罩，橡胶挡泥板 for ED10. Check equipment compatibility and submit an RFQ to qualified mining spare parts suppliers on Kuangpei,/part-number/a2u220-197649,Request Quote,/rfq/new?partNumber=A2U220-197649,PUBLISHED_READY,2026-09-18
PN-000489,A2U220-197642,a2u220-197642,Sandvik / EIMCO,Underground LHD,ED10,Transmission/Driveline,罩，变速箱位，中间,,罩，变速箱位，中间,EXPLICIT,VERIFIED,HIGH,"ED10 parts manual page 183, item 10",伊泰LS190-ED10配件手册.pdf,A2U220-197642 — 罩，变速箱位，中间,A2U220-197642 罩，变速箱位，中间 | ED10 Spare Part,Verified part number A2U220-197642: 罩，变速箱位，中间 for ED10. Check equipment compatibility and submit an RFQ to qualified mining spare parts suppliers on Kuangp,/part-number/a2u220-197642,Request Quote,/rfq/new?partNumber=A2U220-197642,PUBLISHED_READY,2026-09-18
PN-000490,A2U220-197643,a2u220-197643,Sandvik / EIMCO,Underground LHD,ED10,Transmission/Driveline,罩，变速箱位,,罩，变速箱位,EXPLICIT,VERIFIED,HIGH,"ED10 parts manual page 183, item 11",伊泰LS190-ED10配件手册.pdf,A2U220-197643 — 罩，变速箱位,A2U220-197643 罩，变速箱位 | ED10 Spare Part,Verified part number A2U220-197643: 罩，变速箱位 for ED10. Check equipment compatibility and submit an RFQ to qualified mining spare parts suppliers on KuangpeiY,/part-number/a2u220-197643,Request Quote,/rfq/new?partNumber=A2U220-197643,PUBLISHED_READY,2026-09-18
PN-000502,A2U220-197669,a2u220-197669,Sandvik / EIMCO,Underground LHD,ED10,Transmission/Driveline,罩，变速箱，前,,罩，变速箱，前,EXPLICIT,VERIFIED,HIGH,"ED10 parts manual page 183, item 12",伊泰LS190-ED10配件手册.pdf,A2U220-197669 — 罩，变速箱，前,A2U220-197669 罩，变速箱，前 | ED10 Spare Part,Verified part number A2U220-197669: 罩，变速箱，前 for ED10. Check equipment compatibility and submit an RFQ to qualified mining spare parts suppliers on Kuangpei,/part-number/a2u220-197669,Request Quote,/rfq/new?partNumber=A2U220-197669,PUBLISHED_READY,2026-09-18
PN-000118,246633,246633,Sandvik / EIMCO,Underground LHD,ED10,Other,铰链,,铰链,EXPLICIT,VERIFIED,HIGH,"ED10 parts manual page 183, item 13",伊泰LS190-ED10配件手册.pdf,246633 — 铰链,246633 铰链 | ED10 Spare Part,Verified part number 246633: 铰链 for ED10. Check equipment compatibility and submit an RFQ to qualified mining spare parts suppliers on KuangpeiYun.,/part-number/246633,Request Quote,/rfq/new?partNumber=246633,PUBLISHED_READY,2026-09-18
PN-000117,246631,246631,Sandvik / EIMCO,Underground LHD,ED10,Other,铰链－焊接,,铰链－焊接,EXPLICIT,VERIFIED,HIGH,"ED10 parts manual page 183, item 14",伊泰LS190-ED10配件手册.pdf,246631 — 铰链－焊接,246631 铰链－焊接 | ED10 Spare Part,Verified part number 246631: 铰链－焊接 for ED10. Check equipment compatibility and submit an RFQ to qualified mining spare parts suppliers on KuangpeiYun.,/part-number/246631,Request Quote,/rfq/new?partNumber=246631,PUBLISHED_READY,2026-09-18
PN-000097,114962,114962,Sandvik / EIMCO,Underground LHD,ED10,Other,挂钩,,挂钩,EXPLICIT,VERIFIED,HIGH,"ED10 parts manual page 183, item 18",伊泰LS190-ED10配件手册.pdf,114962 — 挂钩,114962 挂钩 | ED10 Spare Part,Verified part number 114962: 挂钩 for ED10. Check equipment compatibility and submit an RFQ to qualified mining spare parts suppliers on KuangpeiYun.,/part-number/114962,Request Quote,/rfq/new?partNumber=114962,PUBLISHED_READY,2026-09-18
PN-000147,445402864,445402864,Sandvik / EIMCO,Underground LHD,ED10,Fastener,六角头螺栓,,六角头螺栓,EXPLICIT,VERIFIED,HIGH,"ED10 parts manual page 183, item 21; ED10 parts manual page 279, item 21",伊泰LS190-ED10配件手册.pdf,445402864 — 六角头螺栓,445402864 六角头螺栓 | ED10 Spare Part,Verified part number 445402864: 六角头螺栓 for ED10. Check equipment compatibility and submit an RFQ to qualified mining spare parts suppliers on KuangpeiYun.,/part-number/445402864,Request Quote,/rfq/new?partNumber=445402864,PUBLISHED_READY,2026-09-18
PN-000183,445503072,445503072,Sandvik / EIMCO,Underground LHD,ED10,Fastener,六角头螺栓,,六角头螺栓,EXPLICIT,VERIFIED,HIGH,"ED10 parts manual page 183, item 24",伊泰LS190-ED10配件手册.pdf,445503072 — 六角头螺栓,445503072 六角头螺栓 | ED10 Spare Part,Verified part number 445503072: 六角头螺栓 for ED10. Check equipment compatibility and submit an RFQ to qualified mining spare parts suppliers on KuangpeiYun.,/part-number/445503072,Request Quote,/rfq/new?partNumber=445503072,PUBLISHED_READY,2026-09-18
PN-000466,A2U220-1911098,a2u220-1911098,Sandvik / EIMCO,Underground LHD,ED10,Other,夹板,,夹板,EXPLICIT,VERIFIED,HIGH,"ED10 parts manual page 183, item 27",伊泰LS190-ED10配件手册.pdf,A2U220-1911098 — 夹板,A2U220-1911098 夹板 | ED10 Spare Part,Verified part number A2U220-1911098: 夹板 for ED10. Check equipment compatibility and submit an RFQ to qualified mining spare parts suppliers on KuangpeiYun.,/part-number/a2u220-1911098,Request Quote,/rfq/new?partNumber=A2U220-1911098,PUBLISHED_READY,2026-09-18
PN-000390,A2U130-197628,a2u130-197628,Sandvik / EIMCO,Underground LHD,ED10,Other,罩，补接水箱入口,,罩，补接水箱入口,EXPLICIT,VERIFIED,HIGH,"ED10 parts manual page 183, item 29",伊泰LS190-ED10配件手册.pdf,A2U130-197628 — 罩，补接水箱入口,A2U130-197628 罩，补接水箱入口 | ED10 Spare Part,Verified part number A2U130-197628: 罩，补接水箱入口 for ED10. Check equipment compatibility and submit an RFQ to qualified mining spare parts suppliers on Kuangpe,/part-number/a2u130-197628,Request Quote,/rfq/new?partNumber=A2U130-197628,PUBLISHED_READY,2026-09-18
PN-000503,A2U220-197687,a2u220-197687,Sandvik / EIMCO,Underground LHD,ED10,Engine,罩，补接水箱及燃油箱排放管,,罩，补接水箱及燃油箱排放管,EXPLICIT,VERIFIED,HIGH,"ED10 parts manual page 183, item 30",伊泰LS190-ED10配件手册.pdf,A2U220-197687 — 罩，补接水箱及燃油箱排放管,A2U220-197687 罩，补接水箱及燃油箱排放管 | ED10 Spare Part,Verified part number A2U220-197687: 罩，补接水箱及燃油箱排放管 for ED10. Check equipment compatibility and submit an RFQ to qualified mining spare parts suppliers on Ku,/part-number/a2u220-197687,Request Quote,/rfq/new?partNumber=A2U220-197687,PUBLISHED_READY,2026-09-18
PN-000368,A2U130-192046,a2u130-192046,Sandvik / EIMCO,Underground LHD,ED10,Other,链条及R型夹,,链条及R型夹,EXPLICIT,VERIFIED,HIGH,"ED10 parts manual page 183, item 31",伊泰LS190-ED10配件手册.pdf,A2U130-192046 — 链条及R型夹,A2U130-192046 链条及R型夹 | ED10 Spare Part,Verified part number A2U130-192046: 链条及R型夹 for ED10. Check equipment compatibility and submit an RFQ to qualified mining spare parts suppliers on KuangpeiY,/part-number/a2u130-192046,Request Quote,/rfq/new?partNumber=A2U130-192046,PUBLISHED_READY,2026-09-18
PN-000463,A2U220-1911029,a2u220-1911029,Sandvik / EIMCO,Underground LHD,ED10,Other,夹板,,夹板,EXPLICIT,VERIFIED,HIGH,"ED10 parts manual page 183, item 32",伊泰LS190-ED10配件手册.pdf,A2U220-1911029 — 夹板,A2U220-1911029 夹板 | ED10 Spare Part,Verified part number A2U220-1911029: 夹板 for ED10. Check equipment compatibility and submit an RFQ to qualified mining spare parts suppliers on KuangpeiYun.,/part-number/a2u220-1911029,Request Quote,/rfq/new?partNumber=A2U220-1911029,PUBLISHED_READY,2026-09-18
PN-000506,A2U220-197750,a2u220-197750,Sandvik / EIMCO,Underground LHD,ED10,Other,罩，轮罩拱,,罩，轮罩拱,EXPLICIT,VERIFIED,HIGH,"ED10 parts manual page 183, item 40",伊泰LS190-ED10配件手册.pdf,A2U220-197750 — 罩，轮罩拱,A2U220-197750 罩，轮罩拱 | ED10 Spare Part,Verified part number A2U220-197750: 罩，轮罩拱 for ED10. Check equipment compatibility and submit an RFQ to qualified mining spare parts suppliers on KuangpeiYu,/part-number/a2u220-197750,Request Quote,/rfq/new?partNumber=A2U220-197750,PUBLISHED_READY,2026-09-18
PN-000627,A2U220-491239,a2u220-491239,Sandvik / EIMCO,Underground LHD,ED10,Other,仪表盘,,仪表盘 | 驾驶室显示隔板底盘,EXPLICIT,VERIFIED,HIGH,"ED10 parts manual page 183, item 41; ED10 parts manual page 304, item 6",伊泰LS190-ED10配件手册.pdf,A2U220-491239 — 仪表盘,A2U220-491239 仪表盘 | ED10 Spare Part,Verified part number A2U220-491239: 仪表盘 for ED10. Check equipment compatibility and submit an RFQ to qualified mining spare parts suppliers on KuangpeiYun.,/part-number/a2u220-491239,Request Quote,/rfq/new?partNumber=A2U220-491239,PUBLISHED_READY,2026-09-18
PN-000495,A2U220-197657,a2u220-197657,Sandvik / EIMCO,Underground LHD,ED10,Engine,隔音装置，前发动机顶部罩,,隔音装置，前发动机顶部罩,EXPLICIT,VERIFIED,HIGH,"ED10 parts manual page 183, item 42",伊泰LS190-ED10配件手册.pdf,A2U220-197657 — 隔音装置，前发动机顶部罩,A2U220-197657 隔音装置，前发动机顶部罩 | ED10 Spare Part,Verified part number A2U220-197657: 隔音装置，前发动机顶部罩 for ED10. Check equipment compatibility and submit an RFQ to qualified mining spare parts suppliers on Kua,/part-number/a2u220-197657,Request Quote,/rfq/new?partNumber=A2U220-197657,PUBLISHED_READY,2026-09-18
PN-000496,A2U220-197658,a2u220-197658,Sandvik / EIMCO,Underground LHD,ED10,Engine,隔音装置，后发动机顶部罩,,隔音装置，后发动机顶部罩,EXPLICIT,VERIFIED,HIGH,"ED10 parts manual page 183, item 43",伊泰LS190-ED10配件手册.pdf,A2U220-197658 — 隔音装置，后发动机顶部罩,A2U220-197658 隔音装置，后发动机顶部罩 | ED10 Spare Part,Verified part number A2U220-197658: 隔音装置，后发动机顶部罩 for ED10. Check equipment compatibility and submit an RFQ to qualified mining spare parts suppliers on Kua,/part-number/a2u220-197658,Request Quote,/rfq/new?partNumber=A2U220-197658,PUBLISHED_READY,2026-09-18
PN-000497,A2U220-197660,a2u220-197660,Sandvik / EIMCO,Underground LHD,ED10,Other,隔音装置，上部侧罩,,隔音装置，上部侧罩,EXPLICIT,VERIFIED,HIGH,"ED10 parts manual page 183, item 44",伊泰LS190-ED10配件手册.pdf,A2U220-197660 — 隔音装置，上部侧罩,A2U220-197660 隔音装置，上部侧罩 | ED10 Spare Part,Verified part number A2U220-197660: 隔音装置，上部侧罩 for ED10. Check equipment compatibility and submit an RFQ to qualified mining spare parts suppliers on Kuangp,/part-number/a2u220-197660,Request Quote,/rfq/new?partNumber=A2U220-197660,PUBLISHED_READY,2026-09-18
PN-000498,A2U220-197661,a2u220-197661,Sandvik / EIMCO,Underground LHD,ED10,Other,隔音装置，挡泥板罩，右侧,,隔音装置，挡泥板罩，右侧,EXPLICIT,VERIFIED,HIGH,"ED10 parts manual page 183, item 45",伊泰LS190-ED10配件手册.pdf,A2U220-197661 — 隔音装置，挡泥板罩，右侧,A2U220-197661 隔音装置，挡泥板罩，右侧 | ED10 Spare Part,Verified part number A2U220-197661: 隔音装置，挡泥板罩，右侧 for ED10. Check equipment compatibility and submit an RFQ to qualified mining spare parts suppliers on Kua,/part-number/a2u220-197661,Request Quote,/rfq/new?partNumber=A2U220-197661,PUBLISHED_READY,2026-09-18
PN-000499,A2U220-197662,a2u220-197662,Sandvik / EIMCO,Underground LHD,ED10,Other,隔音装置，挡泥板罩，左侧,,隔音装置，挡泥板罩，左侧,EXPLICIT,VERIFIED,HIGH,"ED10 parts manual page 183, item 46",伊泰LS190-ED10配件手册.pdf,A2U220-197662 — 隔音装置，挡泥板罩，左侧,A2U220-197662 隔音装置，挡泥板罩，左侧 | ED10 Spare Part,Verified part number A2U220-197662: 隔音装置，挡泥板罩，左侧 for ED10. Check equipment compatibility and submit an RFQ to qualified mining spare parts suppliers on Kua,/part-number/a2u220-197662,Request Quote,/rfq/new?partNumber=A2U220-197662,PUBLISHED_READY,2026-09-18
PN-000500,A2U220-197663,a2u220-197663,Sandvik / EIMCO,Underground LHD,ED10,Transmission/Driveline,隔音装置，前变速箱罩,,隔音装置，前变速箱罩,EXPLICIT,VERIFIED,HIGH,"ED10 parts manual page 184, item 47",伊泰LS190-ED10配件手册.pdf,A2U220-197663 — 隔音装置，前变速箱罩,A2U220-197663 隔音装置，前变速箱罩 | ED10 Spare Part,Verified part number A2U220-197663: 隔音装置，前变速箱罩 for ED10. Check equipment compatibility and submit an RFQ to qualified mining spare parts suppliers on Kuang,/part-number/a2u220-197663,Request Quote,/rfq/new?partNumber=A2U220-197663,PUBLISHED_READY,2026-09-18
PN-000501,A2U220-197664,a2u220-197664,Sandvik / EIMCO,Underground LHD,ED10,Transmission/Driveline,隔音装置，变速箱位罩,,隔音装置，变速箱位罩,EXPLICIT,VERIFIED,HIGH,"ED10 parts manual page 184, item 48",伊泰LS190-ED10配件手册.pdf,A2U220-197664 — 隔音装置，变速箱位罩,A2U220-197664 隔音装置，变速箱位罩 | ED10 Spare Part,Verified part number A2U220-197664: 隔音装置，变速箱位罩 for ED10. Check equipment compatibility and submit an RFQ to qualified mining spare parts suppliers on Kuang,/part-number/a2u220-197664,Request Quote,/rfq/new?partNumber=A2U220-197664,PUBLISHED_READY,2026-09-18
PN-000504,A2U220-197692,a2u220-197692,Sandvik / EIMCO,Underground LHD,ED10,Transmission/Driveline,隔音装置，变速箱罩,,隔音装置，变速箱罩,EXPLICIT,VERIFIED,HIGH,"ED10 parts manual page 184, item 49",伊泰LS190-ED10配件手册.pdf,A2U220-197692 — 隔音装置，变速箱罩,A2U220-197692 隔音装置，变速箱罩 | ED10 Spare Part,Verified part number A2U220-197692: 隔音装置，变速箱罩 for ED10. Check equipment compatibility and submit an RFQ to qualified mining spare parts suppliers on Kuangp,/part-number/a2u220-197692,Request Quote,/rfq/new?partNumber=A2U220-197692,PUBLISHED_READY,2026-09-18
PN-000189,450061615,450061615,Sandvik / EIMCO,Underground LHD,ED10,Fastener,平垫圈,,平垫圈,EXPLICIT,VERIFIED,HIGH,"ED10 parts manual page 184, item 50",伊泰LS190-ED10配件手册.pdf,450061615 — 平垫圈,450061615 平垫圈 | ED10 Spare Part,Verified part number 450061615: 平垫圈 for ED10. Check equipment compatibility and submit an RFQ to qualified mining spare parts suppliers on KuangpeiYun.,/part-number/450061615,Request Quote,/rfq/new?partNumber=450061615,PUBLISHED_READY,2026-09-18
PN-000606,A2U220-361013,a2u220-361013,Sandvik / EIMCO,Underground LHD,ED10,Structure,支撑安装,,支撑安装,EXPLICIT,VERIFIED,HIGH,"ED10 parts manual page 186, item 1",伊泰LS190-ED10配件手册.pdf,A2U220-361013 — 支撑安装,A2U220-361013 支撑安装 | ED10 Spare Part,Verified part number A2U220-361013: 支撑安装 for ED10. Check equipment compatibility and submit an RFQ to qualified mining spare parts suppliers on KuangpeiYun,/part-number/a2u220-361013,Request Quote,/rfq/new?partNumber=A2U220-361013,PUBLISHED_READY,2026-09-18
PN-000037,A2U220-194480,a2u220-194480,Sandvik / EIMCO,Underground LHD,ED10,Structure,"Bush, Bolster Hanger",BUSH BOLSTER HANGER ED10 LHD,衬套，支撑吊架,EXPLICIT,VERIFIED,HIGH,"ED10 parts manual page 186, item 2; SANDVIK LS 190-312 PARTS20260228.xlsx, Sheet1, row 80",SANDVIK LS 190-312 PARTS20260228.xlsx | 伊泰LS190-ED10配件手册.pdf,"A2U220-194480 — Bush, Bolster Hanger","A2U220-194480 Bush, Bolster Hanger | ED10 Spare Part","Verified part number A2U220-194480: Bush, Bolster Hanger for ED10. Check equipment compatibility and submit an RFQ to qualified mining spare parts supplier",/part-number/a2u220-194480,Request Quote,/rfq/new?partNumber=A2U220-194480,PUBLISHED_READY,2026-09-18
PN-000057,A2U220-195086,a2u220-195086,Sandvik / EIMCO,Underground LHD,ED10,Seal/Gasket,"Seal, Bolster",SEAL BOLSTER 220 LHD | Seal (BOLSTER),密封，支撑,EXPLICIT,VERIFIED,HIGH,"ED10 parts manual page 186, item 3; SANDVIK LS 190-312 PARTS20260228.xlsx, Sheet1, row 118; SANDVIK LS190-B2285 SPARE PARTS LIST_Mining India_24.03.2026.xlsx, Sheet1, row 224",SANDVIK LS 190-312 PARTS20260228.xlsx | SANDVIK LS190-B2285 SPARE PARTS LIST_Mining India_24.03.2026.xlsx | 伊泰LS190-ED10配件手册.pdf,"A2U220-195086 — Seal, Bolster","A2U220-195086 Seal, Bolster | ED10 Spare Part","Verified part number A2U220-195086: Seal, Bolster for ED10. Check equipment compatibility and submit an RFQ to qualified mining spare parts suppliers on Ku",/part-number/a2u220-195086,Request Quote,/rfq/new?partNumber=A2U220-195086,PUBLISHED_READY,2026-09-18
PN-000056,A2U220-396005,a2u220-396005,Sandvik / EIMCO,Underground LHD,ED10,Seal/Gasket,"Gasket, Bolster",GASKET BOLSTER 220 LHD,衬垫，支撑,EXPLICIT,VERIFIED,HIGH,"ED10 parts manual page 186, item 4; SANDVIK LS 190-312 PARTS20260228.xlsx, Sheet1, row 117",SANDVIK LS 190-312 PARTS20260228.xlsx | 伊泰LS190-ED10配件手册.pdf,"A2U220-396005 — Gasket, Bolster","A2U220-396005 Gasket, Bolster | ED10 Spare Part","Verified part number A2U220-396005: Gasket, Bolster for ED10. Check equipment compatibility and submit an RFQ to qualified mining spare parts suppliers on ",/part-number/a2u220-396005,Request Quote,/rfq/new?partNumber=A2U220-396005,PUBLISHED_READY,2026-09-18
PN-000612,A2U220-391157,a2u220-391157,Sandvik / EIMCO,Underground LHD,ED10,Other,罩,,罩,EXPLICIT,VERIFIED,HIGH,"ED10 parts manual page 186, item 5",伊泰LS190-ED10配件手册.pdf,A2U220-391157 — 罩,A2U220-391157 罩 | ED10 Spare Part,Verified part number A2U220-391157: 罩 for ED10. Check equipment compatibility and submit an RFQ to qualified mining spare parts suppliers on KuangpeiYun.,/part-number/a2u220-391157,Request Quote,/rfq/new?partNumber=A2U220-391157,PUBLISHED_READY,2026-09-18
PN-000476,A2U220-194401,a2u220-194401,Sandvik / EIMCO,Underground LHD,ED10,Other,隔板，轴承,,隔板，轴承,EXPLICIT,VERIFIED,HIGH,"ED10 parts manual page 186, item 8",伊泰LS190-ED10配件手册.pdf,A2U220-194401 — 隔板，轴承,A2U220-194401 隔板，轴承 | ED10 Spare Part,Verified part number A2U220-194401: 隔板，轴承 for ED10. Check equipment compatibility and submit an RFQ to qualified mining spare parts suppliers on KuangpeiYu,/part-number/a2u220-194401,Request Quote,/rfq/new?partNumber=A2U220-194401,PUBLISHED_READY,2026-09-18
PN-001857,SXA5,sxa5,Sandvik / EIMCO,Underground LHD,ED10,Other,RUBBER STOP,RUBBER STOP | Axle Stop,橡胶止挡,EXPLICIT,VERIFIED,HIGH,"ED10 parts manual page 188, item 1; SANDVIK LS 190-312 PARTS20260228.xlsx, Sheet1, row 155; SANDVIK LS190-B2285 SPARE PARTS LIST_Mining India_24.03.2026.xlsx, Sheet1, row 225",SANDVIK LS 190-312 PARTS20260228.xlsx | SANDVIK LS190-B2285 SPARE PARTS LIST_Mining India_24.03.2026.xlsx | 伊泰LS190-ED10配件手册.pdf,SXA5 — RUBBER STOP,SXA5 RUBBER STOP | ED10 Spare Part,Verified part number SXA5: RUBBER STOP for ED10. Check equipment compatibility and submit an RFQ to qualified mining spare parts suppliers on KuangpeiYun.,/part-number/sxa5,Request Quote,/rfq/new?partNumber=SXA5,PUBLISHED_READY,2026-09-18
PN-000743,A2U900-361010,a2u900-361010,Sandvik / EIMCO,Underground LHD,ED10,Structure,RUBBER BUSH MOUNT BOLSTER,RUBBER BUSH MOUNT BOLSTER | Mount Rubber Stop,橡胶衬套安装,EXPLICIT,VERIFIED,HIGH,"ED10 parts manual page 188, item 2; SANDVIK LS 190-312 PARTS20260228.xlsx, Sheet1, row 81; SANDVIK LS190-B2285 SPARE PARTS LIST_Mining India_24.03.2026.xlsx, Sheet1, row 226",SANDVIK LS 190-312 PARTS20260228.xlsx | SANDVIK LS190-B2285 SPARE PARTS LIST_Mining India_24.03.2026.xlsx | 伊泰LS190-ED10配件手册.pdf,A2U900-361010 — RUBBER BUSH MOUNT BOLSTER,A2U900-361010 RUBBER BUSH MOUNT BOLSTER | ED10 Spare Part,Verified part number A2U900-361010: RUBBER BUSH MOUNT BOLSTER for ED10. Check equipment compatibility and submit an RFQ to qualified mining spare parts sup,/part-number/a2u900-361010,Request Quote,/rfq/new?partNumber=A2U900-361010,PUBLISHED_READY,2026-09-18
PN-000301,49502843,49502843,Sandvik / EIMCO,Underground LHD,ED10,Fastener,螺钉,,螺钉,EXPLICIT,VERIFIED,HIGH,"ED10 parts manual page 188, item 4",伊泰LS190-ED10配件手册.pdf,49502843 — 螺钉,49502843 螺钉 | ED10 Spare Part,Verified part number 49502843: 螺钉 for ED10. Check equipment compatibility and submit an RFQ to qualified mining spare parts suppliers on KuangpeiYun.,/part-number/49502843,Request Quote,/rfq/new?partNumber=49502843,PUBLISHED_READY,2026-09-18
PN-000445,A2U220-121135,a2u220-121135,Sandvik / EIMCO,Underground LHD,ED10,Other,ED10-2200毫米顶部高度,,ED10-2200毫米顶部高度,EXPLICIT,VERIFIED,HIGH,"ED10 parts manual page 190, item 1",伊泰LS190-ED10配件手册.pdf,A2U220-121135 — ED10-2200毫米顶部高度,A2U220-121135 ED10-2200毫米顶部高度 | ED10 Spare Part,Verified part number A2U220-121135: ED10-2200毫米顶部高度 for ED10. Check equipment compatibility and submit an RFQ to qualified mining spare parts suppliers on ,/part-number/a2u220-121135,Request Quote,/rfq/new?partNumber=A2U220-121135,PUBLISHED_READY,2026-09-18
PN-000188,4455405082,4455405082,Sandvik / EIMCO,Underground LHD,ED10,Fastener,六角头螺栓,,六角头螺栓,EXPLICIT,VERIFIED,HIGH,"ED10 parts manual page 190, item 2",伊泰LS190-ED10配件手册.pdf,4455405082 — 六角头螺栓,4455405082 六角头螺栓 | ED10 Spare Part,Verified part number 4455405082: 六角头螺栓 for ED10. Check equipment compatibility and submit an RFQ to qualified mining spare parts suppliers on KuangpeiYun.,/part-number/4455405082,Request Quote,/rfq/new?partNumber=4455405082,PUBLISHED_READY,2026-09-18
PN-000693,A2U900-196154,a2u900-196154,Sandvik / EIMCO,Underground LHD,ED10,Fastener,半圆头螺钉,,半圆头螺钉,EXPLICIT,VERIFIED,HIGH,"ED10 parts manual page 190, item 3",伊泰LS190-ED10配件手册.pdf,A2U900-196154 — 半圆头螺钉,A2U900-196154 半圆头螺钉 | ED10 Spare Part,Verified part number A2U900-196154: 半圆头螺钉 for ED10. Check equipment compatibility and submit an RFQ to qualified mining spare parts suppliers on KuangpeiYu,/part-number/a2u900-196154,Request Quote,/rfq/new?partNumber=A2U900-196154,PUBLISHED_READY,2026-09-18
PN-000218,455669044,455669044,Sandvik / EIMCO,Underground LHD,ED10,Fastener,内嵌尼龙螺母,,内嵌尼龙螺母 | 防松螺母,EXPLICIT,VERIFIED,HIGH,"ED10 parts manual page 190, item 6; ED10 parts manual page 209, item 8",伊泰LS190-ED10配件手册.pdf,455669044 — 内嵌尼龙螺母,455669044 内嵌尼龙螺母 | ED10 Spare Part,Verified part number 455669044: 内嵌尼龙螺母 for ED10. Check equipment compatibility and submit an RFQ to qualified mining spare parts suppliers on KuangpeiYun.,/part-number/455669044,Request Quote,/rfq/new?partNumber=455669044,PUBLISHED_READY,2026-09-18
PN-000456,A2U220-162195,a2u220-162195,Sandvik / EIMCO,Underground LHD,ED10,Structure,托架，QDS，10吨LHD,托架，QDS，10吨LHD,,EXPLICIT,VERIFIED,HIGH,"ED10 parts manual page 192, item 1",伊泰LS190-ED10配件手册.pdf,A2U220-162195 — 托架，QDS，10吨LHD,A2U220-162195 托架，QDS，10吨LHD | ED10 Spare Part,Verified part number A2U220-162195: 托架，QDS，10吨LHD for ED10. Check equipment compatibility and submit an RFQ to qualified mining spare parts suppliers on Ku,/part-number/a2u220-162195,Request Quote,/rfq/new?partNumber=A2U220-162195,PUBLISHED_READY,2026-09-18
PN-000369,A2U130-193209,a2u130-193209,Sandvik / EIMCO,Underground LHD,ED10,Structure,销钉安装，QDS,,销钉安装，QDS,EXPLICIT,VERIFIED,HIGH,"ED10 parts manual page 192, item 2",伊泰LS190-ED10配件手册.pdf,A2U130-193209 — 销钉安装，QDS,A2U130-193209 销钉安装，QDS | ED10 Spare Part,Verified part number A2U130-193209: 销钉安装，QDS for ED10. Check equipment compatibility and submit an RFQ to qualified mining spare parts suppliers on Kuangpe,/part-number/a2u130-193209,Request Quote,/rfq/new?partNumber=A2U130-193209,PUBLISHED_READY,2026-09-18
PN-000687,A2U900-171140,a2u900-171140,Sandvik / EIMCO,Underground LHD,ED10,Hose/Fitting,标牌，断开软管,,标牌，断开软管,EXPLICIT,VERIFIED,HIGH,"ED10 parts manual page 192, item 3",伊泰LS190-ED10配件手册.pdf,A2U900-171140 — 标牌，断开软管,A2U900-171140 标牌，断开软管 | ED10 Spare Part,Verified part number A2U900-171140: 标牌，断开软管 for ED10. Check equipment compatibility and submit an RFQ to qualified mining spare parts suppliers on Kuangpei,/part-number/a2u900-171140,Request Quote,/rfq/new?partNumber=A2U900-171140,PUBLISHED_READY,2026-09-18
PN-000841,A2U912-191021,a2u912-191021,Sandvik / EIMCO,Underground LHD,ED10,Steering/Brake,制动楔块,,制动楔块,EXPLICIT,VERIFIED,HIGH,"ED10 parts manual page 192, item 4",伊泰LS190-ED10配件手册.pdf,A2U912-191021 — 制动楔块,A2U912-191021 制动楔块 | ED10 Spare Part,Verified part number A2U912-191021: 制动楔块 for ED10. Check equipment compatibility and submit an RFQ to qualified mining spare parts suppliers on KuangpeiYun,/part-number/a2u912-191021,Request Quote,/rfq/new?partNumber=A2U912-191021,PUBLISHED_READY,2026-09-18
PN-000381,A2U130-193439,a2u130-193439,Sandvik / EIMCO,Underground LHD,ED10,Structure,销钉,,销钉,EXPLICIT,VERIFIED,HIGH,"ED10 parts manual page 192, item 5",伊泰LS190-ED10配件手册.pdf,A2U130-193439 — 销钉,A2U130-193439 销钉 | ED10 Spare Part,Verified part number A2U130-193439: 销钉 for ED10. Check equipment compatibility and submit an RFQ to qualified mining spare parts suppliers on KuangpeiYun.,/part-number/a2u130-193439,Request Quote,/rfq/new?partNumber=A2U130-193439,PUBLISHED_READY,2026-09-18
PN-000843,A2U913-196004,a2u913-196004,Sandvik / EIMCO,Underground LHD,ED10,Seal/Gasket,垫片,,垫片,EXPLICIT,VERIFIED,HIGH,"ED10 parts manual page 192, item 6",伊泰LS190-ED10配件手册.pdf,A2U913-196004 — 垫片,A2U913-196004 垫片 | ED10 Spare Part,Verified part number A2U913-196004: 垫片 for ED10. Check equipment compatibility and submit an RFQ to qualified mining spare parts suppliers on KuangpeiYun.,/part-number/a2u913-196004,Request Quote,/rfq/new?partNumber=A2U913-196004,PUBLISHED_READY,2026-09-18
PN-000871,A2U913-554015,a2u913-554015,Sandvik / EIMCO,Underground LHD,ED10,Other,QDS锁缸造成,,QDS锁缸造成,EXPLICIT,VERIFIED,HIGH,"ED10 parts manual page 192, item 7",伊泰LS190-ED10配件手册.pdf,A2U913-554015 — QDS锁缸造成,A2U913-554015 QDS锁缸造成 | ED10 Spare Part,Verified part number A2U913-554015: QDS锁缸造成 for ED10. Check equipment compatibility and submit an RFQ to qualified mining spare parts suppliers on Kuangpei,/part-number/a2u913-554015,Request Quote,/rfq/new?partNumber=A2U913-554015,PUBLISHED_READY,2026-09-18
PN-001818,EA6003-5,ea6003-5,Sandvik / EIMCO,Underground LHD,ED10,Steering/Brake,制动板,,制动板,EXPLICIT,VERIFIED,HIGH,"ED10 parts manual page 192, item 8",伊泰LS190-ED10配件手册.pdf,EA6003-5 — 制动板,EA6003-5 制动板 | ED10 Spare Part,Verified part number EA6003-5: 制动板 for ED10. Check equipment compatibility and submit an RFQ to qualified mining spare parts suppliers on KuangpeiYun.,/part-number/ea6003-5,Request Quote,/rfq/new?partNumber=EA6003-5,PUBLISHED_READY,2026-09-18
PN-000379,A2U130-193436,a2u130-193436,Sandvik / EIMCO,Underground LHD,ED10,Structure,销钉,,销钉,EXPLICIT,VERIFIED,HIGH,"ED10 parts manual page 192, item 9",伊泰LS190-ED10配件手册.pdf,A2U130-193436 — 销钉,A2U130-193436 销钉 | ED10 Spare Part,Verified part number A2U130-193436: 销钉 for ED10. Check equipment compatibility and submit an RFQ to qualified mining spare parts suppliers on KuangpeiYun.,/part-number/a2u130-193436,Request Quote,/rfq/new?partNumber=A2U130-193436,PUBLISHED_READY,2026-09-18
PN-001823,G754,g754,Sandvik / EIMCO,Underground LHD,ED10,Other,BEARING (I) RB,BEARING (I) RB,轴承（I）,EXPLICIT,VERIFIED,HIGH,"ED10 parts manual page 192, item 10; SANDVIK LS 190-312 PARTS20260228.xlsx, Sheet1, row 153",SANDVIK LS 190-312 PARTS20260228.xlsx | 伊泰LS190-ED10配件手册.pdf,G754 — BEARING (I) RB,G754 BEARING (I) RB | ED10 Spare Part,Verified part number G754: BEARING (I) RB for ED10. Check equipment compatibility and submit an RFQ to qualified mining spare parts suppliers on KuangpeiYu,/part-number/g754,Request Quote,/rfq/new?partNumber=G754,PUBLISHED_READY,2026-09-18
PN-001864,T4GG12,t4gg12,Sandvik / EIMCO,Underground LHD,ED10,Fastener,螺钉,,螺钉,EXPLICIT,VERIFIED,HIGH,"ED10 parts manual page 192, item 12",伊泰LS190-ED10配件手册.pdf,T4GG12 — 螺钉,T4GG12 螺钉 | ED10 Spare Part,Verified part number T4GG12: 螺钉 for ED10. Check equipment compatibility and submit an RFQ to qualified mining spare parts suppliers on KuangpeiYun.,/part-number/t4gg12,Request Quote,/rfq/new?partNumber=T4GG12,PUBLISHED_READY,2026-09-18
PN-001594,D2900-12-240-17,d2900-12-240-17,Sandvik / EIMCO,Underground LHD,ED10,Hose/Fitting,软管安装,,软管安装,EXPLICIT,VERIFIED,HIGH,"ED10 parts manual page 192, item 14",伊泰LS190-ED10配件手册.pdf,D2900-12-240-17 — 软管安装,D2900-12-240-17 软管安装 | ED10 Spare Part,Verified part number D2900-12-240-17: 软管安装 for ED10. Check equipment compatibility and submit an RFQ to qualified mining spare parts suppliers on KuangpeiY,/part-number/d2900-12-240-17,Request Quote,/rfq/new?partNumber=D2900-12-240-17,PUBLISHED_READY,2026-09-18
PN-001616,D2900-4-190-7A,d2900-4-190-7a,Sandvik / EIMCO,Underground LHD,ED10,Hose/Fitting,软管安装,,软管安装,EXPLICIT,VERIFIED,HIGH,"ED10 parts manual page 192, item 15",伊泰LS190-ED10配件手册.pdf,D2900-4-190-7A — 软管安装,D2900-4-190-7A 软管安装 | ED10 Spare Part,Verified part number D2900-4-190-7A: 软管安装 for ED10. Check equipment compatibility and submit an RFQ to qualified mining spare parts suppliers on KuangpeiYu,/part-number/d2900-4-190-7a,Request Quote,/rfq/new?partNumber=D2900-4-190-7A,PUBLISHED_READY,2026-09-18
PN-001638,D2900-8-110-12A,d2900-8-110-12a,Sandvik / EIMCO,Underground LHD,ED10,Hose/Fitting,软管安装,,软管安装,EXPLICIT,VERIFIED,HIGH,"ED10 parts manual page 192, item 16",伊泰LS190-ED10配件手册.pdf,D2900-8-110-12A — 软管安装,D2900-8-110-12A 软管安装 | ED10 Spare Part,Verified part number D2900-8-110-12A: 软管安装 for ED10. Check equipment compatibility and submit an RFQ to qualified mining spare parts suppliers on KuangpeiY,/part-number/d2900-8-110-12a,Request Quote,/rfq/new?partNumber=D2900-8-110-12A,PUBLISHED_READY,2026-09-18
PN-001640,D2900-8-70-12A,d2900-8-70-12a,Sandvik / EIMCO,Underground LHD,ED10,Hose/Fitting,软管安装,,软管安装,EXPLICIT,VERIFIED,HIGH,"ED10 parts manual page 192, item 17",伊泰LS190-ED10配件手册.pdf,D2900-8-70-12A — 软管安装,D2900-8-70-12A 软管安装 | ED10 Spare Part,Verified part number D2900-8-70-12A: 软管安装 for ED10. Check equipment compatibility and submit an RFQ to qualified mining spare parts suppliers on KuangpeiYu,/part-number/d2900-8-70-12a,Request Quote,/rfq/new?partNumber=D2900-8-70-12A,PUBLISHED_READY,2026-09-18
PN-000457,A2U220-162233,a2u220-162233,Sandvik / EIMCO,Underground LHD,ED10,Hydraulic,防护罩，QDS，托架阀块组,,防护罩，QDS，托架阀块组,EXPLICIT,VERIFIED,HIGH,"ED10 parts manual page 192, item 18",伊泰LS190-ED10配件手册.pdf,A2U220-162233 — 防护罩，QDS，托架阀块组,A2U220-162233 防护罩，QDS，托架阀块组 | ED10 Spare Part,Verified part number A2U220-162233: 防护罩，QDS，托架阀块组 for ED10. Check equipment compatibility and submit an RFQ to qualified mining spare parts suppliers on Ku,/part-number/a2u220-162233,Request Quote,/rfq/new?partNumber=A2U220-162233,PUBLISHED_READY,2026-09-18
PN-000137,445208807,445208807,Sandvik / EIMCO,Underground LHD,ED10,Fastener,六角头螺栓,,六角头螺栓,EXPLICIT,VERIFIED,HIGH,"ED10 parts manual page 192, item 19",伊泰LS190-ED10配件手册.pdf,445208807 — 六角头螺栓,445208807 六角头螺栓 | ED10 Spare Part,Verified part number 445208807: 六角头螺栓 for ED10. Check equipment compatibility and submit an RFQ to qualified mining spare parts suppliers on KuangpeiYun.,/part-number/445208807,Request Quote,/rfq/new?partNumber=445208807,PUBLISHED_READY,2026-09-18
PN-000359,A2U130-191417,a2u130-191417,Sandvik / EIMCO,Underground LHD,ED10,Other,端盖,,端盖,EXPLICIT,VERIFIED,HIGH,"ED10 parts manual page 194, item 1",伊泰LS190-ED10配件手册.pdf,A2U130-191417 — 端盖,A2U130-191417 端盖 | ED10 Spare Part,Verified part number A2U130-191417: 端盖 for ED10. Check equipment compatibility and submit an RFQ to qualified mining spare parts suppliers on KuangpeiYun.,/part-number/a2u130-191417,Request Quote,/rfq/new?partNumber=A2U130-191417,PUBLISHED_READY,2026-09-18
PN-000370,A2U130-193210,a2u130-193210,Sandvik / EIMCO,Underground LHD,ED10,Structure,销钉,,销钉,EXPLICIT,VERIFIED,HIGH,"ED10 parts manual page 194, item 2",伊泰LS190-ED10配件手册.pdf,A2U130-193210 — 销钉,A2U130-193210 销钉 | ED10 Spare Part,Verified part number A2U130-193210: 销钉 for ED10. Check equipment compatibility and submit an RFQ to qualified mining spare parts suppliers on KuangpeiYun.,/part-number/a2u130-193210,Request Quote,/rfq/new?partNumber=A2U130-193210,PUBLISHED_READY,2026-09-18
PN-000382,A2U130-194277,a2u130-194277,Sandvik / EIMCO,Underground LHD,ED10,Structure,衬套,,衬套,EXPLICIT,VERIFIED,HIGH,"ED10 parts manual page 194, item 4",伊泰LS190-ED10配件手册.pdf,A2U130-194277 — 衬套,A2U130-194277 衬套 | ED10 Spare Part,Verified part number A2U130-194277: 衬套 for ED10. Check equipment compatibility and submit an RFQ to qualified mining spare parts suppliers on KuangpeiYun.,/part-number/a2u130-194277,Request Quote,/rfq/new?partNumber=A2U130-194277,PUBLISHED_READY,2026-09-18
PN-001885,T8GG16,t8gg16,Sandvik / EIMCO,Underground LHD,ED10,Fastener,螺栓,,螺栓,EXPLICIT,VERIFIED,HIGH,"ED10 parts manual page 194, item 6",伊泰LS190-ED10配件手册.pdf,T8GG16 — 螺栓,T8GG16 螺栓 | ED10 Spare Part,Verified part number T8GG16: 螺栓 for ED10. Check equipment compatibility and submit an RFQ to qualified mining spare parts suppliers on KuangpeiYun.,/part-number/t8gg16,Request Quote,/rfq/new?partNumber=T8GG16,PUBLISHED_READY,2026-09-18
PN-001906,W8GA,w8ga,Sandvik / EIMCO,Underground LHD,ED10,Fastener,垫圈,,垫圈 | 窄垫圈 | 平垫圈 | 弹簧垫圈,EXPLICIT,VERIFIED,HIGH,"ED10 parts manual page 194, item 7; ED10 parts manual page 214, item 28; ED10 parts manual page 216, item 20; ED10 parts manual page 223, item 22; ED10 parts manual page 257, item 16",伊泰LS190-ED10配件手册.pdf,W8GA — 垫圈,W8GA 垫圈 | ED10 Spare Part,Verified part number W8GA: 垫圈 for ED10. Check equipment compatibility and submit an RFQ to qualified mining spare parts suppliers on KuangpeiYun.,/part-number/w8ga,Request Quote,/rfq/new?partNumber=W8GA,PUBLISHED_READY,2026-09-18
PN-000385,A2U130-195063,a2u130-195063,Sandvik / EIMCO,Underground LHD,ED10,Fastener,垫圈，铲斗销钉,,垫圈，铲斗销钉,EXPLICIT,VERIFIED,HIGH,"ED10 parts manual page 194, item 8",伊泰LS190-ED10配件手册.pdf,A2U130-195063 — 垫圈，铲斗销钉,A2U130-195063 垫圈，铲斗销钉 | ED10 Spare Part,Verified part number A2U130-195063: 垫圈，铲斗销钉 for ED10. Check equipment compatibility and submit an RFQ to qualified mining spare parts suppliers on Kuangpei,/part-number/a2u130-195063,Request Quote,/rfq/new?partNumber=A2U130-195063,PUBLISHED_READY,2026-09-18
PN-000872,A2U913-561108,a2u913-561108,Sandvik / EIMCO,Underground LHD,ED10,Structure,管安装,,管安装,EXPLICIT,VERIFIED,HIGH,"ED10 parts manual page 196, item 1",伊泰LS190-ED10配件手册.pdf,A2U913-561108 — 管安装,A2U913-561108 管安装 | ED10 Spare Part,Verified part number A2U913-561108: 管安装 for ED10. Check equipment compatibility and submit an RFQ to qualified mining spare parts suppliers on KuangpeiYun.,/part-number/a2u913-561108,Request Quote,/rfq/new?partNumber=A2U913-561108,PUBLISHED_READY,2026-09-18
PN-000873,A2U913-561109,a2u913-561109,Sandvik / EIMCO,Underground LHD,ED10,Other,活塞杆装配,,活塞杆装配,EXPLICIT,VERIFIED,HIGH,"ED10 parts manual page 196, item 2",伊泰LS190-ED10配件手册.pdf,A2U913-561109 — 活塞杆装配,A2U913-561109 活塞杆装配 | ED10 Spare Part,Verified part number A2U913-561109: 活塞杆装配 for ED10. Check equipment compatibility and submit an RFQ to qualified mining spare parts suppliers on KuangpeiYu,/part-number/a2u913-561109,Request Quote,/rfq/new?partNumber=A2U913-561109,PUBLISHED_READY,2026-09-18
PN-000874,A2U913-561110,a2u913-561110,Sandvik / EIMCO,Underground LHD,ED10,Seal/Gasket,密封压盖,,密封压盖,EXPLICIT,VERIFIED,HIGH,"ED10 parts manual page 196, item 3",伊泰LS190-ED10配件手册.pdf,A2U913-561110 — 密封压盖,A2U913-561110 密封压盖 | ED10 Spare Part,Verified part number A2U913-561110: 密封压盖 for ED10. Check equipment compatibility and submit an RFQ to qualified mining spare parts suppliers on KuangpeiYun,/part-number/a2u913-561110,Request Quote,/rfq/new?partNumber=A2U913-561110,PUBLISHED_READY,2026-09-18
PN-000875,A2U913-561111,a2u913-561111,Sandvik / EIMCO,Underground LHD,ED10,Other,活塞，一半,,活塞，一半,EXPLICIT,VERIFIED,HIGH,"ED10 parts manual page 196, item 4",伊泰LS190-ED10配件手册.pdf,A2U913-561111 — 活塞，一半,A2U913-561111 活塞，一半 | ED10 Spare Part,Verified part number A2U913-561111: 活塞，一半 for ED10. Check equipment compatibility and submit an RFQ to qualified mining spare parts suppliers on KuangpeiYu,/part-number/a2u913-561111,Request Quote,/rfq/new?partNumber=A2U913-561111,PUBLISHED_READY,2026-09-18
PN-000876,A2U913-561112,a2u913-561112,Sandvik / EIMCO,Underground LHD,ED10,Other,凹进活塞，一半,,凹进活塞，一半,EXPLICIT,VERIFIED,HIGH,"ED10 parts manual page 196, item 5",伊泰LS190-ED10配件手册.pdf,A2U913-561112 — 凹进活塞，一半,A2U913-561112 凹进活塞，一半 | ED10 Spare Part,Verified part number A2U913-561112: 凹进活塞，一半 for ED10. Check equipment compatibility and submit an RFQ to qualified mining spare parts suppliers on Kuangpei,/part-number/a2u913-561112,Request Quote,/rfq/new?partNumber=A2U913-561112,PUBLISHED_READY,2026-09-18
PN-000884,A2U913-598044,a2u913-598044,Sandvik / EIMCO,Underground LHD,ED10,Seal/Gasket,密封全套,,密封全套,EXPLICIT,VERIFIED,HIGH,"ED10 parts manual page 196, item 7",伊泰LS190-ED10配件手册.pdf,A2U913-598044 — 密封全套,A2U913-598044 密封全套 | ED10 Spare Part,Verified part number A2U913-598044: 密封全套 for ED10. Check equipment compatibility and submit an RFQ to qualified mining spare parts suppliers on KuangpeiYun,/part-number/a2u913-598044,Request Quote,/rfq/new?partNumber=A2U913-598044,PUBLISHED_READY,2026-09-18
PN-000877,A2U913-561113,a2u913-561113,Sandvik / EIMCO,Underground LHD,ED10,Other,压盖,,压盖,EXPLICIT,VERIFIED,HIGH,"ED10 parts manual page 196, item 8",伊泰LS190-ED10配件手册.pdf,A2U913-561113 — 压盖,A2U913-561113 压盖 | ED10 Spare Part,Verified part number A2U913-561113: 压盖 for ED10. Check equipment compatibility and submit an RFQ to qualified mining spare parts suppliers on KuangpeiYun.,/part-number/a2u913-561113,Request Quote,/rfq/new?partNumber=A2U913-561113,PUBLISHED_READY,2026-09-18
PN-000093,110237,110237,Sandvik / EIMCO,Underground LHD,ED10,Seal/Gasket,SEAL (LIFT ARM GRP),SEAL (LIFT ARM GRP),密封,EXPLICIT,VERIFIED,HIGH,"ED10 parts manual page 199, item 1; SANDVIK LS190-B2285 SPARE PARTS LIST_Mining India_24.03.2026.xlsx, Sheet1, row 219",SANDVIK LS190-B2285 SPARE PARTS LIST_Mining India_24.03.2026.xlsx | 伊泰LS190-ED10配件手册.pdf,110237 — SEAL (LIFT ARM GRP),110237 SEAL (LIFT ARM GRP) | ED10 Spare Part,Verified part number 110237: SEAL (LIFT ARM GRP) for ED10. Check equipment compatibility and submit an RFQ to qualified mining spare parts suppliers on Kua,/part-number/110237,Request Quote,/rfq/new?partNumber=110237,PUBLISHED_READY,2026-09-18
PN-000377,A2U130-193434,a2u130-193434,Sandvik / EIMCO,Underground LHD,ED10,Structure,销钉,,销钉,EXPLICIT,VERIFIED,HIGH,"ED10 parts manual page 199, item 2",伊泰LS190-ED10配件手册.pdf,A2U130-193434 — 销钉,A2U130-193434 销钉 | ED10 Spare Part,Verified part number A2U130-193434: 销钉 for ED10. Check equipment compatibility and submit an RFQ to qualified mining spare parts suppliers on KuangpeiYun.,/part-number/a2u130-193434,Request Quote,/rfq/new?partNumber=A2U130-193434,PUBLISHED_READY,2026-09-18
PN-000472,A2U220-193445,a2u220-193445,Sandvik / EIMCO,Underground LHD,ED10,Structure,销钉,,销钉,EXPLICIT,VERIFIED,HIGH,"ED10 parts manual page 199, item 3",伊泰LS190-ED10配件手册.pdf,A2U220-193445 — 销钉,A2U220-193445 销钉 | ED10 Spare Part,Verified part number A2U220-193445: 销钉 for ED10. Check equipment compatibility and submit an RFQ to qualified mining spare parts suppliers on KuangpeiYun.,/part-number/a2u220-193445,Request Quote,/rfq/new?partNumber=A2U220-193445,PUBLISHED_READY,2026-09-18
PN-000376,A2U130-193432,a2u130-193432,Sandvik / EIMCO,Underground LHD,ED10,Structure,销钉,,销钉,EXPLICIT,VERIFIED,HIGH,"ED10 parts manual page 199, item 4",伊泰LS190-ED10配件手册.pdf,A2U130-193432 — 销钉,A2U130-193432 销钉 | ED10 Spare Part,Verified part number A2U130-193432: 销钉 for ED10. Check equipment compatibility and submit an RFQ to qualified mining spare parts suppliers on KuangpeiYun.,/part-number/a2u130-193432,Request Quote,/rfq/new?partNumber=A2U130-193432,PUBLISHED_READY,2026-09-18
PN-000104,222411,222411,Sandvik / EIMCO,Underground LHD,ED10,Structure,衬套,,衬套,EXPLICIT,VERIFIED,HIGH,"ED10 parts manual page 199, item 5",伊泰LS190-ED10配件手册.pdf,222411 — 衬套,222411 衬套 | ED10 Spare Part,Verified part number 222411: 衬套 for ED10. Check equipment compatibility and submit an RFQ to qualified mining spare parts suppliers on KuangpeiYun.,/part-number/222411,Request Quote,/rfq/new?partNumber=222411,PUBLISHED_READY,2026-09-18
PN-000105,222412,222412,Sandvik / EIMCO,Underground LHD,ED10,Structure,衬套,,衬套,EXPLICIT,VERIFIED,HIGH,"ED10 parts manual page 199, item 6",伊泰LS190-ED10配件手册.pdf,222412 — 衬套,222412 衬套 | ED10 Spare Part,Verified part number 222412: 衬套 for ED10. Check equipment compatibility and submit an RFQ to qualified mining spare parts suppliers on KuangpeiYun.,/part-number/222412,Request Quote,/rfq/new?partNumber=222412,PUBLISHED_READY,2026-09-18
PN-000106,222413,222413,Sandvik / EIMCO,Underground LHD,ED10,Structure,衬套,,衬套,EXPLICIT,VERIFIED,HIGH,"ED10 parts manual page 199, item 7",伊泰LS190-ED10配件手册.pdf,222413 — 衬套,222413 衬套 | ED10 Spare Part,Verified part number 222413: 衬套 for ED10. Check equipment compatibility and submit an RFQ to qualified mining spare parts suppliers on KuangpeiYun.,/part-number/222413,Request Quote,/rfq/new?partNumber=222413,PUBLISHED_READY,2026-09-18
PN-000107,222742,222742,Sandvik / EIMCO,Underground LHD,ED10,Seal/Gasket,垫片,,垫片,EXPLICIT,VERIFIED,HIGH,"ED10 parts manual page 199, item 8",伊泰LS190-ED10配件手册.pdf,222742 — 垫片,222742 垫片 | ED10 Spare Part,Verified part number 222742: 垫片 for ED10. Check equipment compatibility and submit an RFQ to qualified mining spare parts suppliers on KuangpeiYun.,/part-number/222742,Request Quote,/rfq/new?partNumber=222742,PUBLISHED_READY,2026-09-18
PN-000109,226270,226270,Sandvik / EIMCO,Underground LHD,ED10,Seal/Gasket,垫片,,垫片,EXPLICIT,VERIFIED,HIGH,"ED10 parts manual page 199, item 9",伊泰LS190-ED10配件手册.pdf,226270 — 垫片,226270 垫片 | ED10 Spare Part,Verified part number 226270: 垫片 for ED10. Check equipment compatibility and submit an RFQ to qualified mining spare parts suppliers on KuangpeiYun.,/part-number/226270,Request Quote,/rfq/new?partNumber=226270,PUBLISHED_READY,2026-09-18
PN-000110,226271,226271,Sandvik / EIMCO,Underground LHD,ED10,Structure,衬套,,衬套,EXPLICIT,VERIFIED,HIGH,"ED10 parts manual page 199, item 10",伊泰LS190-ED10配件手册.pdf,226271 — 衬套,226271 衬套 | ED10 Spare Part,Verified part number 226271: 衬套 for ED10. Check equipment compatibility and submit an RFQ to qualified mining spare parts suppliers on KuangpeiYun.,/part-number/226271,Request Quote,/rfq/new?partNumber=226271,PUBLISHED_READY,2026-09-18
PN-000455,A2U220-152015,a2u220-152015,Sandvik / EIMCO,Underground LHD,ED10,Other,中间连接焊接,,中间连接焊接,EXPLICIT,VERIFIED,HIGH,"ED10 parts manual page 199, item 11",伊泰LS190-ED10配件手册.pdf,A2U220-152015 — 中间连接焊接,A2U220-152015 中间连接焊接 | ED10 Spare Part,Verified part number A2U220-152015: 中间连接焊接 for ED10. Check equipment compatibility and submit an RFQ to qualified mining spare parts suppliers on KuangpeiY,/part-number/a2u220-152015,Request Quote,/rfq/new?partNumber=A2U220-152015,PUBLISHED_READY,2026-09-18
PN-000113,234221,234221,Sandvik / EIMCO,Underground LHD,ED10,Other,支撑棒,,支撑棒,EXPLICIT,VERIFIED,HIGH,"ED10 parts manual page 199, item 12",伊泰LS190-ED10配件手册.pdf,234221 — 支撑棒,234221 支撑棒 | ED10 Spare Part,Verified part number 234221: 支撑棒 for ED10. Check equipment compatibility and submit an RFQ to qualified mining spare parts suppliers on KuangpeiYun.,/part-number/234221,Request Quote,/rfq/new?partNumber=234221,PUBLISHED_READY,2026-09-18
PN-000375,A2U130-193431,a2u130-193431,Sandvik / EIMCO,Underground LHD,ED10,Structure,销钉,,销钉,EXPLICIT,VERIFIED,HIGH,"ED10 parts manual page 199, item 13",伊泰LS190-ED10配件手册.pdf,A2U130-193431 — 销钉,A2U130-193431 销钉 | ED10 Spare Part,Verified part number A2U130-193431: 销钉 for ED10. Check equipment compatibility and submit an RFQ to qualified mining spare parts suppliers on KuangpeiYun.,/part-number/a2u130-193431,Request Quote,/rfq/new?partNumber=A2U130-193431,PUBLISHED_READY,2026-09-18
PN-000119,247065,247065,Sandvik / EIMCO,Underground LHD,ED10,Structure,衬套，铜,,衬套，铜,EXPLICIT,VERIFIED,HIGH,"ED10 parts manual page 199, item 14",伊泰LS190-ED10配件手册.pdf,247065 — 衬套，铜,247065 衬套，铜 | ED10 Spare Part,Verified part number 247065: 衬套，铜 for ED10. Check equipment compatibility and submit an RFQ to qualified mining spare parts suppliers on KuangpeiYun.,/part-number/247065,Request Quote,/rfq/new?partNumber=247065,PUBLISHED_READY,2026-09-18
PN-000453,A2U220-151037,a2u220-151037,Sandvik / EIMCO,Underground LHD,ED10,Other,升举臂,,升举臂,EXPLICIT,VERIFIED,HIGH,"ED10 parts manual page 199, item 15",伊泰LS190-ED10配件手册.pdf,A2U220-151037 — 升举臂,A2U220-151037 升举臂 | ED10 Spare Part,Verified part number A2U220-151037: 升举臂 for ED10. Check equipment compatibility and submit an RFQ to qualified mining spare parts suppliers on KuangpeiYun.,/part-number/a2u220-151037,Request Quote,/rfq/new?partNumber=A2U220-151037,PUBLISHED_READY,2026-09-18
PN-000454,A2U220-152014,a2u220-152014,Sandvik / EIMCO,Underground LHD,ED10,Other,下拉杆,,下拉杆,EXPLICIT,VERIFIED,HIGH,"ED10 parts manual page 199, item 16",伊泰LS190-ED10配件手册.pdf,A2U220-152014 — 下拉杆,A2U220-152014 下拉杆 | ED10 Spare Part,Verified part number A2U220-152014: 下拉杆 for ED10. Check equipment compatibility and submit an RFQ to qualified mining spare parts suppliers on KuangpeiYun.,/part-number/a2u220-152014,Request Quote,/rfq/new?partNumber=A2U220-152014,PUBLISHED_READY,2026-09-18
PN-000358,A2U130-190122,a2u130-190122,Sandvik / EIMCO,Underground LHD,ED10,Other,举臂锁组,,举臂锁组,EXPLICIT,VERIFIED,HIGH,"ED10 parts manual page 199, item 17",伊泰LS190-ED10配件手册.pdf,A2U130-190122 — 举臂锁组,A2U130-190122 举臂锁组 | ED10 Spare Part,Verified part number A2U130-190122: 举臂锁组 for ED10. Check equipment compatibility and submit an RFQ to qualified mining spare parts suppliers on KuangpeiYun,/part-number/a2u130-190122,Request Quote,/rfq/new?partNumber=A2U130-190122,PUBLISHED_READY,2026-09-18
PN-001834,L210,l210,Sandvik / EIMCO,Underground LHD,ED10,Fastener,螺母,,螺母,EXPLICIT,VERIFIED,HIGH,"ED10 parts manual page 199, item 18",伊泰LS190-ED10配件手册.pdf,L210 — 螺母,L210 螺母 | ED10 Spare Part,Verified part number L210: 螺母 for ED10. Check equipment compatibility and submit an RFQ to qualified mining spare parts suppliers on KuangpeiYun.,/part-number/l210,Request Quote,/rfq/new?partNumber=L210,PUBLISHED_READY,2026-09-18
PN-001858,T10GG104,t10gg104,Sandvik / EIMCO,Underground LHD,ED10,Fastener,螺母,,螺母,EXPLICIT,VERIFIED,HIGH,"ED10 parts manual page 199, item 20",伊泰LS190-ED10配件手册.pdf,T10GG104 — 螺母,T10GG104 螺母 | ED10 Spare Part,Verified part number T10GG104: 螺母 for ED10. Check equipment compatibility and submit an RFQ to qualified mining spare parts suppliers on KuangpeiYun.,/part-number/t10gg104,Request Quote,/rfq/new?partNumber=T10GG104,PUBLISHED_READY,2026-09-18
PN-001859,T10GG12,t10gg12,Sandvik / EIMCO,Underground LHD,ED10,Fastener,螺钉,,螺钉,EXPLICIT,VERIFIED,HIGH,"ED10 parts manual page 199, item 21",伊泰LS190-ED10配件手册.pdf,T10GG12 — 螺钉,T10GG12 螺钉 | ED10 Spare Part,Verified part number T10GG12: 螺钉 for ED10. Check equipment compatibility and submit an RFQ to qualified mining spare parts suppliers on KuangpeiYun.,/part-number/t10gg12,Request Quote,/rfq/new?partNumber=T10GG12,PUBLISHED_READY,2026-09-18
PN-001860,T10GG96,t10gg96,Sandvik / EIMCO,Underground LHD,ED10,Fastener,六角头螺栓,,六角头螺栓,EXPLICIT,VERIFIED,HIGH,"ED10 parts manual page 199, item 22",伊泰LS190-ED10配件手册.pdf,T10GG96 — 六角头螺栓,T10GG96 六角头螺栓 | ED10 Spare Part,Verified part number T10GG96: 六角头螺栓 for ED10. Check equipment compatibility and submit an RFQ to qualified mining spare parts suppliers on KuangpeiYun.,/part-number/t10gg96,Request Quote,/rfq/new?partNumber=T10GG96,PUBLISHED_READY,2026-09-18
PN-001869,T6GG16,t6gg16,Sandvik / EIMCO,Underground LHD,ED10,Fastener,螺钉,,螺钉,EXPLICIT,VERIFIED,HIGH,"ED10 parts manual page 199, item 23",伊泰LS190-ED10配件手册.pdf,T6GG16 — 螺钉,T6GG16 螺钉 | ED10 Spare Part,Verified part number T6GG16: 螺钉 for ED10. Check equipment compatibility and submit an RFQ to qualified mining spare parts suppliers on KuangpeiYun.,/part-number/t6gg16,Request Quote,/rfq/new?partNumber=T6GG16,PUBLISHED_READY,2026-09-18
PN-001896,W10GA,w10ga,Sandvik / EIMCO,Underground LHD,ED10,Fastener,平垫圈,,平垫圈,EXPLICIT,VERIFIED,HIGH,"ED10 parts manual page 199, item 25",伊泰LS190-ED10配件手册.pdf,W10GA — 平垫圈,W10GA 平垫圈 | ED10 Spare Part,Verified part number W10GA: 平垫圈 for ED10. Check equipment compatibility and submit an RFQ to qualified mining spare parts suppliers on KuangpeiYun.,/part-number/w10ga,Request Quote,/rfq/new?partNumber=W10GA,PUBLISHED_READY,2026-09-18
PN-000360,A2U130-191444,a2u130-191444,Sandvik / EIMCO,Underground LHD,ED10,Other,凸耳，举臂,,凸耳，举臂,EXPLICIT,VERIFIED,HIGH,"ED10 parts manual page 201, item 1",伊泰LS190-ED10配件手册.pdf,A2U130-191444 — 凸耳，举臂,A2U130-191444 凸耳，举臂 | ED10 Spare Part,Verified part number A2U130-191444: 凸耳，举臂 for ED10. Check equipment compatibility and submit an RFQ to qualified mining spare parts suppliers on KuangpeiYu,/part-number/a2u130-191444,Request Quote,/rfq/new?partNumber=A2U130-191444,PUBLISHED_READY,2026-09-18
PN-000361,A2U130-191445,a2u130-191445,Sandvik / EIMCO,Underground LHD,ED10,Other,凸耳，车架,,凸耳，车架,EXPLICIT,VERIFIED,HIGH,"ED10 parts manual page 201, item 2",伊泰LS190-ED10配件手册.pdf,A2U130-191445 — 凸耳，车架,A2U130-191445 凸耳，车架 | ED10 Spare Part,Verified part number A2U130-191445: 凸耳，车架 for ED10. Check equipment compatibility and submit an RFQ to qualified mining spare parts suppliers on KuangpeiYu,/part-number/a2u130-191445,Request Quote,/rfq/new?partNumber=A2U130-191445,PUBLISHED_READY,2026-09-18
PN-000371,A2U130-193218,a2u130-193218,Sandvik / EIMCO,Underground LHD,ED10,Structure,销，锁,,销，锁,EXPLICIT,VERIFIED,HIGH,"ED10 parts manual page 201, item 3",伊泰LS190-ED10配件手册.pdf,A2U130-193218 — 销，锁,A2U130-193218 销，锁 | ED10 Spare Part,Verified part number A2U130-193218: 销，锁 for ED10. Check equipment compatibility and submit an RFQ to qualified mining spare parts suppliers on KuangpeiYun.,/part-number/a2u130-193218,Request Quote,/rfq/new?partNumber=A2U130-193218,PUBLISHED_READY,2026-09-18
PN-000842,A2U913-192001,a2u913-192001,Sandvik / EIMCO,Underground LHD,ED10,Other,链条,,链条,EXPLICIT,VERIFIED,HIGH,"ED10 parts manual page 201, item 4",伊泰LS190-ED10配件手册.pdf,A2U913-192001 — 链条,A2U913-192001 链条 | ED10 Spare Part,Verified part number A2U913-192001: 链条 for ED10. Check equipment compatibility and submit an RFQ to qualified mining spare parts suppliers on KuangpeiYun.,/part-number/a2u913-192001,Request Quote,/rfq/new?partNumber=A2U913-192001,PUBLISHED_READY,2026-09-18
PN-000055,A2U900-694064,a2u900-694064,Sandvik / EIMCO,Underground LHD,ED10,Steering/Brake,Park Brake Valve,VALVE PARK BRAKE,阀，驻车刹车,EXPLICIT,VERIFIED,HIGH,"ED10 parts manual page 203, item 2; SANDVIK LS 190-312 PARTS20260228.xlsx, Sheet1, row 115",SANDVIK LS 190-312 PARTS20260228.xlsx | 伊泰LS190-ED10配件手册.pdf,A2U900-694064 — Park Brake Valve,A2U900-694064 Park Brake Valve | ED10 Spare Part,Verified part number A2U900-694064: Park Brake Valve for ED10. Check equipment compatibility and submit an RFQ to qualified mining spare parts suppliers on,/part-number/a2u900-694064,Request Quote,/rfq/new?partNumber=A2U900-694064,PUBLISHED_READY,2026-09-18
PN-000011,AFP1006-5,afp1006-5,Sandvik / EIMCO,Underground LHD,ED10,Electrical,Toggle / On-Off Valve — Methane Bypass,ON/OFF切换开关 | TOGGLE SWITCH | ON-OFF TOGGLE SWITCH -,阀，甲烷旁通 | 拨动开关,EXPLICIT,VERIFIED,HIGH,ED10 manual page 203 lists AFP1006-5 in park brake/door interlock group as methane bypass valve; page 304 lists the same PN as toggle switch. Historical LS190 PO calls it ON-OFF TOGGLE SWITCH. The manual itself supports both functional descriptions.,Purchase Order-Shanxi.xlsx | SANDVIK LS 190-312 PARTS20260228.xlsx | SANDVIK LS190-B2285 SPARE PARTS LIST_Mining India_24.03.2026.xlsx | 伊泰LS190-ED10配件手册.pdf | 山特维克ls190-20260806.xlsx,AFP1006-5 — Toggle / On-Off Valve — Methane Bypass,AFP1006-5 Toggle / On-Off Valve — Methane Bypass | ED10 Spar,Verified part number AFP1006-5: Toggle / On-Off Valve — Methane Bypass for ED10. Check equipment compatibility and submit an RFQ to qualified mining spare ,/part-number/afp1006-5,Request Quote,/rfq/new?partNumber=AFP1006-5,PUBLISHED_READY,2026-09-18
PN-000825,A2U900-690011,a2u900-690011,Sandvik / EIMCO,Underground LHD,ED10,Other,驻车刹车透镜指示器（故障孔）,,驻车刹车透镜指示器（故障孔）,EXPLICIT,VERIFIED,HIGH,"ED10 parts manual page 203, item 4",伊泰LS190-ED10配件手册.pdf,A2U900-690011 — 驻车刹车透镜指示器（故障孔）,A2U900-690011 驻车刹车透镜指示器（故障孔） | ED10 Spare Part,Verified part number A2U900-690011: 驻车刹车透镜指示器（故障孔） for ED10. Check equipment compatibility and submit an RFQ to qualified mining spare parts suppliers on K,/part-number/a2u900-690011,Request Quote,/rfq/new?partNumber=A2U900-690011,PUBLISHED_READY,2026-09-18
PN-000826,A2U900-690018,a2u900-690018,Sandvik / EIMCO,Underground LHD,ED10,Other,甲烷指示器透镜,,甲烷指示器透镜 | 指示灯\气压指示器黑/绿,EXPLICIT,VERIFIED,HIGH,"ED10 parts manual page 203, item 5; 山特维克ls190-20260806.xlsx, Sheet1, row 11",伊泰LS190-ED10配件手册.pdf | 山特维克ls190-20260806.xlsx,A2U900-690018 — 甲烷指示器透镜,A2U900-690018 甲烷指示器透镜 | ED10 Spare Part,Verified part number A2U900-690018: 甲烷指示器透镜 for ED10. Check equipment compatibility and submit an RFQ to qualified mining spare parts suppliers on Kuangpei,/part-number/a2u900-690018,Request Quote,/rfq/new?partNumber=A2U900-690018,PUBLISHED_READY,2026-09-18
PN-000663,A2U220-594393,a2u220-594393,Sandvik / EIMCO,Underground LHD,ED10,Other,仪表隔离装置（未显示）,,仪表隔离装置（未显示） | 隔离阀 | 仪表绝缘体,EXPLICIT,VERIFIED,HIGH,"ED10 parts manual page 203, item 6; ED10 parts manual page 237, item 3; ED10 parts manual page 240, item 9",伊泰LS190-ED10配件手册.pdf,A2U220-594393 — 仪表隔离装置（未显示）,A2U220-594393 仪表隔离装置（未显示） | ED10 Spare Part,Verified part number A2U220-594393: 仪表隔离装置（未显示） for ED10. Check equipment compatibility and submit an RFQ to qualified mining spare parts suppliers on Kuan,/part-number/a2u220-594393,Request Quote,/rfq/new?partNumber=A2U220-594393,PUBLISHED_READY,2026-09-18
PN-000830,A2U900-694078,a2u900-694078,Sandvik / EIMCO,Underground LHD,"ED10, LS190",Other,SILENCER,SILENCER | AIR SILENCER | AIR SILENCER -,消音器,EXPLICIT,VERIFIED,HIGH,"ED10 parts manual page 203, item 7; SANDVIK LS190-B2285 SPARE PARTS LIST_Mining India_24.03.2026.xlsx, Sheet1, row 116; SANDVIK LS190-B2285 SPARE PARTS LIST_Mining India_24.03.2026.xlsx, Sheet1, row 190; Purchase Order-Shanxi.xlsx, Sheet1, row 25; Purchase Order-Shanxi.xlsx, Sheet1, row 34",Purchase Order-Shanxi.xlsx | SANDVIK LS190-B2285 SPARE PARTS LIST_Mining India_24.03.2026.xlsx | 伊泰LS190-ED10配件手册.pdf,A2U900-694078 — SILENCER,"A2U900-694078 SILENCER | ED10, LS190 Spare Part","Verified part number A2U900-694078: SILENCER for ED10, LS190. Check equipment compatibility and submit an RFQ to qualified mining spare parts suppliers on ",/part-number/a2u900-694078,Request Quote,/rfq/new?partNumber=A2U900-694078,PUBLISHED_READY,2026-09-18
PN-001570,D227-0907,d227-0907,Sandvik / EIMCO,Underground LHD,ED10,Hose/Fitting,90度弯头,,90度弯头,EXPLICIT,VERIFIED,HIGH,"ED10 parts manual page 203, item 10",伊泰LS190-ED10配件手册.pdf,D227-0907 — 90度弯头,D227-0907 90度弯头 | ED10 Spare Part,Verified part number D227-0907: 90度弯头 for ED10. Check equipment compatibility and submit an RFQ to qualified mining spare parts suppliers on KuangpeiYun.,/part-number/d227-0907,Request Quote,/rfq/new?partNumber=D227-0907,PUBLISHED_READY,2026-09-18
PN-001792,DA82-777,da82-777,Sandvik / EIMCO,Underground LHD,ED10,Other,三通,,三通,EXPLICIT,VERIFIED,HIGH,"ED10 parts manual page 203, item 11",伊泰LS190-ED10配件手册.pdf,DA82-777 — 三通,DA82-777 三通 | ED10 Spare Part,Verified part number DA82-777: 三通 for ED10. Check equipment compatibility and submit an RFQ to qualified mining spare parts suppliers on KuangpeiYun.,/part-number/da82-777,Request Quote,/rfq/new?partNumber=DA82-777,PUBLISHED_READY,2026-09-18
PN-000047,A2U900-694075,a2u900-694075,Sandvik / EIMCO,Underground LHD,"ED10, LS190",Hydraulic,CompAir 3/2 Valve,"VALVE, COMPAIR 3/2 | VALVE | VALVE -",阀，门互锁（未显示） | 阀门,EXPLICIT,VERIFIED,HIGH,"ED10 parts manual page 203, item 12; 山特维克ls190-20260806.xlsx, Sheet1, row 18; SANDVIK LS 190-312 PARTS20260228.xlsx, Sheet1, row 94; SANDVIK LS190-B2285 SPARE PARTS LIST_Mining India_24.03.2026.xlsx, Sheet1, row 189; Purchase Order-Shanxi.xlsx, Sheet1, row 33",Purchase Order-Shanxi.xlsx | SANDVIK LS 190-312 PARTS20260228.xlsx | SANDVIK LS190-B2285 SPARE PARTS LIST_Mining India_24.03.2026.xlsx | 伊泰LS190-ED10配件手册.pdf | 山特维克ls190-20260806.xlsx,A2U900-694075 — CompAir 3/2 Valve,"A2U900-694075 CompAir 3/2 Valve | ED10, LS190 Spare Part","Verified part number A2U900-694075: CompAir 3/2 Valve for ED10, LS190. Check equipment compatibility and submit an RFQ to qualified mining spare parts supp",/part-number/a2u900-694075,Request Quote,/rfq/new?partNumber=A2U900-694075,PUBLISHED_READY,2026-09-18
PN-001518,D15-0407,d15-0407,Sandvik / EIMCO,Underground LHD,ED10,Hose/Fitting,接头,,接头,EXPLICIT,VERIFIED,HIGH,"ED10 parts manual page 203, item 14",伊泰LS190-ED10配件手册.pdf,D15-0407 — 接头,D15-0407 接头 | ED10 Spare Part,Verified part number D15-0407: 接头 for ED10. Check equipment compatibility and submit an RFQ to qualified mining spare parts suppliers on KuangpeiYun.,/part-number/d15-0407,Request Quote,/rfq/new?partNumber=D15-0407,PUBLISHED_READY,2026-09-18
PN-001656,D37-0202,d37-0202,Sandvik / EIMCO,Underground LHD,ED10,Hose/Fitting,90度弯头,,90度弯头 | 弯头,EXPLICIT,VERIFIED,HIGH,"ED10 parts manual page 203, item 15; ED10 parts manual page 275, item 27",伊泰LS190-ED10配件手册.pdf,D37-0202 — 90度弯头,D37-0202 90度弯头 | ED10 Spare Part,Verified part number D37-0202: 90度弯头 for ED10. Check equipment compatibility and submit an RFQ to qualified mining spare parts suppliers on KuangpeiYun.,/part-number/d37-0202,Request Quote,/rfq/new?partNumber=D37-0202,PUBLISHED_READY,2026-09-18
PN-000795,A2U900-594294,a2u900-594294,Sandvik / EIMCO,Underground LHD,ED10,Hydraulic,"阀，空气先导, OP 双 向阀，带VITON密封",,"阀，空气先导, OP 双 向阀，带VITON密封",EXPLICIT,VERIFIED,HIGH,"ED10 parts manual page 203, item 16",伊泰LS190-ED10配件手册.pdf,"A2U900-594294 — 阀，空气先导, OP 双 向阀，带VITON密封","A2U900-594294 阀，空气先导, OP 双 向阀，带VITON密封 | ED10 Spare Part","Verified part number A2U900-594294: 阀，空气先导, OP 双 向阀，带VITON密封 for ED10. Check equipment compatibility and submit an RFQ to qualified mining spare parts supp",/part-number/a2u900-594294,Request Quote,/rfq/new?partNumber=A2U900-594294,PUBLISHED_READY,2026-09-18
PN-001799,DE17-0207,de17-0207,Sandvik / EIMCO,Underground LHD,ED10,Hose/Fitting,弯头,,弯头,EXPLICIT,VERIFIED,HIGH,"ED10 parts manual page 203, item 17",伊泰LS190-ED10配件手册.pdf,DE17-0207 — 弯头,DE17-0207 弯头 | ED10 Spare Part,Verified part number DE17-0207: 弯头 for ED10. Check equipment compatibility and submit an RFQ to qualified mining spare parts suppliers on KuangpeiYun.,/part-number/de17-0207,Request Quote,/rfq/new?partNumber=DE17-0207,PUBLISHED_READY,2026-09-18
PN-000363,A2U130-191716,a2u130-191716,Sandvik / EIMCO,Underground LHD,ED10,Transmission/Driveline,托架，变速箱隔离阀,,托架，变速箱隔离阀,EXPLICIT,VERIFIED,HIGH,"ED10 parts manual page 203, item 18",伊泰LS190-ED10配件手册.pdf,A2U130-191716 — 托架，变速箱隔离阀,A2U130-191716 托架，变速箱隔离阀 | ED10 Spare Part,Verified part number A2U130-191716: 托架，变速箱隔离阀 for ED10. Check equipment compatibility and submit an RFQ to qualified mining spare parts suppliers on Kuangp,/part-number/a2u130-191716,Request Quote,/rfq/new?partNumber=A2U130-191716,PUBLISHED_READY,2026-09-18
PN-001565,D226-0907,d226-0907,Sandvik / EIMCO,Underground LHD,ED10,Hose/Fitting,接头,,接头 | 直接头,EXPLICIT,VERIFIED,HIGH,"ED10 parts manual page 203, item 19; ED10 parts manual page 240, item 12",伊泰LS190-ED10配件手册.pdf,D226-0907 — 接头,D226-0907 接头 | ED10 Spare Part,Verified part number D226-0907: 接头 for ED10. Check equipment compatibility and submit an RFQ to qualified mining spare parts suppliers on KuangpeiYun.,/part-number/d226-0907,Request Quote,/rfq/new?partNumber=D226-0907,PUBLISHED_READY,2026-09-18
PN-000621,A2U220-471074,a2u220-471074,Sandvik / EIMCO,Underground LHD,ED10,Other,仪表盘，驾驶室显示,,仪表盘，驾驶室显示,EXPLICIT,VERIFIED,HIGH,"ED10 parts manual page 203, item 20",伊泰LS190-ED10配件手册.pdf,A2U220-471074 — 仪表盘，驾驶室显示,A2U220-471074 仪表盘，驾驶室显示 | ED10 Spare Part,Verified part number A2U220-471074: 仪表盘，驾驶室显示 for ED10. Check equipment compatibility and submit an RFQ to qualified mining spare parts suppliers on Kuangp,/part-number/a2u220-471074,Request Quote,/rfq/new?partNumber=A2U220-471074,PUBLISHED_READY,2026-09-18
PN-000628,A2U220-491241,a2u220-491241,Sandvik / EIMCO,Underground LHD,ED10,Structure,托架，安装驾驶室显示,,托架，安装驾驶室显示 | 托座安装，驾驶室显示,EXPLICIT,VERIFIED,HIGH,"ED10 parts manual page 203, item 21; ED10 parts manual page 304, item 17",伊泰LS190-ED10配件手册.pdf,A2U220-491241 — 托架，安装驾驶室显示,A2U220-491241 托架，安装驾驶室显示 | ED10 Spare Part,Verified part number A2U220-491241: 托架，安装驾驶室显示 for ED10. Check equipment compatibility and submit an RFQ to qualified mining spare parts suppliers on Kuang,/part-number/a2u220-491241,Request Quote,/rfq/new?partNumber=A2U220-491241,PUBLISHED_READY,2026-09-18
PN-000629,A2U220-491242,a2u220-491242,Sandvik / EIMCO,Underground LHD,ED10,Other,罩，驾驶室显示（未显示）,,罩，驾驶室显示（未显示） | 盖，驾驶室显示,EXPLICIT,VERIFIED,HIGH,"ED10 parts manual page 203, item 22; ED10 parts manual page 304, item 18",伊泰LS190-ED10配件手册.pdf,A2U220-491242 — 罩，驾驶室显示（未显示）,A2U220-491242 罩，驾驶室显示（未显示） | ED10 Spare Part,Verified part number A2U220-491242: 罩，驾驶室显示（未显示） for ED10. Check equipment compatibility and submit an RFQ to qualified mining spare parts suppliers on Kua,/part-number/a2u220-491242,Request Quote,/rfq/new?partNumber=A2U220-491242,PUBLISHED_READY,2026-09-18
PN-001784,DA81-020707,da81-020707,Sandvik / EIMCO,Underground LHD,ED10,Other,三通,,三通,EXPLICIT,VERIFIED,HIGH,"ED10 parts manual page 203, item 25",伊泰LS190-ED10配件手册.pdf,DA81-020707 — 三通,DA81-020707 三通 | ED10 Spare Part,Verified part number DA81-020707: 三通 for ED10. Check equipment compatibility and submit an RFQ to qualified mining spare parts suppliers on KuangpeiYun.,/part-number/da81-020707,Request Quote,/rfq/new?partNumber=DA81-020707,PUBLISHED_READY,2026-09-18
PN-001557,D21-0402,d21-0402,Sandvik / EIMCO,Underground LHD,ED10,Other,NPT REDUCER,NPT REDUCER,异径衬套,EXPLICIT,VERIFIED,HIGH,"ED10 parts manual page 203, item 26; SANDVIK LS190-B2285 SPARE PARTS LIST_Mining India_24.03.2026.xlsx, Sheet1, row 40",SANDVIK LS190-B2285 SPARE PARTS LIST_Mining India_24.03.2026.xlsx | 伊泰LS190-ED10配件手册.pdf,D21-0402 — NPT REDUCER,D21-0402 NPT REDUCER | ED10 Spare Part,Verified part number D21-0402: NPT REDUCER for ED10. Check equipment compatibility and submit an RFQ to qualified mining spare parts suppliers on KuangpeiY,/part-number/d21-0402,Request Quote,/rfq/new?partNumber=D21-0402,PUBLISHED_READY,2026-09-18
PN-000760,A2U900-471093,a2u900-471093,Sandvik / EIMCO,Underground LHD,ED10,Electrical,甲烷开关闭锁,,甲烷开关闭锁 | 盖，仪表盘液压室,EXPLICIT,VERIFIED,HIGH,"ED10 parts manual page 203, item 27; ED10 parts manual page 304, item 16",伊泰LS190-ED10配件手册.pdf,A2U900-471093 — 甲烷开关闭锁,A2U900-471093 甲烷开关闭锁 | ED10 Spare Part,Verified part number A2U900-471093: 甲烷开关闭锁 for ED10. Check equipment compatibility and submit an RFQ to qualified mining spare parts suppliers on KuangpeiY,/part-number/a2u900-471093,Request Quote,/rfq/new?partNumber=A2U900-471093,PUBLISHED_READY,2026-09-18
PN-000407,A2U130-411029,a2u130-411029,Sandvik / EIMCO,Underground LHD,ED10,Other,座位T形靠背，球铰接底座,,座位T形靠背，球铰接底座,EXPLICIT,VERIFIED,HIGH,"ED10 parts manual page 205, item 1",伊泰LS190-ED10配件手册.pdf,A2U130-411029 — 座位T形靠背，球铰接底座,A2U130-411029 座位T形靠背，球铰接底座 | ED10 Spare Part,Verified part number A2U130-411029: 座位T形靠背，球铰接底座 for ED10. Check equipment compatibility and submit an RFQ to qualified mining spare parts suppliers on Kua,/part-number/a2u130-411029,Request Quote,/rfq/new?partNumber=A2U130-411029,PUBLISHED_READY,2026-09-18
PN-000619,A2U220-413051,a2u220-413051,Sandvik / EIMCO,Underground LHD,ED10,Other,座位调节器ED10,,座位调节器ED10,EXPLICIT,VERIFIED,HIGH,"ED10 parts manual page 205, item 2",伊泰LS190-ED10配件手册.pdf,A2U220-413051 — 座位调节器ED10,A2U220-413051 座位调节器ED10 | ED10 Spare Part,Verified part number A2U220-413051: 座位调节器ED10 for ED10. Check equipment compatibility and submit an RFQ to qualified mining spare parts suppliers on Kuangp,/part-number/a2u220-413051,Request Quote,/rfq/new?partNumber=A2U220-413051,PUBLISHED_READY,2026-09-18
PN-000852,A2U913-412006,a2u913-412006,Sandvik / EIMCO,Underground LHD,ED10,Other,悬架，座位,,悬架，座位,EXPLICIT,VERIFIED,HIGH,"ED10 parts manual page 205, item 3",伊泰LS190-ED10配件手册.pdf,A2U913-412006 — 悬架，座位,A2U913-412006 悬架，座位 | ED10 Spare Part,Verified part number A2U913-412006: 悬架，座位 for ED10. Check equipment compatibility and submit an RFQ to qualified mining spare parts suppliers on KuangpeiYu,/part-number/a2u913-412006,Request Quote,/rfq/new?partNumber=A2U913-412006,PUBLISHED_READY,2026-09-18
PN-000854,A2U913-413001,a2u913-413001,Sandvik / EIMCO,Underground LHD,ED10,Other,底座,,底座,EXPLICIT,VERIFIED,HIGH,"ED10 parts manual page 207, item 1",伊泰LS190-ED10配件手册.pdf,A2U913-413001 — 底座,A2U913-413001 底座 | ED10 Spare Part,Verified part number A2U913-413001: 底座 for ED10. Check equipment compatibility and submit an RFQ to qualified mining spare parts suppliers on KuangpeiYun.,/part-number/a2u913-413001,Request Quote,/rfq/new?partNumber=A2U913-413001,PUBLISHED_READY,2026-09-18
PN-000855,A2U913-413002,a2u913-413002,Sandvik / EIMCO,Underground LHD,ED10,Other,杆臂,,杆臂,EXPLICIT,VERIFIED,HIGH,"ED10 parts manual page 207, item 2",伊泰LS190-ED10配件手册.pdf,A2U913-413002 — 杆臂,A2U913-413002 杆臂 | ED10 Spare Part,Verified part number A2U913-413002: 杆臂 for ED10. Check equipment compatibility and submit an RFQ to qualified mining spare parts suppliers on KuangpeiYun.,/part-number/a2u913-413002,Request Quote,/rfq/new?partNumber=A2U913-413002,PUBLISHED_READY,2026-09-18
PN-000856,A2U913-413003,a2u913-413003,Sandvik / EIMCO,Underground LHD,ED10,Structure,气垫安装,,气垫安装,EXPLICIT,VERIFIED,HIGH,"ED10 parts manual page 207, item 3",伊泰LS190-ED10配件手册.pdf,A2U913-413003 — 气垫安装,A2U913-413003 气垫安装 | ED10 Spare Part,Verified part number A2U913-413003: 气垫安装 for ED10. Check equipment compatibility and submit an RFQ to qualified mining spare parts suppliers on KuangpeiYun,/part-number/a2u913-413003,Request Quote,/rfq/new?partNumber=A2U913-413003,PUBLISHED_READY,2026-09-18
PN-000857,A2U913-413004,a2u913-413004,Sandvik / EIMCO,Underground LHD,ED10,Other,水平及高度调节装置,,水平及高度调节装置,EXPLICIT,VERIFIED,HIGH,"ED10 parts manual page 207, item 4",伊泰LS190-ED10配件手册.pdf,A2U913-413004 — 水平及高度调节装置,A2U913-413004 水平及高度调节装置 | ED10 Spare Part,Verified part number A2U913-413004: 水平及高度调节装置 for ED10. Check equipment compatibility and submit an RFQ to qualified mining spare parts suppliers on Kuangp,/part-number/a2u913-413004,Request Quote,/rfq/new?partNumber=A2U913-413004,PUBLISHED_READY,2026-09-18
PN-000858,A2U913-413005,a2u913-413005,Sandvik / EIMCO,Underground LHD,ED10,Structure,座位安装，左,,座位安装，左,EXPLICIT,VERIFIED,HIGH,"ED10 parts manual page 207, item 5",伊泰LS190-ED10配件手册.pdf,A2U913-413005 — 座位安装，左,A2U913-413005 座位安装，左 | ED10 Spare Part,Verified part number A2U913-413005: 座位安装，左 for ED10. Check equipment compatibility and submit an RFQ to qualified mining spare parts suppliers on KuangpeiY,/part-number/a2u913-413005,Request Quote,/rfq/new?partNumber=A2U913-413005,PUBLISHED_READY,2026-09-18
PN-000859,A2U913-413006,a2u913-413006,Sandvik / EIMCO,Underground LHD,ED10,Structure,座位安装，右,,座位安装，右,EXPLICIT,VERIFIED,HIGH,"ED10 parts manual page 207, item 6",伊泰LS190-ED10配件手册.pdf,A2U913-413006 — 座位安装，右,A2U913-413006 座位安装，右 | ED10 Spare Part,Verified part number A2U913-413006: 座位安装，右 for ED10. Check equipment compatibility and submit an RFQ to qualified mining spare parts suppliers on KuangpeiY,/part-number/a2u913-413006,Request Quote,/rfq/new?partNumber=A2U913-413006,PUBLISHED_READY,2026-09-18
PN-000860,A2U913-413007,a2u913-413007,Sandvik / EIMCO,Underground LHD,ED10,Other,Shock Absorber,Shock Absorber,减震器,EXPLICIT,VERIFIED,HIGH,"ED10 parts manual page 207, item 7; SANDVIK LS190-B2285 SPARE PARTS LIST_Mining India_24.03.2026.xlsx, Sheet1, row 470",SANDVIK LS190-B2285 SPARE PARTS LIST_Mining India_24.03.2026.xlsx | 伊泰LS190-ED10配件手册.pdf,A2U913-413007 — Shock Absorber,A2U913-413007 Shock Absorber | ED10 Spare Part,Verified part number A2U913-413007: Shock Absorber for ED10. Check equipment compatibility and submit an RFQ to qualified mining spare parts suppliers on K,/part-number/a2u913-413007,Request Quote,/rfq/new?partNumber=A2U913-413007,PUBLISHED_READY,2026-09-18
PN-000861,A2U913-413008,a2u913-413008,Sandvik / EIMCO,Underground LHD,ED10,Other,氨基甲酸乙酯减震器,,氨基甲酸乙酯减震器,EXPLICIT,VERIFIED,HIGH,"ED10 parts manual page 207, item 8",伊泰LS190-ED10配件手册.pdf,A2U913-413008 — 氨基甲酸乙酯减震器,A2U913-413008 氨基甲酸乙酯减震器 | ED10 Spare Part,Verified part number A2U913-413008: 氨基甲酸乙酯减震器 for ED10. Check equipment compatibility and submit an RFQ to qualified mining spare parts suppliers on Kuangp,/part-number/a2u913-413008,Request Quote,/rfq/new?partNumber=A2U913-413008,PUBLISHED_READY,2026-09-18
PN-000862,A2U913-413009,a2u913-413009,Sandvik / EIMCO,Underground LHD,ED10,Other,法兰球轴承,,法兰球轴承,EXPLICIT,VERIFIED,HIGH,"ED10 parts manual page 207, item 9",伊泰LS190-ED10配件手册.pdf,A2U913-413009 — 法兰球轴承,A2U913-413009 法兰球轴承 | ED10 Spare Part,Verified part number A2U913-413009: 法兰球轴承 for ED10. Check equipment compatibility and submit an RFQ to qualified mining spare parts suppliers on KuangpeiYu,/part-number/a2u913-413009,Request Quote,/rfq/new?partNumber=A2U913-413009,PUBLISHED_READY,2026-09-18
PN-001868,T6GG,t6gg,Sandvik / EIMCO,Underground LHD,ED10,Fastener,螺母,,螺母,EXPLICIT,VERIFIED,HIGH,"ED10 parts manual page 207, item 10",伊泰LS190-ED10配件手册.pdf,T6GG — 螺母,T6GG 螺母 | ED10 Spare Part,Verified part number T6GG: 螺母 for ED10. Check equipment compatibility and submit an RFQ to qualified mining spare parts suppliers on KuangpeiYun.,/part-number/t6gg,Request Quote,/rfq/new?partNumber=T6GG,PUBLISHED_READY,2026-09-18
PN-000863,A2U913-413010,a2u913-413010,Sandvik / EIMCO,Underground LHD,ED10,Fastener,螺母,,螺母,EXPLICIT,VERIFIED,HIGH,"ED10 parts manual page 207, item 11",伊泰LS190-ED10配件手册.pdf,A2U913-413010 — 螺母,A2U913-413010 螺母 | ED10 Spare Part,Verified part number A2U913-413010: 螺母 for ED10. Check equipment compatibility and submit an RFQ to qualified mining spare parts suppliers on KuangpeiYun.,/part-number/a2u913-413010,Request Quote,/rfq/new?partNumber=A2U913-413010,PUBLISHED_READY,2026-09-18
PN-000864,A2U913-413011,a2u913-413011,Sandvik / EIMCO,Underground LHD,ED10,Fastener,垫圈,,垫圈,EXPLICIT,VERIFIED,HIGH,"ED10 parts manual page 207, item 12",伊泰LS190-ED10配件手册.pdf,A2U913-413011 — 垫圈,A2U913-413011 垫圈 | ED10 Spare Part,Verified part number A2U913-413011: 垫圈 for ED10. Check equipment compatibility and submit an RFQ to qualified mining spare parts suppliers on KuangpeiYun.,/part-number/a2u913-413011,Request Quote,/rfq/new?partNumber=A2U913-413011,PUBLISHED_READY,2026-09-18
PN-001872,T6GG24,t6gg24,Sandvik / EIMCO,Underground LHD,ED10,Fastener,螺钉,,螺钉 | 六角头螺栓,EXPLICIT,VERIFIED,HIGH,"ED10 parts manual page 207, item 13; ED10 parts manual page 225, item 6; ED10 parts manual page 283, item 6",伊泰LS190-ED10配件手册.pdf,T6GG24 — 螺钉,T6GG24 螺钉 | ED10 Spare Part,Verified part number T6GG24: 螺钉 for ED10. Check equipment compatibility and submit an RFQ to qualified mining spare parts suppliers on KuangpeiYun.,/part-number/t6gg24,Request Quote,/rfq/new?partNumber=T6GG24,PUBLISHED_READY,2026-09-18
PN-000865,A2U913-413013,a2u913-413013,Sandvik / EIMCO,Underground LHD,ED10,Fastener,双头螺栓,,双头螺栓,EXPLICIT,VERIFIED,HIGH,"ED10 parts manual page 207, item 14",伊泰LS190-ED10配件手册.pdf,A2U913-413013 — 双头螺栓,A2U913-413013 双头螺栓 | ED10 Spare Part,Verified part number A2U913-413013: 双头螺栓 for ED10. Check equipment compatibility and submit an RFQ to qualified mining spare parts suppliers on KuangpeiYun,/part-number/a2u913-413013,Request Quote,/rfq/new?partNumber=A2U913-413013,PUBLISHED_READY,2026-09-18
PN-000866,A2U913-413014,a2u913-413014,Sandvik / EIMCO,Underground LHD,ED10,Other,气垫,,气垫,EXPLICIT,VERIFIED,HIGH,"ED10 parts manual page 207, item 15",伊泰LS190-ED10配件手册.pdf,A2U913-413014 — 气垫,A2U913-413014 气垫 | ED10 Spare Part,Verified part number A2U913-413014: 气垫 for ED10. Check equipment compatibility and submit an RFQ to qualified mining spare parts suppliers on KuangpeiYun.,/part-number/a2u913-413014,Request Quote,/rfq/new?partNumber=A2U913-413014,PUBLISHED_READY,2026-09-18
PN-001907,W8GF,w8gf,Sandvik / EIMCO,Underground LHD,ED10,Fastener,弹簧垫圈,,弹簧垫圈 | 平垫圈,EXPLICIT,VERIFIED,HIGH,"ED10 parts manual page 207, item 16; ED10 parts manual page 216, item 21; ED10 parts manual page 223, item 21; ED10 parts manual page 235, item 19; ED10 parts manual page 254, item 9; ED10 parts manual page 257, item 15; ED10 parts manual page 319, item 15",伊泰LS190-ED10配件手册.pdf,W8GF — 弹簧垫圈,W8GF 弹簧垫圈 | ED10 Spare Part,Verified part number W8GF: 弹簧垫圈 for ED10. Check equipment compatibility and submit an RFQ to qualified mining spare parts suppliers on KuangpeiYun.,/part-number/w8gf,Request Quote,/rfq/new?partNumber=W8GF,PUBLISHED_READY,2026-09-18
PN-000853,A2U913-412007,a2u913-412007,Sandvik / EIMCO,Underground LHD,ED10,Structure,座位托架,,座位托架,EXPLICIT,VERIFIED,HIGH,"ED10 parts manual page 207, item 17",伊泰LS190-ED10配件手册.pdf,A2U913-412007 — 座位托架,A2U913-412007 座位托架 | ED10 Spare Part,Verified part number A2U913-412007: 座位托架 for ED10. Check equipment compatibility and submit an RFQ to qualified mining spare parts suppliers on KuangpeiYun,/part-number/a2u913-412007,Request Quote,/rfq/new?partNumber=A2U913-412007,PUBLISHED_READY,2026-09-18
PN-001900,W2MWM397F,w2mwm397f,Sandvik / EIMCO,Underground LHD,ED10,Hydraulic,座位阀,,座位阀,EXPLICIT,VERIFIED,HIGH,"ED10 parts manual page 207, item 18",伊泰LS190-ED10配件手册.pdf,W2MWM397F — 座位阀,W2MWM397F 座位阀 | ED10 Spare Part,Verified part number W2MWM397F: 座位阀 for ED10. Check equipment compatibility and submit an RFQ to qualified mining spare parts suppliers on KuangpeiYun.,/part-number/w2mwm397f,Request Quote,/rfq/new?partNumber=W2MWM397F,PUBLISHED_READY,2026-09-18
PN-000867,A2U913-413044,a2u913-413044,Sandvik / EIMCO,Underground LHD,ED10,Structure,SHOCK ABSORBER BUSH,SHOCK ABSORBER BUSH,衬套,EXPLICIT,VERIFIED,HIGH,"ED10 parts manual page 207, item 19; SANDVIK LS190-B2285 SPARE PARTS LIST_Mining India_24.03.2026.xlsx, Sheet1, row 469",SANDVIK LS190-B2285 SPARE PARTS LIST_Mining India_24.03.2026.xlsx | 伊泰LS190-ED10配件手册.pdf,A2U913-413044 — SHOCK ABSORBER BUSH,A2U913-413044 SHOCK ABSORBER BUSH | ED10 Spare Part,Verified part number A2U913-413044: SHOCK ABSORBER BUSH for ED10. Check equipment compatibility and submit an RFQ to qualified mining spare parts suppliers,/part-number/a2u913-413044,Request Quote,/rfq/new?partNumber=A2U913-413044,PUBLISHED_READY,2026-09-18
PN-000868,A2U913-413045,a2u913-413045,Sandvik / EIMCO,Underground LHD,ED10,Structure,衬套,,衬套,EXPLICIT,VERIFIED,HIGH,"ED10 parts manual page 207, item 20",伊泰LS190-ED10配件手册.pdf,A2U913-413045 — 衬套,A2U913-413045 衬套 | ED10 Spare Part,Verified part number A2U913-413045: 衬套 for ED10. Check equipment compatibility and submit an RFQ to qualified mining spare parts suppliers on KuangpeiYun.,/part-number/a2u913-413045,Request Quote,/rfq/new?partNumber=A2U913-413045,PUBLISHED_READY,2026-09-18
PN-000383,A2U130-194285,a2u130-194285,Sandvik / EIMCO,Underground LHD,"ED10, LS190",Structure,BUSH DOOR,BUSH DOOR | BUSH DOOR -,衬套,EXPLICIT,VERIFIED,HIGH,"ED10 parts manual page 209, item 1; SANDVIK LS190-B2285 SPARE PARTS LIST_Mining India_24.03.2026.xlsx, Sheet1, row 181; Purchase Order-Shanxi.xlsx, Sheet1, row 32",Purchase Order-Shanxi.xlsx | SANDVIK LS190-B2285 SPARE PARTS LIST_Mining India_24.03.2026.xlsx | 伊泰LS190-ED10配件手册.pdf,A2U130-194285 — BUSH DOOR,"A2U130-194285 BUSH DOOR | ED10, LS190 Spare Part","Verified part number A2U130-194285: BUSH DOOR for ED10, LS190. Check equipment compatibility and submit an RFQ to qualified mining spare parts suppliers on",/part-number/a2u130-194285,Request Quote,/rfq/new?partNumber=A2U130-194285,PUBLISHED_READY,2026-09-18
PN-000410,A2U130-487079,a2u130-487079,Sandvik / EIMCO,Underground LHD,ED10,Other,门,,门,EXPLICIT,VERIFIED,HIGH,"ED10 parts manual page 209, item 2",伊泰LS190-ED10配件手册.pdf,A2U130-487079 — 门,A2U130-487079 门 | ED10 Spare Part,Verified part number A2U130-487079: 门 for ED10. Check equipment compatibility and submit an RFQ to qualified mining spare parts suppliers on KuangpeiYun.,/part-number/a2u130-487079,Request Quote,/rfq/new?partNumber=A2U130-487079,PUBLISHED_READY,2026-09-18
PN-000411,A2U130-491132,a2u130-491132,Sandvik / EIMCO,Underground LHD,ED10,Other,铰接,,铰接,EXPLICIT,VERIFIED,HIGH,"ED10 parts manual page 209, item 3",伊泰LS190-ED10配件手册.pdf,A2U130-491132 — 铰接,A2U130-491132 铰接 | ED10 Spare Part,Verified part number A2U130-491132: 铰接 for ED10. Check equipment compatibility and submit an RFQ to qualified mining spare parts suppliers on KuangpeiYun.,/part-number/a2u130-491132,Request Quote,/rfq/new?partNumber=A2U130-491132,PUBLISHED_READY,2026-09-18
PN-000413,A2U130-491175,a2u130-491175,Sandvik / EIMCO,Underground LHD,ED10,Other,托片,,托片,EXPLICIT,VERIFIED,HIGH,"ED10 parts manual page 209, item 4",伊泰LS190-ED10配件手册.pdf,A2U130-491175 — 托片,A2U130-491175 托片 | ED10 Spare Part,Verified part number A2U130-491175: 托片 for ED10. Check equipment compatibility and submit an RFQ to qualified mining spare parts suppliers on KuangpeiYun.,/part-number/a2u130-491175,Request Quote,/rfq/new?partNumber=A2U130-491175,PUBLISHED_READY,2026-09-18
PN-000412,A2U130-491134,a2u130-491134,Sandvik / EIMCO,Underground LHD,ED10,Other,夹片,,夹片,EXPLICIT,VERIFIED,HIGH,"ED10 parts manual page 209, item 5",伊泰LS190-ED10配件手册.pdf,A2U130-491134 — 夹片,A2U130-491134 夹片 | ED10 Spare Part,Verified part number A2U130-491134: 夹片 for ED10. Check equipment compatibility and submit an RFQ to qualified mining spare parts suppliers on KuangpeiYun.,/part-number/a2u130-491134,Request Quote,/rfq/new?partNumber=A2U130-491134,PUBLISHED_READY,2026-09-18
PN-000196,450065518,450065518,Sandvik / EIMCO,Underground LHD,ED10,Fastener,垫圈,,垫圈,EXPLICIT,VERIFIED,HIGH,"ED10 parts manual page 209, item 6",伊泰LS190-ED10配件手册.pdf,450065518 — 垫圈,450065518 垫圈 | ED10 Spare Part,Verified part number 450065518: 垫圈 for ED10. Check equipment compatibility and submit an RFQ to qualified mining spare parts suppliers on KuangpeiYun.,/part-number/450065518,Request Quote,/rfq/new?partNumber=450065518,PUBLISHED_READY,2026-09-18
PN-000154,445403089,445403089,Sandvik / EIMCO,Underground LHD,ED10,Fastener,螺栓,,螺栓,EXPLICIT,VERIFIED,HIGH,"ED10 parts manual page 209, item 9",伊泰LS190-ED10配件手册.pdf,445403089 — 螺栓,445403089 螺栓 | ED10 Spare Part,Verified part number 445403089: 螺栓 for ED10. Check equipment compatibility and submit an RFQ to qualified mining spare parts suppliers on KuangpeiYun.,/part-number/445403089,Request Quote,/rfq/new?partNumber=445403089,PUBLISHED_READY,2026-09-18
PN-000182,445503070,445503070,Sandvik / EIMCO,Underground LHD,ED10,Fastener,螺栓,,螺栓,EXPLICIT,VERIFIED,HIGH,"ED10 parts manual page 209, item 10",伊泰LS190-ED10配件手册.pdf,445503070 — 螺栓,445503070 螺栓 | ED10 Spare Part,Verified part number 445503070: 螺栓 for ED10. Check equipment compatibility and submit an RFQ to qualified mining spare parts suppliers on KuangpeiYun.,/part-number/445503070,Request Quote,/rfq/new?partNumber=445503070,PUBLISHED_READY,2026-09-18
PN-000395,A2U130-255294,a2u130-255294,Sandvik / EIMCO,Underground LHD,ED10,Hydraulic,阀块,,阀块,EXPLICIT,VERIFIED,HIGH,"ED10 parts manual page 211, item 1",伊泰LS190-ED10配件手册.pdf,A2U130-255294 — 阀块,A2U130-255294 阀块 | ED10 Spare Part,Verified part number A2U130-255294: 阀块 for ED10. Check equipment compatibility and submit an RFQ to qualified mining spare parts suppliers on KuangpeiYun.,/part-number/a2u130-255294,Request Quote,/rfq/new?partNumber=A2U130-255294,PUBLISHED_READY,2026-09-18
PN-000393,A2U130-255220,a2u130-255220,Sandvik / EIMCO,Underground LHD,ED10,Hydraulic,杆，润滑阀块,,杆，润滑阀块,EXPLICIT,VERIFIED,HIGH,"ED10 parts manual page 211, item 2",伊泰LS190-ED10配件手册.pdf,A2U130-255220 — 杆，润滑阀块,A2U130-255220 杆，润滑阀块 | ED10 Spare Part,Verified part number A2U130-255220: 杆，润滑阀块 for ED10. Check equipment compatibility and submit an RFQ to qualified mining spare parts suppliers on KuangpeiY,/part-number/a2u130-255220,Request Quote,/rfq/new?partNumber=A2U130-255220,PUBLISHED_READY,2026-09-18
PN-001523,D15-27,d15-27,Sandvik / EIMCO,Underground LHD,ED10,Hose/Fitting,接头,,接头,EXPLICIT,VERIFIED,HIGH,"ED10 parts manual page 211, item 3",伊泰LS190-ED10配件手册.pdf,D15-27 — 接头,D15-27 接头 | ED10 Spare Part,Verified part number D15-27: 接头 for ED10. Check equipment compatibility and submit an RFQ to qualified mining spare parts suppliers on KuangpeiYun.,/part-number/d15-27,Request Quote,/rfq/new?partNumber=D15-27,PUBLISHED_READY,2026-09-18
PN-001675,D41-27,d41-27,Sandvik / EIMCO,Underground LHD,ED10,Hose/Fitting,弯头,,弯头 | 45 度弯头,EXPLICIT,VERIFIED,HIGH,"ED10 parts manual page 211, item 5; ED10 parts manual page 294, item 9",伊泰LS190-ED10配件手册.pdf,D41-27 — 弯头,D41-27 弯头 | ED10 Spare Part,Verified part number D41-27: 弯头 for ED10. Check equipment compatibility and submit an RFQ to qualified mining spare parts suppliers on KuangpeiYun.,/part-number/d41-27,Request Quote,/rfq/new?partNumber=D41-27,PUBLISHED_READY,2026-09-18
PN-001847,P1FGC,p1fgc,Sandvik / EIMCO,Underground LHD,ED10,Hose/Fitting,润滑接头,,润滑接头,EXPLICIT,VERIFIED,HIGH,"ED10 parts manual page 211, item 7",伊泰LS190-ED10配件手册.pdf,P1FGC — 润滑接头,P1FGC 润滑接头 | ED10 Spare Part,Verified part number P1FGC: 润滑接头 for ED10. Check equipment compatibility and submit an RFQ to qualified mining spare parts suppliers on KuangpeiYun.,/part-number/p1fgc,Request Quote,/rfq/new?partNumber=P1FGC,PUBLISHED_READY,2026-09-18
PN-000437,A2U130-599417,a2u130-599417,Sandvik / EIMCO,Underground LHD,ED10,Hose/Fitting,软管工具箱,,软管工具箱,EXPLICIT,VERIFIED,HIGH,"ED10 parts manual page 211, item 8",伊泰LS190-ED10配件手册.pdf,A2U130-599417 — 软管工具箱,A2U130-599417 软管工具箱 | ED10 Spare Part,Verified part number A2U130-599417: 软管工具箱 for ED10. Check equipment compatibility and submit an RFQ to qualified mining spare parts suppliers on KuangpeiYu,/part-number/a2u130-599417,Request Quote,/rfq/new?partNumber=A2U130-599417,PUBLISHED_READY,2026-09-18
PN-000002,64804381,64804381,Sandvik / EIMCO,Underground LHD,ED10,Seal/Gasket,Plate / Gasket (64100925 Mentioned),"PLATE, GASKET WAS ALSO 64100925 | GASKET SAE C- 4 BOLT MOUNT",衬垫,EXPLICIT,VERIFIED,HIGH,"ED10 parts manual page 214, item 1; SANDVIK LS 190-312 PARTS20260228.xlsx, Sheet1, row 4; SANDVIK LS190-B2285 SPARE PARTS LIST_Mining India_24.03.2026.xlsx, Sheet1, row 70",SANDVIK LS 190-312 PARTS20260228.xlsx | SANDVIK LS190-B2285 SPARE PARTS LIST_Mining India_24.03.2026.xlsx | 伊泰LS190-ED10配件手册.pdf,64804381 — Plate / Gasket (64100925 Mentioned),64804381 Plate / Gasket (64100925 Mentioned) | ED10 Spare Pa,Verified part number 64804381: Plate / Gasket (64100925 Mentioned) for ED10. Check equipment compatibility and submit an RFQ to qualified mining spare part,/part-number/64804381,Request Quote,/rfq/new?partNumber=64804381,PUBLISHED_READY,2026-09-18
PN-000604,A2U220-331062,a2u220-331062,Sandvik / EIMCO,Underground LHD,ED10,Hose/Fitting,接头,,接头,EXPLICIT,VERIFIED,HIGH,"ED10 parts manual page 214, item 2",伊泰LS190-ED10配件手册.pdf,A2U220-331062 — 接头,A2U220-331062 接头 | ED10 Spare Part,Verified part number A2U220-331062: 接头 for ED10. Check equipment compatibility and submit an RFQ to qualified mining spare parts suppliers on KuangpeiYun.,/part-number/a2u220-331062,Request Quote,/rfq/new?partNumber=A2U220-331062,PUBLISHED_READY,2026-09-18
PN-000632,A2U220-510052,a2u220-510052,Sandvik / EIMCO,Underground LHD,ED10,Hydraulic,驾驶员一侧泵,,驾驶员一侧泵,EXPLICIT,VERIFIED,HIGH,"ED10 parts manual page 214, item 3",伊泰LS190-ED10配件手册.pdf,A2U220-510052 — 驾驶员一侧泵,A2U220-510052 驾驶员一侧泵 | ED10 Spare Part,Verified part number A2U220-510052: 驾驶员一侧泵 for ED10. Check equipment compatibility and submit an RFQ to qualified mining spare parts suppliers on KuangpeiY,/part-number/a2u220-510052,Request Quote,/rfq/new?partNumber=A2U220-510052,PUBLISHED_READY,2026-09-18
PN-000633,A2U220-510053,a2u220-510053,Sandvik / EIMCO,Underground LHD,ED10,Hydraulic,驾驶员另一侧泵,,驾驶员另一侧泵,EXPLICIT,VERIFIED,HIGH,"ED10 parts manual page 214, item 4",伊泰LS190-ED10配件手册.pdf,A2U220-510053 — 驾驶员另一侧泵,A2U220-510053 驾驶员另一侧泵 | ED10 Spare Part,Verified part number A2U220-510053: 驾驶员另一侧泵 for ED10. Check equipment compatibility and submit an RFQ to qualified mining spare parts suppliers on Kuangpei,/part-number/a2u220-510053,Request Quote,/rfq/new?partNumber=A2U220-510053,PUBLISHED_READY,2026-09-18
PN-000636,A2U220-511064,a2u220-511064,Sandvik / EIMCO,Underground LHD,ED10,Other,适配器,,适配器,EXPLICIT,VERIFIED,HIGH,"ED10 parts manual page 214, item 5",伊泰LS190-ED10配件手册.pdf,A2U220-511064 — 适配器,A2U220-511064 适配器 | ED10 Spare Part,Verified part number A2U220-511064: 适配器 for ED10. Check equipment compatibility and submit an RFQ to qualified mining spare parts suppliers on KuangpeiYun.,/part-number/a2u220-511064,Request Quote,/rfq/new?partNumber=A2U220-511064,PUBLISHED_READY,2026-09-18
PN-000637,A2U220-511066,a2u220-511066,Sandvik / EIMCO,Underground LHD,ED10,Hydraulic,变矩器－泵隔板,,变矩器－泵隔板,EXPLICIT,VERIFIED,HIGH,"ED10 parts manual page 214, item 6",伊泰LS190-ED10配件手册.pdf,A2U220-511066 — 变矩器－泵隔板,A2U220-511066 变矩器－泵隔板 | ED10 Spare Part,Verified part number A2U220-511066: 变矩器－泵隔板 for ED10. Check equipment compatibility and submit an RFQ to qualified mining spare parts suppliers on Kuangpei,/part-number/a2u220-511066,Request Quote,/rfq/new?partNumber=A2U220-511066,PUBLISHED_READY,2026-09-18
PN-000638,A2U220-511067,a2u220-511067,Sandvik / EIMCO,Underground LHD,ED10,Seal/Gasket,改进型端部密封压盖,,改进型端部密封压盖,EXPLICIT,VERIFIED,HIGH,"ED10 parts manual page 214, item 7",伊泰LS190-ED10配件手册.pdf,A2U220-511067 — 改进型端部密封压盖,A2U220-511067 改进型端部密封压盖 | ED10 Spare Part,Verified part number A2U220-511067: 改进型端部密封压盖 for ED10. Check equipment compatibility and submit an RFQ to qualified mining spare parts suppliers on Kuangp,/part-number/a2u220-511067,Request Quote,/rfq/new?partNumber=A2U220-511067,PUBLISHED_READY,2026-09-18
PN-000639,A2U220-511073,a2u220-511073,Sandvik / EIMCO,Underground LHD,ED10,Other,花键,,花键,EXPLICIT,VERIFIED,HIGH,"ED10 parts manual page 214, item 8",伊泰LS190-ED10配件手册.pdf,A2U220-511073 — 花键,A2U220-511073 花键 | ED10 Spare Part,Verified part number A2U220-511073: 花键 for ED10. Check equipment compatibility and submit an RFQ to qualified mining spare parts suppliers on KuangpeiYun.,/part-number/a2u220-511073,Request Quote,/rfq/new?partNumber=A2U220-511073,PUBLISHED_READY,2026-09-18
PN-001297,CL233125,cl233125,Sandvik / EIMCO,Underground LHD,ED10,Seal/Gasket,衬垫,,衬垫,EXPLICIT,VERIFIED,HIGH,"ED10 parts manual page 214, item 10",伊泰LS190-ED10配件手册.pdf,CL233125 — 衬垫,CL233125 衬垫 | ED10 Spare Part,Verified part number CL233125: 衬垫 for ED10. Check equipment compatibility and submit an RFQ to qualified mining spare parts suppliers on KuangpeiYun.,/part-number/cl233125,Request Quote,/rfq/new?partNumber=CL233125,PUBLISHED_READY,2026-09-18
PN-001489,CL801346,cl801346,Sandvik / EIMCO,Underground LHD,ED10,Hose/Fitting,COUPLING,COUPLING,通过驱动接头,EXPLICIT,VERIFIED,HIGH,"ED10 parts manual page 214, item 12; SANDVIK LS190-B2285 SPARE PARTS LIST_Mining India_24.03.2026.xlsx, Sheet1, row 73",SANDVIK LS190-B2285 SPARE PARTS LIST_Mining India_24.03.2026.xlsx | 伊泰LS190-ED10配件手册.pdf,CL801346 — COUPLING,CL801346 COUPLING | ED10 Spare Part,Verified part number CL801346: COUPLING for ED10. Check equipment compatibility and submit an RFQ to qualified mining spare parts suppliers on KuangpeiYun.,/part-number/cl801346,Request Quote,/rfq/new?partNumber=CL801346,PUBLISHED_READY,2026-09-18
PN-001539,D17-1212,d17-1212,Sandvik / EIMCO,Underground LHD,ED10,Hose/Fitting,弯头,,弯头 | 90度弯头,EXPLICIT,VERIFIED,HIGH,"ED10 parts manual page 214, item 14; ED10 parts manual page 296, item 7",伊泰LS190-ED10配件手册.pdf,D17-1212 — 弯头,D17-1212 弯头 | ED10 Spare Part,Verified part number D17-1212: 弯头 for ED10. Check equipment compatibility and submit an RFQ to qualified mining spare parts suppliers on KuangpeiYun.,/part-number/d17-1212,Request Quote,/rfq/new?partNumber=D17-1212,PUBLISHED_READY,2026-09-18
PN-001542,D17-1621,d17-1621,Sandvik / EIMCO,Underground LHD,ED10,Hose/Fitting,弯头,,弯头 | 90度弯头,EXPLICIT,VERIFIED,HIGH,"ED10 parts manual page 214, item 15; ED10 parts manual page 294, item 5",伊泰LS190-ED10配件手册.pdf,D17-1621 — 弯头,D17-1621 弯头 | ED10 Spare Part,Verified part number D17-1621: 弯头 for ED10. Check equipment compatibility and submit an RFQ to qualified mining spare parts suppliers on KuangpeiYun.,/part-number/d17-1621,Request Quote,/rfq/new?partNumber=D17-1621,PUBLISHED_READY,2026-09-18
PN-001560,D21-1612,d21-1612,Sandvik / EIMCO,Underground LHD,ED10,Seal/Gasket,异径衬垫,,异径衬垫,EXPLICIT,VERIFIED,HIGH,"ED10 parts manual page 214, item 16",伊泰LS190-ED10配件手册.pdf,D21-1612 — 异径衬垫,D21-1612 异径衬垫 | ED10 Spare Part,Verified part number D21-1612: 异径衬垫 for ED10. Check equipment compatibility and submit an RFQ to qualified mining spare parts suppliers on KuangpeiYun.,/part-number/d21-1612,Request Quote,/rfq/new?partNumber=D21-1612,PUBLISHED_READY,2026-09-18
PN-001681,D50-0707,d50-0707,Sandvik / EIMCO,Underground LHD,ED10,Hose/Fitting,弯头,,弯头,EXPLICIT,VERIFIED,HIGH,"ED10 parts manual page 214, item 17; ED10 parts manual page 230, item 15",伊泰LS190-ED10配件手册.pdf,D50-0707 — 弯头,D50-0707 弯头 | ED10 Spare Part,Verified part number D50-0707: 弯头 for ED10. Check equipment compatibility and submit an RFQ to qualified mining spare parts suppliers on KuangpeiYun.,/part-number/d50-0707,Request Quote,/rfq/new?partNumber=D50-0707,PUBLISHED_READY,2026-09-18
PN-001721,D53-1717,d53-1717,Sandvik / EIMCO,Underground LHD,ED10,Hose/Fitting,弯头,,弯头 | 90度弯头,EXPLICIT,VERIFIED,HIGH,"ED10 parts manual page 214, item 19; ED10 parts manual page 216, item 10; ED10 parts manual page 218, item 11; ED10 parts manual page 220, item 5; ED10 parts manual page 251, item 17; ED10 parts manual page 262, item 10",伊泰LS190-ED10配件手册.pdf,D53-1717 — 弯头,D53-1717 弯头 | ED10 Spare Part,Verified part number D53-1717: 弯头 for ED10. Check equipment compatibility and submit an RFQ to qualified mining spare parts suppliers on KuangpeiYun.,/part-number/d53-1717,Request Quote,/rfq/new?partNumber=D53-1717,PUBLISHED_READY,2026-09-18
PN-001723,D53-2121,d53-2121,Sandvik / EIMCO,Underground LHD,ED10,Hose/Fitting,弯头,,弯头,EXPLICIT,VERIFIED,HIGH,"ED10 parts manual page 214, item 20; ED10 parts manual page 285, item 10",伊泰LS190-ED10配件手册.pdf,D53-2121 — 弯头,D53-2121 弯头 | ED10 Spare Part,Verified part number D53-2121: 弯头 for ED10. Check equipment compatibility and submit an RFQ to qualified mining spare parts suppliers on KuangpeiYun.,/part-number/d53-2121,Request Quote,/rfq/new?partNumber=D53-2121,PUBLISHED_READY,2026-09-18
PN-001724,D53-2621,d53-2621,Sandvik / EIMCO,Underground LHD,ED10,Hose/Fitting,弯头,,弯头,EXPLICIT,VERIFIED,HIGH,"ED10 parts manual page 214, item 21",伊泰LS190-ED10配件手册.pdf,D53-2621 — 弯头,D53-2621 弯头 | ED10 Spare Part,Verified part number D53-2621: 弯头 for ED10. Check equipment compatibility and submit an RFQ to qualified mining spare parts suppliers on KuangpeiYun.,/part-number/d53-2621,Request Quote,/rfq/new?partNumber=D53-2621,PUBLISHED_READY,2026-09-18
PN-001791,DA82-212121,da82-212121,Sandvik / EIMCO,Underground LHD,ED10,Other,三通,,三通,EXPLICIT,VERIFIED,HIGH,"ED10 parts manual page 214, item 22; ED10 parts manual page 230, item 24",伊泰LS190-ED10配件手册.pdf,DA82-212121 — 三通,DA82-212121 三通 | ED10 Spare Part,Verified part number DA82-212121: 三通 for ED10. Check equipment compatibility and submit an RFQ to qualified mining spare parts suppliers on KuangpeiYun.,/part-number/da82-212121,Request Quote,/rfq/new?partNumber=DA82-212121,PUBLISHED_READY,2026-09-18
PN-001877,T6HG,t6hg,Sandvik / EIMCO,Underground LHD,ED10,Fastener,六角螺母,,六角螺母,EXPLICIT,VERIFIED,HIGH,"ED10 parts manual page 214, item 23",伊泰LS190-ED10配件手册.pdf,T6HG — 六角螺母,T6HG 六角螺母 | ED10 Spare Part,Verified part number T6HG: 六角螺母 for ED10. Check equipment compatibility and submit an RFQ to qualified mining spare parts suppliers on KuangpeiYun.,/part-number/t6hg,Request Quote,/rfq/new?partNumber=T6HG,PUBLISHED_READY,2026-09-18
PN-001879,T6VH16,t6vh16,Sandvik / EIMCO,Underground LHD,ED10,Fastener,六角头螺钉,,六角头螺钉,EXPLICIT,VERIFIED,HIGH,"ED10 parts manual page 214, item 24",伊泰LS190-ED10配件手册.pdf,T6VH16 — 六角头螺钉,T6VH16 六角头螺钉 | ED10 Spare Part,Verified part number T6VH16: 六角头螺钉 for ED10. Check equipment compatibility and submit an RFQ to qualified mining spare parts suppliers on KuangpeiYun.,/part-number/t6vh16,Request Quote,/rfq/new?partNumber=T6VH16,PUBLISHED_READY,2026-09-18
PN-001880,T6VH24,t6vh24,Sandvik / EIMCO,Underground LHD,ED10,Fastener,六角头螺钉,,六角头螺钉,EXPLICIT,VERIFIED,HIGH,"ED10 parts manual page 214, item 25",伊泰LS190-ED10配件手册.pdf,T6VH24 — 六角头螺钉,T6VH24 六角头螺钉 | ED10 Spare Part,Verified part number T6VH24: 六角头螺钉 for ED10. Check equipment compatibility and submit an RFQ to qualified mining spare parts suppliers on KuangpeiYun.,/part-number/t6vh24,Request Quote,/rfq/new?partNumber=T6VH24,PUBLISHED_READY,2026-09-18
PN-001887,T8GG28,t8gg28,Sandvik / EIMCO,Underground LHD,ED10,Fastener,六角头螺栓,,六角头螺栓,EXPLICIT,VERIFIED,HIGH,"ED10 parts manual page 214, item 26",伊泰LS190-ED10配件手册.pdf,T8GG28 — 六角头螺栓,T8GG28 六角头螺栓 | ED10 Spare Part,Verified part number T8GG28: 六角头螺栓 for ED10. Check equipment compatibility and submit an RFQ to qualified mining spare parts suppliers on KuangpeiYun.,/part-number/t8gg28,Request Quote,/rfq/new?partNumber=T8GG28,PUBLISHED_READY,2026-09-18
PN-000124,28GF,28gf,Sandvik / EIMCO,Underground LHD,ED10,Fastener,弹簧垫圈,,弹簧垫圈,EXPLICIT,VERIFIED,HIGH,"ED10 parts manual page 214, item 29",伊泰LS190-ED10配件手册.pdf,28GF — 弹簧垫圈,28GF 弹簧垫圈 | ED10 Spare Part,Verified part number 28GF: 弹簧垫圈 for ED10. Check equipment compatibility and submit an RFQ to qualified mining spare parts suppliers on KuangpeiYun.,/part-number/28gf,Request Quote,/rfq/new?partNumber=28GF,PUBLISHED_READY,2026-09-18
PN-000768,A2U900-511074,a2u900-511074,Sandvik / EIMCO,Underground LHD,ED10,Hydraulic,PRESSURE COMPENSATED BUCKET PUMP,PRESSURE COMPENSATED BUCKET PUMP,压力补偿铲斗泵,EXPLICIT,VERIFIED,HIGH,"ED10 parts manual page 216, item 1; ED10 parts manual page 218, item 2; SANDVIK LS190-B2285 SPARE PARTS LIST_Mining India_24.03.2026.xlsx, Sheet1, row 75; SANDVIK LS190-B2285 SPARE PARTS LIST_Mining India_24.03.2026.xlsx, Sheet1, row 79",SANDVIK LS190-B2285 SPARE PARTS LIST_Mining India_24.03.2026.xlsx | 伊泰LS190-ED10配件手册.pdf,A2U900-511074 — PRESSURE COMPENSATED BUCKET PUMP,A2U900-511074 PRESSURE COMPENSATED BUCKET PUMP | ED10 Spare ,Verified part number A2U900-511074: PRESSURE COMPENSATED BUCKET PUMP for ED10. Check equipment compatibility and submit an RFQ to qualified mining spare pa,/part-number/a2u900-511074,Request Quote,/rfq/new?partNumber=A2U900-511074,PUBLISHED_READY,2026-09-18
PN-000769,A2U900-511075,a2u900-511075,Sandvik / EIMCO,Underground LHD,ED10,Steering/Brake,刹车/转向叶轮泵,,刹车/转向叶轮泵,EXPLICIT,VERIFIED,HIGH,"ED10 parts manual page 216, item 2",伊泰LS190-ED10配件手册.pdf,A2U900-511075 — 刹车/转向叶轮泵,A2U900-511075 刹车/转向叶轮泵 | ED10 Spare Part,Verified part number A2U900-511075: 刹车/转向叶轮泵 for ED10. Check equipment compatibility and submit an RFQ to qualified mining spare parts suppliers on Kuangpe,/part-number/a2u900-511075,Request Quote,/rfq/new?partNumber=A2U900-511075,PUBLISHED_READY,2026-09-18
PN-000772,A2U900-511078,a2u900-511078,Sandvik / EIMCO,Underground LHD,ED10,Other,通过驱动组,,通过驱动组,EXPLICIT,VERIFIED,HIGH,"ED10 parts manual page 216, item 3",伊泰LS190-ED10配件手册.pdf,A2U900-511078 — 通过驱动组,A2U900-511078 通过驱动组 | ED10 Spare Part,Verified part number A2U900-511078: 通过驱动组 for ED10. Check equipment compatibility and submit an RFQ to qualified mining spare parts suppliers on KuangpeiYu,/part-number/a2u900-511078,Request Quote,/rfq/new?partNumber=A2U900-511078,PUBLISHED_READY,2026-09-18
PN-000798,A2U900-594548,a2u900-594548,Sandvik / EIMCO,Underground LHD,ED10,Hydraulic,止回阀压力补偿,,止回阀压力补偿,EXPLICIT,VERIFIED,HIGH,"ED10 parts manual page 216, item 4; ED10 parts manual page 218, item 5",伊泰LS190-ED10配件手册.pdf,A2U900-594548 — 止回阀压力补偿,A2U900-594548 止回阀压力补偿 | ED10 Spare Part,Verified part number A2U900-594548: 止回阀压力补偿 for ED10. Check equipment compatibility and submit an RFQ to qualified mining spare parts suppliers on Kuangpei,/part-number/a2u900-594548,Request Quote,/rfq/new?partNumber=A2U900-594548,PUBLISHED_READY,2026-09-18
PN-000801,A2U900-594555,a2u900-594555,Sandvik / EIMCO,Underground LHD,ED10,Hydraulic,止回阀,,止回阀,EXPLICIT,VERIFIED,HIGH,"ED10 parts manual page 216, item 5",伊泰LS190-ED10配件手册.pdf,A2U900-594555 — 止回阀,A2U900-594555 止回阀 | ED10 Spare Part,Verified part number A2U900-594555: 止回阀 for ED10. Check equipment compatibility and submit an RFQ to qualified mining spare parts suppliers on KuangpeiYun.,/part-number/a2u900-594555,Request Quote,/rfq/new?partNumber=A2U900-594555,PUBLISHED_READY,2026-09-18
PN-001554,D188-1716,d188-1716,Sandvik / EIMCO,Underground LHD,ED10,Other,适配器,,适配器,EXPLICIT,VERIFIED,HIGH,"ED10 parts manual page 216, item 6",伊泰LS190-ED10配件手册.pdf,D188-1716 — 适配器,D188-1716 适配器 | ED10 Spare Part,Verified part number D188-1716: 适配器 for ED10. Check equipment compatibility and submit an RFQ to qualified mining spare parts suppliers on KuangpeiYun.,/part-number/d188-1716,Request Quote,/rfq/new?partNumber=D188-1716,PUBLISHED_READY,2026-09-18
PN-001556,D206-16,d206-16,Sandvik / EIMCO,Underground LHD,ED10,Other,分离法兰夹,,分离法兰夹,EXPLICIT,VERIFIED,HIGH,"ED10 parts manual page 216, item 7",伊泰LS190-ED10配件手册.pdf,D206-16 — 分离法兰夹,D206-16 分离法兰夹 | ED10 Spare Part,Verified part number D206-16: 分离法兰夹 for ED10. Check equipment compatibility and submit an RFQ to qualified mining spare parts suppliers on KuangpeiYun.,/part-number/d206-16,Request Quote,/rfq/new?partNumber=D206-16,PUBLISHED_READY,2026-09-18
PN-001684,D50-2121,d50-2121,Sandvik / EIMCO,Underground LHD,ED10,Other,连接器,,连接器 | 90度弯头，球铰接,EXPLICIT,VERIFIED,HIGH,"ED10 parts manual page 216, item 9; ED10 parts manual page 230, item 17; ED10 parts manual page 243, item 18; ED10 parts manual page 247, item 7",伊泰LS190-ED10配件手册.pdf,D50-2121 — 连接器,D50-2121 连接器 | ED10 Spare Part,Verified part number D50-2121: 连接器 for ED10. Check equipment compatibility and submit an RFQ to qualified mining spare parts suppliers on KuangpeiYun.,/part-number/d50-2121,Request Quote,/rfq/new?partNumber=D50-2121,PUBLISHED_READY,2026-09-18
PN-001769,D90-16,d90-16,Sandvik / EIMCO,Underground LHD,ED10,Other,分离法兰夹,,分离法兰夹,EXPLICIT,VERIFIED,HIGH,"ED10 parts manual page 216, item 11",伊泰LS190-ED10配件手册.pdf,D90-16 — 分离法兰夹,D90-16 分离法兰夹 | ED10 Spare Part,Verified part number D90-16: 分离法兰夹 for ED10. Check equipment compatibility and submit an RFQ to qualified mining spare parts suppliers on KuangpeiYun.,/part-number/d90-16,Request Quote,/rfq/new?partNumber=D90-16,PUBLISHED_READY,2026-09-18
PN-001770,D90-24,d90-24,Sandvik / EIMCO,Underground LHD,ED10,Other,分离法兰夹,,分离法兰夹 | 夹子,EXPLICIT,VERIFIED,HIGH,"ED10 parts manual page 216, item 12; ED10 parts manual page 235, item 12",伊泰LS190-ED10配件手册.pdf,D90-24 — 分离法兰夹,D90-24 分离法兰夹 | ED10 Spare Part,Verified part number D90-24: 分离法兰夹 for ED10. Check equipment compatibility and submit an RFQ to qualified mining spare parts suppliers on KuangpeiYun.,/part-number/d90-24,Request Quote,/rfq/new?partNumber=D90-24,PUBLISHED_READY,2026-09-18
PN-001811,DR524,dr524,Sandvik / EIMCO,Underground LHD,ED10,Other,"O_Ring 1.1/2"" SAE","O_Ring 1.1/2"" SAE",O形圈,EXPLICIT,VERIFIED,HIGH,"ED10 parts manual page 216, item 13; ED10 parts manual page 235, item 14; SANDVIK LS190-B2285 SPARE PARTS LIST_Mining India_24.03.2026.xlsx, Sheet1, row 165",SANDVIK LS190-B2285 SPARE PARTS LIST_Mining India_24.03.2026.xlsx | 伊泰LS190-ED10配件手册.pdf,"DR524 — O_Ring 1.1/2"" SAE","DR524 O_Ring 1.1/2"" SAE | ED10 Spare Part","Verified part number DR524: O_Ring 1.1/2"" SAE for ED10. Check equipment compatibility and submit an RFQ to qualified mining spare parts suppliers on Kuangp",/part-number/dr524,Request Quote,/rfq/new?partNumber=DR524,PUBLISHED_READY,2026-09-18
PN-001814,DSK13-2424,dsk13-2424,Sandvik / EIMCO,Underground LHD,ED10,Hose/Fitting,软管 陷型接头,,软管 陷型接头,EXPLICIT,VERIFIED,HIGH,"ED10 parts manual page 216, item 14",伊泰LS190-ED10配件手册.pdf,DSK13-2424 — 软管 陷型接头,DSK13-2424 软管 陷型接头 | ED10 Spare Part,Verified part number DSK13-2424: 软管 陷型接头 for ED10. Check equipment compatibility and submit an RFQ to qualified mining spare parts suppliers on KuangpeiYun,/part-number/dsk13-2424,Request Quote,/rfq/new?partNumber=DSK13-2424,PUBLISHED_READY,2026-09-18
PN-001821,FF5540-1616S,ff5540-1616s,Sandvik / EIMCO,Underground LHD,ED10,Hose/Fitting,90度弯头,,90度弯头,EXPLICIT,VERIFIED,HIGH,"ED10 parts manual page 216, item 15",伊泰LS190-ED10配件手册.pdf,FF5540-1616S — 90度弯头,FF5540-1616S 90度弯头 | ED10 Spare Part,Verified part number FF5540-1616S: 90度弯头 for ED10. Check equipment compatibility and submit an RFQ to qualified mining spare parts suppliers on KuangpeiYun,/part-number/ff5540-1616s,Request Quote,/rfq/new?partNumber=FF5540-1616S,PUBLISHED_READY,2026-09-18
PN-001881,T6VH44,t6vh44,Sandvik / EIMCO,Underground LHD,ED10,Fastener,六角头螺钉,,六角头螺钉,EXPLICIT,VERIFIED,HIGH,"ED10 parts manual page 216, item 16",伊泰LS190-ED10配件手册.pdf,T6VH44 — 六角头螺钉,T6VH44 六角头螺钉 | ED10 Spare Part,Verified part number T6VH44: 六角头螺钉 for ED10. Check equipment compatibility and submit an RFQ to qualified mining spare parts suppliers on KuangpeiYun.,/part-number/t6vh44,Request Quote,/rfq/new?partNumber=T6VH44,PUBLISHED_READY,2026-09-18
PN-001883,T7VH56,t7vh56,Sandvik / EIMCO,Underground LHD,ED10,Fastener,六角头螺钉,,六角头螺钉,EXPLICIT,VERIFIED,HIGH,"ED10 parts manual page 216, item 17",伊泰LS190-ED10配件手册.pdf,T7VH56 — 六角头螺钉,T7VH56 六角头螺钉 | ED10 Spare Part,Verified part number T7VH56: 六角头螺钉 for ED10. Check equipment compatibility and submit an RFQ to qualified mining spare parts suppliers on KuangpeiYun.,/part-number/t7vh56,Request Quote,/rfq/new?partNumber=T7VH56,PUBLISHED_READY,2026-09-18
PN-001886,T8GG24,t8gg24,Sandvik / EIMCO,Underground LHD,ED10,Fastener,六角头螺栓,,六角头螺栓,EXPLICIT,VERIFIED,HIGH,"ED10 parts manual page 216, item 18",伊泰LS190-ED10配件手册.pdf,T8GG24 — 六角头螺栓,T8GG24 六角头螺栓 | ED10 Spare Part,Verified part number T8GG24: 六角头螺栓 for ED10. Check equipment compatibility and submit an RFQ to qualified mining spare parts suppliers on KuangpeiYun.,/part-number/t8gg24,Request Quote,/rfq/new?partNumber=T8GG24,PUBLISHED_READY,2026-09-18
PN-001891,T8VH24,t8vh24,Sandvik / EIMCO,Underground LHD,ED10,Fastener,六角头螺钉,,六角头螺钉 | 凹头螺钉,EXPLICIT,VERIFIED,HIGH,"ED10 parts manual page 216, item 19; ED10 parts manual page 218, item 19; ED10 parts manual page 235, item 16; ED10 parts manual page 254, item 8",伊泰LS190-ED10配件手册.pdf,T8VH24 — 六角头螺钉,T8VH24 六角头螺钉 | ED10 Spare Part,Verified part number T8VH24: 六角头螺钉 for ED10. Check equipment compatibility and submit an RFQ to qualified mining spare parts suppliers on KuangpeiYun.,/part-number/t8vh24,Request Quote,/rfq/new?partNumber=T8VH24,PUBLISHED_READY,2026-09-18
PN-001809,DR516,dr516,Sandvik / EIMCO,Underground LHD,ED10,Seal/Gasket,O-Ring,O-Ring,O形圈,EXPLICIT,VERIFIED,HIGH,"ED10 parts manual page 216, item 22; SANDVIK LS190-B2285 SPARE PARTS LIST_Mining India_24.03.2026.xlsx, Sheet1, row 81",SANDVIK LS190-B2285 SPARE PARTS LIST_Mining India_24.03.2026.xlsx | 伊泰LS190-ED10配件手册.pdf,DR516 — O-Ring,DR516 O-Ring | ED10 Spare Part,Verified part number DR516: O-Ring for ED10. Check equipment compatibility and submit an RFQ to qualified mining spare parts suppliers on KuangpeiYun.,/part-number/dr516,Request Quote,/rfq/new?partNumber=DR516,PUBLISHED_READY,2026-09-18
PN-000354,A2FYEB1616,a2fyeb1616,Sandvik / EIMCO,Underground LHD,ED10,Hose/Fitting,弯头,,弯头,EXPLICIT,VERIFIED,HIGH,"ED10 parts manual page 218, item 1",伊泰LS190-ED10配件手册.pdf,A2FYEB1616 — 弯头,A2FYEB1616 弯头 | ED10 Spare Part,Verified part number A2FYEB1616: 弯头 for ED10. Check equipment compatibility and submit an RFQ to qualified mining spare parts suppliers on KuangpeiYun.,/part-number/a2fyeb1616,Request Quote,/rfq/new?partNumber=A2FYEB1616,PUBLISHED_READY,2026-09-18
PN-000770,A2U900-511076,a2u900-511076,Sandvik / EIMCO,Underground LHD,ED10,Hydraulic,ALTERNATOR PUMP,ALTERNATOR PUMP,交流发动机泵 | 交流发电机泵,EXPLICIT,VERIFIED,HIGH,"ED10 parts manual page 218, item 3; 山特维克ls190-20260806.xlsx, Sheet1, row 19; SANDVIK LS190-B2285 SPARE PARTS LIST_Mining India_24.03.2026.xlsx, Sheet1, row 76",SANDVIK LS190-B2285 SPARE PARTS LIST_Mining India_24.03.2026.xlsx | 伊泰LS190-ED10配件手册.pdf | 山特维克ls190-20260806.xlsx,A2U900-511076 — ALTERNATOR PUMP,A2U900-511076 ALTERNATOR PUMP | ED10 Spare Part,Verified part number A2U900-511076: ALTERNATOR PUMP for ED10. Check equipment compatibility and submit an RFQ to qualified mining spare parts suppliers on ,/part-number/a2u900-511076,Request Quote,/rfq/new?partNumber=A2U900-511076,PUBLISHED_READY,2026-09-18
PN-000771,A2U900-511077,a2u900-511077,Sandvik / EIMCO,Underground LHD,ED10,Other,通过驱动组,,通过驱动组,EXPLICIT,VERIFIED,HIGH,"ED10 parts manual page 218, item 4",伊泰LS190-ED10配件手册.pdf,A2U900-511077 — 通过驱动组,A2U900-511077 通过驱动组 | ED10 Spare Part,Verified part number A2U900-511077: 通过驱动组 for ED10. Check equipment compatibility and submit an RFQ to qualified mining spare parts suppliers on KuangpeiYu,/part-number/a2u900-511077,Request Quote,/rfq/new?partNumber=A2U900-511077,PUBLISHED_READY,2026-09-18
PN-001538,D17-0812,d17-0812,Sandvik / EIMCO,Underground LHD,ED10,Hose/Fitting,弯头,,弯头,EXPLICIT,VERIFIED,HIGH,"ED10 parts manual page 218, item 6",伊泰LS190-ED10配件手册.pdf,D17-0812 — 弯头,D17-0812 弯头 | ED10 Spare Part,Verified part number D17-0812: 弯头 for ED10. Check equipment compatibility and submit an RFQ to qualified mining spare parts suppliers on KuangpeiYun.,/part-number/d17-0812,Request Quote,/rfq/new?partNumber=D17-0812,PUBLISHED_READY,2026-09-18
PN-001543,D17-2026,d17-2026,Sandvik / EIMCO,Underground LHD,ED10,Hose/Fitting,弯头,,弯头,EXPLICIT,VERIFIED,HIGH,"ED10 parts manual page 218, item 7",伊泰LS190-ED10配件手册.pdf,D17-2026 — 弯头,D17-2026 弯头 | ED10 Spare Part,Verified part number D17-2026: 弯头 for ED10. Check equipment compatibility and submit an RFQ to qualified mining spare parts suppliers on KuangpeiYun.,/part-number/d17-2026,Request Quote,/rfq/new?partNumber=D17-2026,PUBLISHED_READY,2026-09-18
PN-001574,D256-1621,d256-1621,Sandvik / EIMCO,Underground LHD,ED10,Hose/Fitting,接头,,接头,EXPLICIT,VERIFIED,HIGH,"ED10 parts manual page 218, item 8",伊泰LS190-ED10配件手册.pdf,D256-1621 — 接头,D256-1621 接头 | ED10 Spare Part,Verified part number D256-1621: 接头 for ED10. Check equipment compatibility and submit an RFQ to qualified mining spare parts suppliers on KuangpeiYun.,/part-number/d256-1621,Request Quote,/rfq/new?partNumber=D256-1621,PUBLISHED_READY,2026-09-18
PN-001696,D51-2626,d51-2626,Sandvik / EIMCO,Underground LHD,ED10,Other,连接器,,连接器 | 45度连接器,EXPLICIT,VERIFIED,HIGH,"ED10 parts manual page 218, item 9; ED10 parts manual page 220, item 7; ED10 parts manual page 230, item 19",伊泰LS190-ED10配件手册.pdf,D51-2626 — 连接器,D51-2626 连接器 | ED10 Spare Part,Verified part number D51-2626: 连接器 for ED10. Check equipment compatibility and submit an RFQ to qualified mining spare parts suppliers on KuangpeiYun.,/part-number/d51-2626,Request Quote,/rfq/new?partNumber=D51-2626,PUBLISHED_READY,2026-09-18
PN-001771,D90-32,d90-32,Sandvik / EIMCO,Underground LHD,ED10,Other,法兰夹,,法兰夹 | 法兰,EXPLICIT,VERIFIED,HIGH,"ED10 parts manual page 218, item 12; ED10 parts manual page 235, item 13; ED10 parts manual page 254, item 6",伊泰LS190-ED10配件手册.pdf,D90-32 — 法兰夹,D90-32 法兰夹 | ED10 Spare Part,Verified part number D90-32: 法兰夹 for ED10. Check equipment compatibility and submit an RFQ to qualified mining spare parts suppliers on KuangpeiYun.,/part-number/d90-32,Request Quote,/rfq/new?partNumber=D90-32,PUBLISHED_READY,2026-09-18
PN-001787,DA81-212121,da81-212121,Sandvik / EIMCO,Underground LHD,ED10,Other,三通,,三通,EXPLICIT,VERIFIED,HIGH,"ED10 parts manual page 218, item 13",伊泰LS190-ED10配件手册.pdf,DA81-212121 — 三通,DA81-212121 三通 | ED10 Spare Part,Verified part number DA81-212121: 三通 for ED10. Check equipment compatibility and submit an RFQ to qualified mining spare parts suppliers on KuangpeiYun.,/part-number/da81-212121,Request Quote,/rfq/new?partNumber=DA81-212121,PUBLISHED_READY,2026-09-18
PN-001810,DR520,dr520,Sandvik / EIMCO,Underground LHD,ED10,Seal/Gasket,"O-Ring, 1.1/4"""" SAE","O-Ring, 1.1/4"""" SAE",O形圈,EXPLICIT,VERIFIED,HIGH,"ED10 parts manual page 218, item 14; SANDVIK LS190-B2285 SPARE PARTS LIST_Mining India_24.03.2026.xlsx, Sheet1, row 77",SANDVIK LS190-B2285 SPARE PARTS LIST_Mining India_24.03.2026.xlsx | 伊泰LS190-ED10配件手册.pdf,"DR520 — O-Ring, 1.1/4"""" SAE","DR520 O-Ring, 1.1/4"""" SAE | ED10 Spare Part","Verified part number DR520: O-Ring, 1.1/4"""" SAE for ED10. Check equipment compatibility and submit an RFQ to qualified mining spare parts suppliers on Kuan",/part-number/dr520,Request Quote,/rfq/new?partNumber=DR520,PUBLISHED_READY,2026-09-18
PN-001807,DR-532,dr-532,Sandvik / EIMCO,Underground LHD,ED10,Other,O形圈,,O形圈,EXPLICIT,VERIFIED,HIGH,"ED10 parts manual page 218, item 15",伊泰LS190-ED10配件手册.pdf,DR-532 — O形圈,DR-532 O形圈 | ED10 Spare Part,Verified part number DR-532: O形圈 for ED10. Check equipment compatibility and submit an RFQ to qualified mining spare parts suppliers on KuangpeiYun.,/part-number/dr-532,Request Quote,/rfq/new?partNumber=DR-532,PUBLISHED_READY,2026-09-18
PN-001815,DSK13-3232,dsk13-3232,Sandvik / EIMCO,Underground LHD,ED10,Hose/Fitting,软管陷形接头,,软管陷形接头,EXPLICIT,VERIFIED,HIGH,"ED10 parts manual page 218, item 16",伊泰LS190-ED10配件手册.pdf,DSK13-3232 — 软管陷形接头,DSK13-3232 软管陷形接头 | ED10 Spare Part,Verified part number DSK13-3232: 软管陷形接头 for ED10. Check equipment compatibility and submit an RFQ to qualified mining spare parts suppliers on KuangpeiYun.,/part-number/dsk13-3232,Request Quote,/rfq/new?partNumber=DSK13-3232,PUBLISHED_READY,2026-09-18
PN-001884,T7VH80,t7vh80,Sandvik / EIMCO,Underground LHD,ED10,Fastener,六角头螺钉,,六角头螺钉,EXPLICIT,VERIFIED,HIGH,"ED10 parts manual page 218, item 18",伊泰LS190-ED10配件手册.pdf,T7VH80 — 六角头螺钉,T7VH80 六角头螺钉 | ED10 Spare Part,Verified part number T7VH80: 六角头螺钉 for ED10. Check equipment compatibility and submit an RFQ to qualified mining spare parts suppliers on KuangpeiYun.,/part-number/t7vh80,Request Quote,/rfq/new?partNumber=T7VH80,PUBLISHED_READY,2026-09-18
PN-001055,C2A6D1004,c2a6d1004,Sandvik / EIMCO,Underground LHD,ED10,Seal/Gasket,衬垫,,衬垫,EXPLICIT,VERIFIED,HIGH,"ED10 parts manual page 220, item 1",伊泰LS190-ED10配件手册.pdf,C2A6D1004 — 衬垫,C2A6D1004 衬垫 | ED10 Spare Part,Verified part number C2A6D1004: 衬垫 for ED10. Check equipment compatibility and submit an RFQ to qualified mining spare parts suppliers on KuangpeiYun.,/part-number/c2a6d1004,Request Quote,/rfq/new?partNumber=C2A6D1004,PUBLISHED_READY,2026-09-18
PN-000634,A2U220-511053,a2u220-511053,Sandvik / EIMCO,Underground LHD,ED10,Hydraulic,泵,,泵,EXPLICIT,VERIFIED,HIGH,"ED10 parts manual page 220, item 2",伊泰LS190-ED10配件手册.pdf,A2U220-511053 — 泵,A2U220-511053 泵 | ED10 Spare Part,Verified part number A2U220-511053: 泵 for ED10. Check equipment compatibility and submit an RFQ to qualified mining spare parts suppliers on KuangpeiYun.,/part-number/a2u220-511053,Request Quote,/rfq/new?partNumber=A2U220-511053,PUBLISHED_READY,2026-09-18
PN-000130,445202801,445202801,Sandvik / EIMCO,Underground LHD,ED10,Fastener,凹头螺钉,,凹头螺钉,EXPLICIT,VERIFIED,HIGH,"ED10 parts manual page 220, item 3",伊泰LS190-ED10配件手册.pdf,445202801 — 凹头螺钉,445202801 凹头螺钉 | ED10 Spare Part,Verified part number 445202801: 凹头螺钉 for ED10. Check equipment compatibility and submit an RFQ to qualified mining spare parts suppliers on KuangpeiYun.,/part-number/445202801,Request Quote,/rfq/new?partNumber=445202801,PUBLISHED_READY,2026-09-18
PN-001706,D52-2126,d52-2126,Sandvik / EIMCO,Underground LHD,ED10,Hose/Fitting,接头,,接头,EXPLICIT,VERIFIED,HIGH,"ED10 parts manual page 220, item 4",伊泰LS190-ED10配件手册.pdf,D52-2126 — 接头,D52-2126 接头 | ED10 Spare Part,Verified part number D52-2126: 接头 for ED10. Check equipment compatibility and submit an RFQ to qualified mining spare parts suppliers on KuangpeiYun.,/part-number/d52-2126,Request Quote,/rfq/new?partNumber=D52-2126,PUBLISHED_READY,2026-09-18
PN-001685,D50-2626,d50-2626,Sandvik / EIMCO,Underground LHD,ED10,Other,90度连接器,,90度连接器,EXPLICIT,VERIFIED,HIGH,"ED10 parts manual page 220, item 6",伊泰LS190-ED10配件手册.pdf,D50-2626 — 90度连接器,D50-2626 90度连接器 | ED10 Spare Part,Verified part number D50-2626: 90度连接器 for ED10. Check equipment compatibility and submit an RFQ to qualified mining spare parts suppliers on KuangpeiYun.,/part-number/d50-2626,Request Quote,/rfq/new?partNumber=D50-2626,PUBLISHED_READY,2026-09-18
PN-001767,D800-20-210-26,d800-20-210-26,Sandvik / EIMCO,Underground LHD,ED10,Hose/Fitting,软管安装,,软管安装,EXPLICIT,VERIFIED,HIGH,"ED10 parts manual page 220, item 8",伊泰LS190-ED10配件手册.pdf,D800-20-210-26 — 软管安装,D800-20-210-26 软管安装 | ED10 Spare Part,Verified part number D800-20-210-26: 软管安装 for ED10. Check equipment compatibility and submit an RFQ to qualified mining spare parts suppliers on KuangpeiYu,/part-number/d800-20-210-26,Request Quote,/rfq/new?partNumber=D800-20-210-26,PUBLISHED_READY,2026-09-18
PN-000881,A2U913-593006,a2u913-593006,Sandvik / EIMCO,Underground LHD,ED10,Other,"ACCUMULATOR, 3.8 LITRE","ACCUMULATOR, 3.8 LITRE | ACCUMULATOR",蓄能器,EXPLICIT,VERIFIED,HIGH,"ED10 parts manual page 223, item 1; LS_190_-REQUIREMENT20260107.xlsx, Sheet1, row 17; SANDVIK LS190-B2285 SPARE PARTS LIST_Mining India_24.03.2026.xlsx, Sheet1, row 163",LS_190_-REQUIREMENT20260107.xlsx | SANDVIK LS190-B2285 SPARE PARTS LIST_Mining India_24.03.2026.xlsx | 伊泰LS190-ED10配件手册.pdf,"A2U913-593006 — ACCUMULATOR, 3.8 LITRE","A2U913-593006 ACCUMULATOR, 3.8 LITRE | ED10 Spare Part","Verified part number A2U913-593006: ACCUMULATOR, 3.8 LITRE for ED10. Check equipment compatibility and submit an RFQ to qualified mining spare parts suppli",/part-number/a2u913-593006,Request Quote,/rfq/new?partNumber=A2U913-593006,PUBLISHED_READY,2026-09-18
PN-000882,A2U913-596126,a2u913-596126,Sandvik / EIMCO,Underground LHD,ED10,Steering/Brake,接头，转向蓄能器,,接头，转向蓄能器,EXPLICIT,VERIFIED,HIGH,"ED10 parts manual page 223, item 3",伊泰LS190-ED10配件手册.pdf,A2U913-596126 — 接头，转向蓄能器,A2U913-596126 接头，转向蓄能器 | ED10 Spare Part,Verified part number A2U913-596126: 接头，转向蓄能器 for ED10. Check equipment compatibility and submit an RFQ to qualified mining spare parts suppliers on Kuangpe,/part-number/a2u913-596126,Request Quote,/rfq/new?partNumber=A2U913-596126,PUBLISHED_READY,2026-09-18
PN-001731,D53/1712,d53-1712,Sandvik / EIMCO,Underground LHD,ED10,Hose/Fitting,90度弯头,,90度弯头,EXPLICIT,VERIFIED,HIGH,"ED10 parts manual page 223, item 4",伊泰LS190-ED10配件手册.pdf,D53/1712 — 90度弯头,D53/1712 90度弯头 | ED10 Spare Part,Verified part number D53/1712: 90度弯头 for ED10. Check equipment compatibility and submit an RFQ to qualified mining spare parts suppliers on KuangpeiYun.,/part-number/d53-1712,Request Quote,/rfq/new?partNumber=D53/1712,PUBLISHED_READY,2026-09-18
PN-001729,D53/1212,d53-1212,Sandvik / EIMCO,Underground LHD,ED10,Hose/Fitting,90度弯头,,90度弯头,EXPLICIT,VERIFIED,HIGH,"ED10 parts manual page 223, item 5",伊泰LS190-ED10配件手册.pdf,D53/1212 — 90度弯头,D53/1212 90度弯头 | ED10 Spare Part,Verified part number D53/1212: 90度弯头 for ED10. Check equipment compatibility and submit an RFQ to qualified mining spare parts suppliers on KuangpeiYun.,/part-number/d53-1212,Request Quote,/rfq/new?partNumber=D53/1212,PUBLISHED_READY,2026-09-18
PN-001727,D53/0707,d53-0707,Sandvik / EIMCO,Underground LHD,ED10,Hose/Fitting,90度弯头,,90度弯头,EXPLICIT,VERIFIED,HIGH,"ED10 parts manual page 223, item 6",伊泰LS190-ED10配件手册.pdf,D53/0707 — 90度弯头,D53/0707 90度弯头 | ED10 Spare Part,Verified part number D53/0707: 90度弯头 for ED10. Check equipment compatibility and submit an RFQ to qualified mining spare parts suppliers on KuangpeiYun.,/part-number/d53-0707,Request Quote,/rfq/new?partNumber=D53/0707,PUBLISHED_READY,2026-09-18
PN-001690,D50/1212,d50-1212,Sandvik / EIMCO,Underground LHD,ED10,Hose/Fitting,90度弯头,,90度弯头,EXPLICIT,VERIFIED,HIGH,"ED10 parts manual page 223, item 7",伊泰LS190-ED10配件手册.pdf,D50/1212 — 90度弯头,D50/1212 90度弯头 | ED10 Spare Part,Verified part number D50/1212: 90度弯头 for ED10. Check equipment compatibility and submit an RFQ to qualified mining spare parts suppliers on KuangpeiYun.,/part-number/d50-1212,Request Quote,/rfq/new?partNumber=D50/1212,PUBLISHED_READY,2026-09-18
PN-001688,D50/0707,d50-0707,Sandvik / EIMCO,Underground LHD,ED10,Hose/Fitting,90度弯头,,90度弯头,EXPLICIT,VERIFIED,HIGH,"ED10 parts manual page 223, item 8; ED10 parts manual page 257, item 4",伊泰LS190-ED10配件手册.pdf,D50/0707 — 90度弯头,D50/0707 90度弯头 | ED10 Spare Part,Verified part number D50/0707: 90度弯头 for ED10. Check equipment compatibility and submit an RFQ to qualified mining spare parts suppliers on KuangpeiYun.,/part-number/d50-0707,Request Quote,/rfq/new?partNumber=D50/0707,PUBLISHED_READY,2026-09-18
PN-001710,D52/0707,d52-0707,Sandvik / EIMCO,Underground LHD,ED10,Hose/Fitting,接头,,接头,EXPLICIT,VERIFIED,HIGH,"ED10 parts manual page 223, item 9",伊泰LS190-ED10配件手册.pdf,D52/0707 — 接头,D52/0707 接头 | ED10 Spare Part,Verified part number D52/0707: 接头 for ED10. Check equipment compatibility and submit an RFQ to qualified mining spare parts suppliers on KuangpeiYun.,/part-number/d52-0707,Request Quote,/rfq/new?partNumber=D52/0707,PUBLISHED_READY,2026-09-18
PN-001713,D52/1212,d52-1212,Sandvik / EIMCO,Underground LHD,ED10,Hose/Fitting,接头,,接头,EXPLICIT,VERIFIED,HIGH,"ED10 parts manual page 223, item 10",伊泰LS190-ED10配件手册.pdf,D52/1212 — 接头,D52/1212 接头 | ED10 Spare Part,Verified part number D52/1212: 接头 for ED10. Check equipment compatibility and submit an RFQ to qualified mining spare parts suppliers on KuangpeiYun.,/part-number/d52-1212,Request Quote,/rfq/new?partNumber=D52/1212,PUBLISHED_READY,2026-09-18
PN-001798,DD52/1217,dd52-1217,Sandvik / EIMCO,Underground LHD,ED10,Hose/Fitting,接头,,接头,EXPLICIT,VERIFIED,HIGH,"ED10 parts manual page 223, item 11",伊泰LS190-ED10配件手册.pdf,DD52/1217 — 接头,DD52/1217 接头 | ED10 Spare Part,Verified part number DD52/1217: 接头 for ED10. Check equipment compatibility and submit an RFQ to qualified mining spare parts suppliers on KuangpeiYun.,/part-number/dd52-1217,Request Quote,/rfq/new?partNumber=DD52/1217,PUBLISHED_READY,2026-09-18
PN-001698,D51/1717,d51-1717,Sandvik / EIMCO,Underground LHD,ED10,Hose/Fitting,45度弯头,,45度弯头,EXPLICIT,VERIFIED,HIGH,"ED10 parts manual page 223, item 12",伊泰LS190-ED10配件手册.pdf,D51/1717 — 45度弯头,D51/1717 45度弯头 | ED10 Spare Part,Verified part number D51/1717: 45度弯头 for ED10. Check equipment compatibility and submit an RFQ to qualified mining spare parts suppliers on KuangpeiYun.,/part-number/d51-1717,Request Quote,/rfq/new?partNumber=D51/1717,PUBLISHED_READY,2026-09-18
PN-001764,D80/121212,d80-121212,Sandvik / EIMCO,Underground LHD,ED10,Other,三通,,三通,EXPLICIT,VERIFIED,HIGH,"ED10 parts manual page 223, item 13",伊泰LS190-ED10配件手册.pdf,D80/121212 — 三通,D80/121212 三通 | ED10 Spare Part,Verified part number D80/121212: 三通 for ED10. Check equipment compatibility and submit an RFQ to qualified mining spare parts suppliers on KuangpeiYun.,/part-number/d80-121212,Request Quote,/rfq/new?partNumber=D80/121212,PUBLISHED_READY,2026-09-18
PN-001596,D2900-12-360-12,d2900-12-360-12,Sandvik / EIMCO,Underground LHD,ED10,Hose/Fitting,软管安装,,软管安装,EXPLICIT,VERIFIED,HIGH,"ED10 parts manual page 223, item 14",伊泰LS190-ED10配件手册.pdf,D2900-12-360-12 — 软管安装,D2900-12-360-12 软管安装 | ED10 Spare Part,Verified part number D2900-12-360-12: 软管安装 for ED10. Check equipment compatibility and submit an RFQ to qualified mining spare parts suppliers on KuangpeiY,/part-number/d2900-12-360-12,Request Quote,/rfq/new?partNumber=D2900-12-360-12,PUBLISHED_READY,2026-09-18
PN-001588,D2900-08-60-12,d2900-08-60-12,Sandvik / EIMCO,Underground LHD,ED10,Hose/Fitting,软管安装,,软管安装,EXPLICIT,VERIFIED,HIGH,"ED10 parts manual page 223, item 16",伊泰LS190-ED10配件手册.pdf,D2900-08-60-12 — 软管安装,D2900-08-60-12 软管安装 | ED10 Spare Part,Verified part number D2900-08-60-12: 软管安装 for ED10. Check equipment compatibility and submit an RFQ to qualified mining spare parts suppliers on KuangpeiYu,/part-number/d2900-08-60-12,Request Quote,/rfq/new?partNumber=D2900-08-60-12,PUBLISHED_READY,2026-09-18
PN-001586,D2900-04-140-07,d2900-04-140-07,Sandvik / EIMCO,Underground LHD,ED10,Hose/Fitting,软管安装,,软管安装,EXPLICIT,VERIFIED,HIGH,"ED10 parts manual page 223, item 17",伊泰LS190-ED10配件手册.pdf,D2900-04-140-07 — 软管安装,D2900-04-140-07 软管安装 | ED10 Spare Part,Verified part number D2900-04-140-07: 软管安装 for ED10. Check equipment compatibility and submit an RFQ to qualified mining spare parts suppliers on KuangpeiY,/part-number/d2900-04-140-07,Request Quote,/rfq/new?partNumber=D2900-04-140-07,PUBLISHED_READY,2026-09-18
PN-001585,D2900-04-110-07,d2900-04-110-07,Sandvik / EIMCO,Underground LHD,ED10,Hose/Fitting,软管安装,,软管安装,EXPLICIT,VERIFIED,HIGH,"ED10 parts manual page 223, item 18",伊泰LS190-ED10配件手册.pdf,D2900-04-110-07 — 软管安装,D2900-04-110-07 软管安装 | ED10 Spare Part,Verified part number D2900-04-110-07: 软管安装 for ED10. Check equipment compatibility and submit an RFQ to qualified mining spare parts suppliers on KuangpeiY,/part-number/d2900-04-110-07,Request Quote,/rfq/new?partNumber=D2900-04-110-07,PUBLISHED_READY,2026-09-18
PN-001600,D2900-12-80-17,d2900-12-80-17,Sandvik / EIMCO,Underground LHD,ED10,Hose/Fitting,软管安装,,软管安装,EXPLICIT,VERIFIED,HIGH,"ED10 parts manual page 223, item 19",伊泰LS190-ED10配件手册.pdf,D2900-12-80-17 — 软管安装,D2900-12-80-17 软管安装 | ED10 Spare Part,Verified part number D2900-12-80-17: 软管安装 for ED10. Check equipment compatibility and submit an RFQ to qualified mining spare parts suppliers on KuangpeiYu,/part-number/d2900-12-80-17,Request Quote,/rfq/new?partNumber=D2900-12-80-17,PUBLISHED_READY,2026-09-18
PN-001889,T8HG32,t8hg32,Sandvik / EIMCO,Underground LHD,ED10,Fastener,凹螺钉,,凹螺钉 | 凹头螺钉,EXPLICIT,VERIFIED,HIGH,"ED10 parts manual page 223, item 20; ED10 parts manual page 257, item 14",伊泰LS190-ED10配件手册.pdf,T8HG32 — 凹螺钉,T8HG32 凹螺钉 | ED10 Spare Part,Verified part number T8HG32: 凹螺钉 for ED10. Check equipment compatibility and submit an RFQ to qualified mining spare parts suppliers on KuangpeiYun.,/part-number/t8hg32,Request Quote,/rfq/new?partNumber=T8HG32,PUBLISHED_READY,2026-09-18
PN-000833,A2U900-694099,a2u900-694099,Sandvik / EIMCO,Underground LHD,ED10,Hydraulic,蓄能器排放阀,,蓄能器排放阀,EXPLICIT,VERIFIED,HIGH,"ED10 parts manual page 223, item 23",伊泰LS190-ED10配件手册.pdf,A2U900-694099 — 蓄能器排放阀,A2U900-694099 蓄能器排放阀 | ED10 Spare Part,Verified part number A2U900-694099: 蓄能器排放阀 for ED10. Check equipment compatibility and submit an RFQ to qualified mining spare parts suppliers on KuangpeiY,/part-number/a2u900-694099,Request Quote,/rfq/new?partNumber=A2U900-694099,PUBLISHED_READY,2026-09-18
PN-000128,359-450002,359-450002,Sandvik / EIMCO,Underground LHD,ED10,Steering/Brake,Steering Column,Steering Column,柱，转向,EXPLICIT,VERIFIED,HIGH,"ED10 parts manual page 225, item 1; SANDVIK LS190-B2285 SPARE PARTS LIST_Mining India_24.03.2026.xlsx, Sheet1, row 192",SANDVIK LS190-B2285 SPARE PARTS LIST_Mining India_24.03.2026.xlsx | 伊泰LS190-ED10配件手册.pdf,359-450002 — Steering Column,359-450002 Steering Column | ED10 Spare Part,Verified part number 359-450002: Steering Column for ED10. Check equipment compatibility and submit an RFQ to qualified mining spare parts suppliers on Kua,/part-number/359-450002,Request Quote,/rfq/new?partNumber=359-450002,PUBLISHED_READY,2026-09-18
PN-000349,913-2971563,913-2971563,Sandvik / EIMCO,Underground LHD,ED10,Steering/Brake,转向阀,,"转向阀 | 控制零件装配包括部件 13, 14, 15, 16, 和 17",EXPLICIT,VERIFIED,HIGH,"ED10 parts manual page 225, item 2; ED10 parts manual page 228, item 12",伊泰LS190-ED10配件手册.pdf,913-2971563 — 转向阀,913-2971563 转向阀 | ED10 Spare Part,Verified part number 913-2971563: 转向阀 for ED10. Check equipment compatibility and submit an RFQ to qualified mining spare parts suppliers on KuangpeiYun.,/part-number/913-2971563,Request Quote,/rfq/new?partNumber=913-2971563,PUBLISHED_READY,2026-09-18
PN-000408,A2U130-421002,a2u130-421002,Sandvik / EIMCO,Underground LHD,ED10,Steering/Brake,转向车轮,,转向车轮,EXPLICIT,VERIFIED,HIGH,"ED10 parts manual page 225, item 3",伊泰LS190-ED10配件手册.pdf,A2U130-421002 — 转向车轮,A2U130-421002 转向车轮 | ED10 Spare Part,Verified part number A2U130-421002: 转向车轮 for ED10. Check equipment compatibility and submit an RFQ to qualified mining spare parts suppliers on KuangpeiYun,/part-number/a2u130-421002,Request Quote,/rfq/new?partNumber=A2U130-421002,PUBLISHED_READY,2026-09-18
PN-000416,A2U130-492018,a2u130-492018,Sandvik / EIMCO,Underground LHD,ED10,Steering/Brake,转向按钮,,转向按钮,EXPLICIT,VERIFIED,HIGH,"ED10 parts manual page 225, item 4",伊泰LS190-ED10配件手册.pdf,A2U130-492018 — 转向按钮,A2U130-492018 转向按钮 | ED10 Spare Part,Verified part number A2U130-492018: 转向按钮 for ED10. Check equipment compatibility and submit an RFQ to qualified mining spare parts suppliers on KuangpeiYun,/part-number/a2u130-492018,Request Quote,/rfq/new?partNumber=A2U130-492018,PUBLISHED_READY,2026-09-18
PN-001861,T12HJ,t12hj,Sandvik / EIMCO,Underground LHD,ED10,Fastener,螺母,,螺母,EXPLICIT,VERIFIED,HIGH,"ED10 parts manual page 225, item 5",伊泰LS190-ED10配件手册.pdf,T12HJ — 螺母,T12HJ 螺母 | ED10 Spare Part,Verified part number T12HJ: 螺母 for ED10. Check equipment compatibility and submit an RFQ to qualified mining spare parts suppliers on KuangpeiYun.,/part-number/t12hj,Request Quote,/rfq/new?partNumber=T12HJ,PUBLISHED_READY,2026-09-18
PN-001079,C2L844,c2l844,Sandvik / EIMCO,Underground LHD,ED10,Seal/Gasket,密封，灰尘,,密封，灰尘,EXPLICIT,VERIFIED,HIGH,"ED10 parts manual page 228, item 1",伊泰LS190-ED10配件手册.pdf,C2L844 — 密封，灰尘,C2L844 密封，灰尘 | ED10 Spare Part,Verified part number C2L844: 密封，灰尘 for ED10. Check equipment compatibility and submit an RFQ to qualified mining spare parts suppliers on KuangpeiYun.,/part-number/c2l844,Request Quote,/rfq/new?partNumber=C2L844,PUBLISHED_READY,2026-09-18
PN-001067,C2L14317,c2l14317,Sandvik / EIMCO,Underground LHD,ED10,Other,卡环,,卡环,EXPLICIT,VERIFIED,HIGH,"ED10 parts manual page 228, item 2",伊泰LS190-ED10配件手册.pdf,C2L14317 — 卡环,C2L14317 卡环 | ED10 Spare Part,Verified part number C2L14317: 卡环 for ED10. Check equipment compatibility and submit an RFQ to qualified mining spare parts suppliers on KuangpeiYun.,/part-number/c2l14317,Request Quote,/rfq/new?partNumber=C2L14317,PUBLISHED_READY,2026-09-18
PN-000127,359-1003458,359-1003458,Sandvik / EIMCO,Underground LHD,ED10,Seal/Gasket,轴衬，密封管,,轴衬，密封管,EXPLICIT,VERIFIED,HIGH,"ED10 parts manual page 228, item 3",伊泰LS190-ED10配件手册.pdf,359-1003458 — 轴衬，密封管,359-1003458 轴衬，密封管 | ED10 Spare Part,Verified part number 359-1003458: 轴衬，密封管 for ED10. Check equipment compatibility and submit an RFQ to qualified mining spare parts suppliers on KuangpeiYun,/part-number/359-1003458,Request Quote,/rfq/new?partNumber=359-1003458,PUBLISHED_READY,2026-09-18
PN-000087,102010,102010,Sandvik / EIMCO,Underground LHD,ED10,Other,O-型环,,O-型环,EXPLICIT,VERIFIED,HIGH,"ED10 parts manual page 228, item 4",伊泰LS190-ED10配件手册.pdf,102010 — O-型环,102010 O-型环 | ED10 Spare Part,Verified part number 102010: O-型环 for ED10. Check equipment compatibility and submit an RFQ to qualified mining spare parts suppliers on KuangpeiYun.,/part-number/102010,Request Quote,/rfq/new?partNumber=102010,PUBLISHED_READY,2026-09-18
PN-001075,C2L60524,c2l60524,Sandvik / EIMCO,Underground LHD,ED10,Seal/Gasket,密封,,密封,EXPLICIT,VERIFIED,HIGH,"ED10 parts manual page 228, item 5",伊泰LS190-ED10配件手册.pdf,C2L60524 — 密封,C2L60524 密封 | ED10 Spare Part,Verified part number C2L60524: 密封 for ED10. Check equipment compatibility and submit an RFQ to qualified mining spare parts suppliers on KuangpeiYun.,/part-number/c2l60524,Request Quote,/rfq/new?partNumber=C2L60524,PUBLISHED_READY,2026-09-18
PN-001076,C2L64006,c2l64006,Sandvik / EIMCO,Underground LHD,ED10,Other,轴承,,轴承,EXPLICIT,VERIFIED,HIGH,"ED10 parts manual page 228, item 6",伊泰LS190-ED10配件手册.pdf,C2L64006 — 轴承,C2L64006 轴承 | ED10 Spare Part,Verified part number C2L64006: 轴承 for ED10. Check equipment compatibility and submit an RFQ to qualified mining spare parts suppliers on KuangpeiYun.,/part-number/c2l64006,Request Quote,/rfq/new?partNumber=C2L64006,PUBLISHED_READY,2026-09-18
PN-001078,C2L8329,c2l8329,Sandvik / EIMCO,Underground LHD,ED10,Other,座圈，轴承,,座圈，轴承,EXPLICIT,VERIFIED,HIGH,"ED10 parts manual page 228, item 7",伊泰LS190-ED10配件手册.pdf,C2L8329 — 座圈，轴承,C2L8329 座圈，轴承 | ED10 Spare Part,Verified part number C2L8329: 座圈，轴承 for ED10. Check equipment compatibility and submit an RFQ to qualified mining spare parts suppliers on KuangpeiYun.,/part-number/c2l8329,Request Quote,/rfq/new?partNumber=C2L8329,PUBLISHED_READY,2026-09-18
PN-001073,C2L5544,c2l5544,Sandvik / EIMCO,Underground LHD,ED10,Other,轴承,,轴承,EXPLICIT,VERIFIED,HIGH,"ED10 parts manual page 228, item 8",伊泰LS190-ED10配件手册.pdf,C2L5544 — 轴承,C2L5544 轴承 | ED10 Spare Part,Verified part number C2L5544: 轴承 for ED10. Check equipment compatibility and submit an RFQ to qualified mining spare parts suppliers on KuangpeiYun.,/part-number/c2l5544,Request Quote,/rfq/new?partNumber=C2L5544,PUBLISHED_READY,2026-09-18
PN-001070,C2L15007,c2l15007,Sandvik / EIMCO,Underground LHD,ED10,Seal/Gasket,密封,,密封,EXPLICIT,VERIFIED,HIGH,"ED10 parts manual page 228, item 9",伊泰LS190-ED10配件手册.pdf,C2L15007 — 密封,C2L15007 密封 | ED10 Spare Part,Verified part number C2L15007: 密封 for ED10. Check equipment compatibility and submit an RFQ to qualified mining spare parts suppliers on KuangpeiYun.,/part-number/c2l15007,Request Quote,/rfq/new?partNumber=C2L15007,PUBLISHED_READY,2026-09-18
PN-001077,C2L8318,c2l8318,Sandvik / EIMCO,Underground LHD,ED10,Other,座位,,座位,EXPLICIT,VERIFIED,HIGH,"ED10 parts manual page 228, item 10",伊泰LS190-ED10配件手册.pdf,C2L8318 — 座位,C2L8318 座位 | ED10 Spare Part,Verified part number C2L8318: 座位 for ED10. Check equipment compatibility and submit an RFQ to qualified mining spare parts suppliers on KuangpeiYun.,/part-number/c2l8318,Request Quote,/rfq/new?partNumber=C2L8318,PUBLISHED_READY,2026-09-18
PN-001069,C2L15006,c2l15006,Sandvik / EIMCO,Underground LHD,ED10,Seal/Gasket,密封,,密封,EXPLICIT,VERIFIED,HIGH,"ED10 parts manual page 228, item 11",伊泰LS190-ED10配件手册.pdf,C2L15006 — 密封,C2L15006 密封 | ED10 Spare Part,Verified part number C2L15006: 密封 for ED10. Check equipment compatibility and submit an RFQ to qualified mining spare parts suppliers on KuangpeiYun.,/part-number/c2l15006,Request Quote,/rfq/new?partNumber=C2L15006,PUBLISHED_READY,2026-09-18
PN-001071,C2L370,c2l370,Sandvik / EIMCO,Underground LHD,ED10,Other,弹簧,,弹簧,EXPLICIT,VERIFIED,HIGH,"ED10 parts manual page 228, item 13",伊泰LS190-ED10配件手册.pdf,C2L370 — 弹簧,C2L370 弹簧 | ED10 Spare Part,Verified part number C2L370: 弹簧 for ED10. Check equipment compatibility and submit an RFQ to qualified mining spare parts suppliers on KuangpeiYun.,/part-number/c2l370,Request Quote,/rfq/new?partNumber=C2L370,PUBLISHED_READY,2026-09-18
PN-001068,C2L15,c2l15,Sandvik / EIMCO,Underground LHD,ED10,Structure,销钉,,销钉,EXPLICIT,VERIFIED,HIGH,"ED10 parts manual page 228, item 17",伊泰LS190-ED10配件手册.pdf,C2L15 — 销钉,C2L15 销钉 | ED10 Spare Part,Verified part number C2L15: 销钉 for ED10. Check equipment compatibility and submit an RFQ to qualified mining spare parts suppliers on KuangpeiYun.,/part-number/c2l15,Request Quote,/rfq/new?partNumber=C2L15,PUBLISHED_READY,2026-09-18
PN-001074,C2L5776,c2l5776,Sandvik / EIMCO,Underground LHD,ED10,Seal/Gasket,密封 R/B C2L9086-2,密封 R/B C2L9086-2,,EXPLICIT,VERIFIED,HIGH,"ED10 parts manual page 228, item 18",伊泰LS190-ED10配件手册.pdf,C2L5776 — 密封 R/B C2L9086-2,C2L5776 密封 R/B C2L9086-2 | ED10 Spare Part,Verified part number C2L5776: 密封 R/B C2L9086-2 for ED10. Check equipment compatibility and submit an RFQ to qualified mining spare parts suppliers on Kuang,/part-number/c2l5776,Request Quote,/rfq/new?partNumber=C2L5776,PUBLISHED_READY,2026-09-18
PN-001072,C2L5126,c2l5126,Sandvik / EIMCO,Underground LHD,ED10,Other,驱动,,驱动,EXPLICIT,VERIFIED,HIGH,"ED10 parts manual page 228, item 19",伊泰LS190-ED10配件手册.pdf,C2L5126 — 驱动,C2L5126 驱动 | ED10 Spare Part,Verified part number C2L5126: 驱动 for ED10. Check equipment compatibility and submit an RFQ to qualified mining spare parts suppliers on KuangpeiYun.,/part-number/c2l5126,Request Quote,/rfq/new?partNumber=C2L5126,PUBLISHED_READY,2026-09-18
PN-000783,A2U900-591643,a2u900-591643,Sandvik / EIMCO,Underground LHD,ED10,Hydraulic,BUCKET VALVE UNLOADER CARTRIDGE,BUCKET VALVE UNLOADER CARTRIDGE,铲斗控制阀,EXPLICIT,VERIFIED,HIGH,"ED10 parts manual page 230, item 4; Legacy XLS extracted cell strings; model not inferred from filename",Sandvik LS190.xls | 伊泰LS190-ED10配件手册.pdf,A2U900-591643 — BUCKET VALVE UNLOADER CARTRIDGE,A2U900-591643 BUCKET VALVE UNLOADER CARTRIDGE | ED10 Spare P,Verified part number A2U900-591643: BUCKET VALVE UNLOADER CARTRIDGE for ED10. Check equipment compatibility and submit an RFQ to qualified mining spare par,/part-number/a2u900-591643,Request Quote,/rfq/new?partNumber=A2U900-591643,PUBLISHED_READY,2026-09-18
PN-001531,D16-1717,d16-1717,Sandvik / EIMCO,Underground LHD,ED10,Hose/Fitting,接头,,接头,EXPLICIT,VERIFIED,HIGH,"ED10 parts manual page 230, item 5; ED10 parts manual page 251, item 27",伊泰LS190-ED10配件手册.pdf,D16-1717 — 接头,D16-1717 接头 | ED10 Spare Part,Verified part number D16-1717: 接头 for ED10. Check equipment compatibility and submit an RFQ to qualified mining spare parts suppliers on KuangpeiYun.,/part-number/d16-1717,Request Quote,/rfq/new?partNumber=D16-1717,PUBLISHED_READY,2026-09-18
PN-001532,D16-2117,d16-2117,Sandvik / EIMCO,Underground LHD,ED10,Hose/Fitting,接头,,接头,EXPLICIT,VERIFIED,HIGH,"ED10 parts manual page 230, item 6",伊泰LS190-ED10配件手册.pdf,D16-2117 — 接头,D16-2117 接头 | ED10 Spare Part,Verified part number D16-2117: 接头 for ED10. Check equipment compatibility and submit an RFQ to qualified mining spare parts suppliers on KuangpeiYun.,/part-number/d16-2117,Request Quote,/rfq/new?partNumber=D16-2117,PUBLISHED_READY,2026-09-18
PN-001536,D17-0409,d17-0409,Sandvik / EIMCO,Underground LHD,ED10,Hose/Fitting,弯头,,弯头 | 90度弯头,EXPLICIT,VERIFIED,HIGH,"ED10 parts manual page 230, item 8; ED10 parts manual page 237, item 10",伊泰LS190-ED10配件手册.pdf,D17-0409 — 弯头,D17-0409 弯头 | ED10 Spare Part,Verified part number D17-0409: 弯头 for ED10. Check equipment compatibility and submit an RFQ to qualified mining spare parts suppliers on KuangpeiYun.,/part-number/d17-0409,Request Quote,/rfq/new?partNumber=D17-0409,PUBLISHED_READY,2026-09-18
PN-001564,D226-0407,d226-0407,Sandvik / EIMCO,Underground LHD,ED10,Hose/Fitting,接头,,接头,EXPLICIT,VERIFIED,HIGH,"ED10 parts manual page 230, item 9",伊泰LS190-ED10配件手册.pdf,D226-0407 — 接头,D226-0407 接头 | ED10 Spare Part,Verified part number D226-0407: 接头 for ED10. Check equipment compatibility and submit an RFQ to qualified mining spare parts suppliers on KuangpeiYun.,/part-number/d226-0407,Request Quote,/rfq/new?partNumber=D226-0407,PUBLISHED_READY,2026-09-18
PN-001566,D226-1217,d226-1217,Sandvik / EIMCO,Underground LHD,ED10,Hose/Fitting,接头,,接头,EXPLICIT,VERIFIED,HIGH,"ED10 parts manual page 230, item 10",伊泰LS190-ED10配件手册.pdf,D226-1217 — 接头,D226-1217 接头 | ED10 Spare Part,Verified part number D226-1217: 接头 for ED10. Check equipment compatibility and submit an RFQ to qualified mining spare parts suppliers on KuangpeiYun.,/part-number/d226-1217,Request Quote,/rfq/new?partNumber=D226-1217,PUBLISHED_READY,2026-09-18
PN-001567,D226-1221,d226-1221,Sandvik / EIMCO,Underground LHD,ED10,Hose/Fitting,接头,,接头,EXPLICIT,VERIFIED,HIGH,"ED10 parts manual page 230, item 11",伊泰LS190-ED10配件手册.pdf,D226-1221 — 接头,D226-1221 接头 | ED10 Spare Part,Verified part number D226-1221: 接头 for ED10. Check equipment compatibility and submit an RFQ to qualified mining spare parts suppliers on KuangpeiYun.,/part-number/d226-1221,Request Quote,/rfq/new?partNumber=D226-1221,PUBLISHED_READY,2026-09-18
PN-001568,D226-1621,d226-1621,Sandvik / EIMCO,Underground LHD,ED10,Hose/Fitting,接头,,接头,EXPLICIT,VERIFIED,HIGH,"ED10 parts manual page 230, item 12",伊泰LS190-ED10配件手册.pdf,D226-1621 — 接头,D226-1621 接头 | ED10 Spare Part,Verified part number D226-1621: 接头 for ED10. Check equipment compatibility and submit an RFQ to qualified mining spare parts suppliers on KuangpeiYun.,/part-number/d226-1621,Request Quote,/rfq/new?partNumber=D226-1621,PUBLISHED_READY,2026-09-18
PN-001569,D226-1626,d226-1626,Sandvik / EIMCO,Underground LHD,ED10,Hose/Fitting,接头,,接头,EXPLICIT,VERIFIED,HIGH,"ED10 parts manual page 230, item 13",伊泰LS190-ED10配件手册.pdf,D226-1626 — 接头,D226-1626 接头 | ED10 Spare Part,Verified part number D226-1626: 接头 for ED10. Check equipment compatibility and submit an RFQ to qualified mining spare parts suppliers on KuangpeiYun.,/part-number/d226-1626,Request Quote,/rfq/new?partNumber=D226-1626,PUBLISHED_READY,2026-09-18
PN-001576,D257-1221,d257-1221,Sandvik / EIMCO,Underground LHD,ED10,Hose/Fitting,弯头,,弯头,EXPLICIT,VERIFIED,HIGH,"ED10 parts manual page 230, item 14",伊泰LS190-ED10配件手册.pdf,D257-1221 — 弯头,D257-1221 弯头 | ED10 Spare Part,Verified part number D257-1221: 弯头 for ED10. Check equipment compatibility and submit an RFQ to qualified mining spare parts suppliers on KuangpeiYun.,/part-number/d257-1221,Request Quote,/rfq/new?partNumber=D257-1221,PUBLISHED_READY,2026-09-18
PN-001695,D51-2121,d51-2121,Sandvik / EIMCO,Underground LHD,ED10,Other,连接器,,连接器,EXPLICIT,VERIFIED,HIGH,"ED10 parts manual page 230, item 18",伊泰LS190-ED10配件手册.pdf,D51-2121 — 连接器,D51-2121 连接器 | ED10 Spare Part,Verified part number D51-2121: 连接器 for ED10. Check equipment compatibility and submit an RFQ to qualified mining spare parts suppliers on KuangpeiYun.,/part-number/d51-2121,Request Quote,/rfq/new?partNumber=D51-2121,PUBLISHED_READY,2026-09-18
PN-001774,DA226-1217,da226-1217,Sandvik / EIMCO,Underground LHD,ED10,Other,管套节,,管套节,EXPLICIT,VERIFIED,HIGH,"ED10 parts manual page 230, item 20",伊泰LS190-ED10配件手册.pdf,DA226-1217 — 管套节,DA226-1217 管套节 | ED10 Spare Part,Verified part number DA226-1217: 管套节 for ED10. Check equipment compatibility and submit an RFQ to qualified mining spare parts suppliers on KuangpeiYun.,/part-number/da226-1217,Request Quote,/rfq/new?partNumber=DA226-1217,PUBLISHED_READY,2026-09-18
PN-000103,222325,222325,Sandvik / EIMCO,Underground LHD,ED10,Other,轴环,,轴环,EXPLICIT,VERIFIED,HIGH,"ED10 parts manual page 232, item 1",伊泰LS190-ED10配件手册.pdf,222325 — 轴环,222325 轴环 | ED10 Spare Part,Verified part number 222325: 轴环 for ED10. Check equipment compatibility and submit an RFQ to qualified mining spare parts suppliers on KuangpeiYun.,/part-number/222325,Request Quote,/rfq/new?partNumber=222325,PUBLISHED_READY,2026-09-18
PN-000471,A2U220-193420,a2u220-193420,Sandvik / EIMCO,Underground LHD,ED10,Structure,销钉,,销钉,EXPLICIT,VERIFIED,HIGH,"ED10 parts manual page 232, item 2",伊泰LS190-ED10配件手册.pdf,A2U220-193420 — 销钉,A2U220-193420 销钉 | ED10 Spare Part,Verified part number A2U220-193420: 销钉 for ED10. Check equipment compatibility and submit an RFQ to qualified mining spare parts suppliers on KuangpeiYun.,/part-number/a2u220-193420,Request Quote,/rfq/new?partNumber=A2U220-193420,PUBLISHED_READY,2026-09-18
PN-000652,A2U220-591348,a2u220-591348,Sandvik / EIMCO,Underground LHD,ED10,Other,防护罩，倾泄油缸,,防护罩，倾泄油缸,EXPLICIT,VERIFIED,HIGH,"ED10 parts manual page 232, item 3",伊泰LS190-ED10配件手册.pdf,A2U220-591348 — 防护罩，倾泄油缸,A2U220-591348 防护罩，倾泄油缸 | ED10 Spare Part,Verified part number A2U220-591348: 防护罩，倾泄油缸 for ED10. Check equipment compatibility and submit an RFQ to qualified mining spare parts suppliers on Kuangpe,/part-number/a2u220-591348,Request Quote,/rfq/new?partNumber=A2U220-591348,PUBLISHED_READY,2026-09-18
PN-000751,A2U900-392107,a2u900-392107,Sandvik / EIMCO,Underground LHD,ED10,Other,平头螺丝,,平头螺丝,EXPLICIT,VERIFIED,HIGH,"ED10 parts manual page 232, item 5; ED10 parts manual page 262, item 14; ED10 parts manual page 271, item 5",伊泰LS190-ED10配件手册.pdf,A2U900-392107 — 平头螺丝,A2U900-392107 平头螺丝 | ED10 Spare Part,Verified part number A2U900-392107: 平头螺丝 for ED10. Check equipment compatibility and submit an RFQ to qualified mining spare parts suppliers on KuangpeiYun,/part-number/a2u900-392107,Request Quote,/rfq/new?partNumber=A2U900-392107,PUBLISHED_READY,2026-09-18
PN-000378,A2U130-193435,a2u130-193435,Sandvik / EIMCO,Underground LHD,ED10,Structure,销钉,,销钉,EXPLICIT,VERIFIED,HIGH,"ED10 parts manual page 232, item 8",伊泰LS190-ED10配件手册.pdf,A2U130-193435 — 销钉,A2U130-193435 销钉 | ED10 Spare Part,Verified part number A2U130-193435: 销钉 for ED10. Check equipment compatibility and submit an RFQ to qualified mining spare parts suppliers on KuangpeiYun.,/part-number/a2u130-193435,Request Quote,/rfq/new?partNumber=A2U130-193435,PUBLISHED_READY,2026-09-18
PN-000752,A2U900-392110,a2u900-392110,Sandvik / EIMCO,Underground LHD,ED10,Other,平头螺丝,,平头螺丝,EXPLICIT,VERIFIED,HIGH,"ED10 parts manual page 232, item 9; ED10 parts manual page 262, item 13",伊泰LS190-ED10配件手册.pdf,A2U900-392110 — 平头螺丝,A2U900-392110 平头螺丝 | ED10 Spare Part,Verified part number A2U900-392110: 平头螺丝 for ED10. Check equipment compatibility and submit an RFQ to qualified mining spare parts suppliers on KuangpeiYun,/part-number/a2u900-392110,Request Quote,/rfq/new?partNumber=A2U900-392110,PUBLISHED_READY,2026-09-18
PN-000195,450063010,450063010,Sandvik / EIMCO,Underground LHD,ED10,Fastener,弹簧垫圈,,弹簧垫圈,EXPLICIT,VERIFIED,HIGH,"ED10 parts manual page 232, item 10",伊泰LS190-ED10配件手册.pdf,450063010 — 弹簧垫圈,450063010 弹簧垫圈 | ED10 Spare Part,Verified part number 450063010: 弹簧垫圈 for ED10. Check equipment compatibility and submit an RFQ to qualified mining spare parts suppliers on KuangpeiYun.,/part-number/450063010,Request Quote,/rfq/new?partNumber=450063010,PUBLISHED_READY,2026-09-18
PN-000080,06575109,06575109,Sandvik / EIMCO,Underground LHD,ED10,Fastener,内嵌尼龙螺母,,内嵌尼龙螺母,EXPLICIT,VERIFIED,HIGH,"ED10 parts manual page 232, item 11",伊泰LS190-ED10配件手册.pdf,06575109 — 内嵌尼龙螺母,06575109 内嵌尼龙螺母 | ED10 Spare Part,Verified part number 06575109: 内嵌尼龙螺母 for ED10. Check equipment compatibility and submit an RFQ to qualified mining spare parts suppliers on KuangpeiYun.,/part-number/06575109,Request Quote,/rfq/new?partNumber=06575109,PUBLISHED_READY,2026-09-18
PN-000144,445402859,445402859,Sandvik / EIMCO,Underground LHD,ED10,Fastener,螺钉,,螺钉,EXPLICIT,VERIFIED,HIGH,"ED10 parts manual page 232, item 12",伊泰LS190-ED10配件手册.pdf,445402859 — 螺钉,445402859 螺钉 | ED10 Spare Part,Verified part number 445402859: 螺钉 for ED10. Check equipment compatibility and submit an RFQ to qualified mining spare parts suppliers on KuangpeiYun.,/part-number/445402859,Request Quote,/rfq/new?partNumber=445402859,PUBLISHED_READY,2026-09-18
PN-000153,445403077,445403077,Sandvik / EIMCO,Underground LHD,ED10,Fastener,螺钉,,螺钉,EXPLICIT,VERIFIED,HIGH,"ED10 parts manual page 232, item 13",伊泰LS190-ED10配件手册.pdf,445403077 — 螺钉,445403077 螺钉 | ED10 Spare Part,Verified part number 445403077: 螺钉 for ED10. Check equipment compatibility and submit an RFQ to qualified mining spare parts suppliers on KuangpeiYun.,/part-number/445403077,Request Quote,/rfq/new?partNumber=445403077,PUBLISHED_READY,2026-09-18
PN-000081,06575111,06575111,Sandvik / EIMCO,Underground LHD,ED10,Fastener,内嵌尼龙螺母,,内嵌尼龙螺母,EXPLICIT,VERIFIED,HIGH,"ED10 parts manual page 232, item 14",伊泰LS190-ED10配件手册.pdf,06575111 — 内嵌尼龙螺母,06575111 内嵌尼龙螺母 | ED10 Spare Part,Verified part number 06575111: 内嵌尼龙螺母 for ED10. Check equipment compatibility and submit an RFQ to qualified mining spare parts suppliers on KuangpeiYun.,/part-number/06575111,Request Quote,/rfq/new?partNumber=06575111,PUBLISHED_READY,2026-09-18
PN-000028,A2U130-596154,a2u130-596154,Sandvik / EIMCO,Underground LHD,ED10,Hose/Fitting,Swivel Elbow,"ELBOW SWIVEL | SWIVEL ELBOW 1 5/16"""" UNO x 1 5/16"""" JIC 90",弯头，球铰接,EXPLICIT,VERIFIED,HIGH,ED10 manual page 232 item 15 explicitly lists A2U130-596154 as 弯头，球铰接; other source descriptions 'ELBOW SWIVEL' / 'SWIVEL ELBOW' are equivalent terminology.,SANDVIK LS 190-312 PARTS20260228.xlsx | SANDVIK LS190-B2285 SPARE PARTS LIST_Mining India_24.03.2026.xlsx | 伊泰LS190-ED10配件手册.pdf,A2U130-596154 — Swivel Elbow,A2U130-596154 Swivel Elbow | ED10 Spare Part,Verified part number A2U130-596154: Swivel Elbow for ED10. Check equipment compatibility and submit an RFQ to qualified mining spare parts suppliers on Kua,/part-number/a2u130-596154,Request Quote,/rfq/new?partNumber=A2U130-596154,PUBLISHED_READY,2026-09-18
PN-000643,A2U220-534057,a2u220-534057,Sandvik / EIMCO,Underground LHD,ED10,Other,吸管,,吸管,EXPLICIT,VERIFIED,HIGH,"ED10 parts manual page 235, item 4",伊泰LS190-ED10配件手册.pdf,A2U220-534057 — 吸管,A2U220-534057 吸管 | ED10 Spare Part,Verified part number A2U220-534057: 吸管 for ED10. Check equipment compatibility and submit an RFQ to qualified mining spare parts suppliers on KuangpeiYun.,/part-number/a2u220-534057,Request Quote,/rfq/new?partNumber=A2U220-534057,PUBLISHED_READY,2026-09-18
PN-000644,A2U220-534058,a2u220-534058,Sandvik / EIMCO,Underground LHD,ED10,Other,吸管,,吸管,EXPLICIT,VERIFIED,HIGH,"ED10 parts manual page 235, item 5",伊泰LS190-ED10配件手册.pdf,A2U220-534058 — 吸管,A2U220-534058 吸管 | ED10 Spare Part,Verified part number A2U220-534058: 吸管 for ED10. Check equipment compatibility and submit an RFQ to qualified mining spare parts suppliers on KuangpeiYun.,/part-number/a2u220-534058,Request Quote,/rfq/new?partNumber=A2U220-534058,PUBLISHED_READY,2026-09-18
PN-000645,A2U220-534059,a2u220-534059,Sandvik / EIMCO,Underground LHD,ED10,Other,吸管,,吸管,EXPLICIT,VERIFIED,HIGH,"ED10 parts manual page 235, item 6",伊泰LS190-ED10配件手册.pdf,A2U220-534059 — 吸管,A2U220-534059 吸管 | ED10 Spare Part,Verified part number A2U220-534059: 吸管 for ED10. Check equipment compatibility and submit an RFQ to qualified mining spare parts suppliers on KuangpeiYun.,/part-number/a2u220-534059,Request Quote,/rfq/new?partNumber=A2U220-534059,PUBLISHED_READY,2026-09-18
PN-000646,A2U220-534060,a2u220-534060,Sandvik / EIMCO,Underground LHD,ED10,Other,吸管,,吸管,EXPLICIT,VERIFIED,HIGH,"ED10 parts manual page 235, item 7",伊泰LS190-ED10配件手册.pdf,A2U220-534060 — 吸管,A2U220-534060 吸管 | ED10 Spare Part,Verified part number A2U220-534060: 吸管 for ED10. Check equipment compatibility and submit an RFQ to qualified mining spare parts suppliers on KuangpeiYun.,/part-number/a2u220-534060,Request Quote,/rfq/new?partNumber=A2U220-534060,PUBLISHED_READY,2026-09-18
PN-001678,D4700-24-55,d4700-24-55,Sandvik / EIMCO,Underground LHD,ED10,Hose/Fitting,吸入软管,,吸入软管,EXPLICIT,VERIFIED,HIGH,"ED10 parts manual page 235, item 8",伊泰LS190-ED10配件手册.pdf,D4700-24-55 — 吸入软管,D4700-24-55 吸入软管 | ED10 Spare Part,Verified part number D4700-24-55: 吸入软管 for ED10. Check equipment compatibility and submit an RFQ to qualified mining spare parts suppliers on KuangpeiYun.,/part-number/d4700-24-55,Request Quote,/rfq/new?partNumber=D4700-24-55,PUBLISHED_READY,2026-09-18
PN-001679,D4700-32-45,d4700-32-45,Sandvik / EIMCO,Underground LHD,ED10,Hose/Fitting,吸入软管,,吸入软管,EXPLICIT,VERIFIED,HIGH,"ED10 parts manual page 235, item 9",伊泰LS190-ED10配件手册.pdf,D4700-32-45 — 吸入软管,D4700-32-45 吸入软管 | ED10 Spare Part,Verified part number D4700-32-45: 吸入软管 for ED10. Check equipment compatibility and submit an RFQ to qualified mining spare parts suppliers on KuangpeiYun.,/part-number/d4700-32-45,Request Quote,/rfq/new?partNumber=D4700-32-45,PUBLISHED_READY,2026-09-18
PN-001680,D4700-32-60,d4700-32-60,Sandvik / EIMCO,Underground LHD,ED10,Hose/Fitting,吸入软管,,吸入软管,EXPLICIT,VERIFIED,HIGH,"ED10 parts manual page 235, item 10",伊泰LS190-ED10配件手册.pdf,D4700-32-60 — 吸入软管,D4700-32-60 吸入软管 | ED10 Spare Part,Verified part number D4700-32-60: 吸入软管 for ED10. Check equipment compatibility and submit an RFQ to qualified mining spare parts suppliers on KuangpeiYun.,/part-number/d4700-32-60,Request Quote,/rfq/new?partNumber=D4700-32-60,PUBLISHED_READY,2026-09-18
PN-001812,DR532,dr532,Sandvik / EIMCO,Underground LHD,ED10,Other,O_RING,"O_RING | O_RING 2"" SAE",O形圈,EXPLICIT,VERIFIED,HIGH,"ED10 parts manual page 235, item 15; ED10 parts manual page 254, item 7; SANDVIK LS190-B2285 SPARE PARTS LIST_Mining India_24.03.2026.xlsx, Sheet1, row 78; SANDVIK LS190-B2285 SPARE PARTS LIST_Mining India_24.03.2026.xlsx, Sheet1, row 82; SANDVIK LS190-B2285 SPARE PARTS LIST_Mining India_24.03.2026.xlsx, Sheet1, row 166",SANDVIK LS190-B2285 SPARE PARTS LIST_Mining India_24.03.2026.xlsx | 伊泰LS190-ED10配件手册.pdf,DR532 — O_RING,DR532 O_RING | ED10 Spare Part,Verified part number DR532: O_RING for ED10. Check equipment compatibility and submit an RFQ to qualified mining spare parts suppliers on KuangpeiYun.,/part-number/dr532,Request Quote,/rfq/new?partNumber=DR532,PUBLISHED_READY,2026-09-18
PN-001892,TTBS-52-55,ttbs-52-55,Sandvik / EIMCO,Underground LHD,ED10,Hose/Fitting,软管夹,,软管夹,EXPLICIT,VERIFIED,HIGH,"ED10 parts manual page 235, item 17",伊泰LS190-ED10配件手册.pdf,TTBS-52-55 — 软管夹,TTBS-52-55 软管夹 | ED10 Spare Part,Verified part number TTBS-52-55: 软管夹 for ED10. Check equipment compatibility and submit an RFQ to qualified mining spare parts suppliers on KuangpeiYun.,/part-number/ttbs-52-55,Request Quote,/rfq/new?partNumber=TTBS-52-55,PUBLISHED_READY,2026-09-18
PN-001893,TTBS-67-73,ttbs-67-73,Sandvik / EIMCO,Underground LHD,ED10,Hose/Fitting,软管夹,,软管夹,EXPLICIT,VERIFIED,HIGH,"ED10 parts manual page 235, item 18",伊泰LS190-ED10配件手册.pdf,TTBS-67-73 — 软管夹,TTBS-67-73 软管夹 | ED10 Spare Part,Verified part number TTBS-67-73: 软管夹 for ED10. Check equipment compatibility and submit an RFQ to qualified mining spare parts suppliers on KuangpeiYun.,/part-number/ttbs-67-73,Request Quote,/rfq/new?partNumber=TTBS-67-73,PUBLISHED_READY,2026-09-18
PN-000426,A2U130-591243,a2u130-591243,Sandvik / EIMCO,Underground LHD,ED10,Hydraulic,快速分离系统阀块,,快速分离系统阀块,EXPLICIT,VERIFIED,HIGH,"ED10 parts manual page 237, item 1",伊泰LS190-ED10配件手册.pdf,A2U130-591243 — 快速分离系统阀块,A2U130-591243 快速分离系统阀块 | ED10 Spare Part,Verified part number A2U130-591243: 快速分离系统阀块 for ED10. Check equipment compatibility and submit an RFQ to qualified mining spare parts suppliers on Kuangpe,/part-number/a2u130-591243,Request Quote,/rfq/new?partNumber=A2U130-591243,PUBLISHED_READY,2026-09-18
PN-000434,A2U130-594180,a2u130-594180,Sandvik / EIMCO,Underground LHD,ED10,Other,先导检查QDS锁,,先导检查QDS锁,EXPLICIT,VERIFIED,HIGH,"ED10 parts manual page 237, item 2",伊泰LS190-ED10配件手册.pdf,A2U130-594180 — 先导检查QDS锁,A2U130-594180 先导检查QDS锁 | ED10 Spare Part,Verified part number A2U130-594180: 先导检查QDS锁 for ED10. Check equipment compatibility and submit an RFQ to qualified mining spare parts suppliers on Kuangpe,/part-number/a2u130-594180,Request Quote,/rfq/new?partNumber=A2U130-594180,PUBLISHED_READY,2026-09-18
PN-001781,DA4-88,da4-88,Sandvik / EIMCO,Underground LHD,ED10,Hose/Fitting,接头,,接头,EXPLICIT,VERIFIED,HIGH,"ED10 parts manual page 237, item 4",伊泰LS190-ED10配件手册.pdf,DA4-88 — 接头,DA4-88 接头 | ED10 Spare Part,Verified part number DA4-88: 接头 for ED10. Check equipment compatibility and submit an RFQ to qualified mining spare parts suppliers on KuangpeiYun.,/part-number/da4-88,Request Quote,/rfq/new?partNumber=DA4-88,PUBLISHED_READY,2026-09-18
PN-001080,CB3-1208,cb3-1208,Sandvik / EIMCO,Underground LHD,ED10,Hose/Fitting,接头,,接头,EXPLICIT,VERIFIED,HIGH,"ED10 parts manual page 237, item 5",伊泰LS190-ED10配件手册.pdf,CB3-1208 — 接头,CB3-1208 接头 | ED10 Spare Part,Verified part number CB3-1208: 接头 for ED10. Check equipment compatibility and submit an RFQ to qualified mining spare parts suppliers on KuangpeiYun.,/part-number/cb3-1208,Request Quote,/rfq/new?partNumber=CB3-1208,PUBLISHED_READY,2026-09-18
PN-001577,D257-47,d257-47,Sandvik / EIMCO,Underground LHD,ED10,Hose/Fitting,弯头,,弯头,EXPLICIT,VERIFIED,HIGH,"ED10 parts manual page 237, item 6",伊泰LS190-ED10配件手册.pdf,D257-47 — 弯头,D257-47 弯头 | ED10 Spare Part,Verified part number D257-47: 弯头 for ED10. Check equipment compatibility and submit an RFQ to qualified mining spare parts suppliers on KuangpeiYun.,/part-number/d257-47,Request Quote,/rfq/new?partNumber=D257-47,PUBLISHED_READY,2026-09-18
PN-001527,D15-812,d15-812,Sandvik / EIMCO,Underground LHD,ED10,Hose/Fitting,接头,,接头,EXPLICIT,VERIFIED,HIGH,"ED10 parts manual page 237, item 7",伊泰LS190-ED10配件手册.pdf,D15-812 — 接头,D15-812 接头 | ED10 Spare Part,Verified part number D15-812: 接头 for ED10. Check equipment compatibility and submit an RFQ to qualified mining spare parts suppliers on KuangpeiYun.,/part-number/d15-812,Request Quote,/rfq/new?partNumber=D15-812,PUBLISHED_READY,2026-09-18
PN-001551,D17-817,d17-817,Sandvik / EIMCO,Underground LHD,ED10,Hose/Fitting,弯头,,弯头,EXPLICIT,VERIFIED,HIGH,"ED10 parts manual page 237, item 9",伊泰LS190-ED10配件手册.pdf,D17-817 — 弯头,D17-817 弯头 | ED10 Spare Part,Verified part number D17-817: 弯头 for ED10. Check equipment compatibility and submit an RFQ to qualified mining spare parts suppliers on KuangpeiYun.,/part-number/d17-817,Request Quote,/rfq/new?partNumber=D17-817,PUBLISHED_READY,2026-09-18
PN-001755,D66-128,d66-128,Sandvik / EIMCO,Underground LHD,ED10,Other,适配器,,适配器,EXPLICIT,VERIFIED,HIGH,"ED10 parts manual page 237, item 11",伊泰LS190-ED10配件手册.pdf,D66-128 — 适配器,D66-128 适配器 | ED10 Spare Part,Verified part number D66-128: 适配器 for ED10. Check equipment compatibility and submit an RFQ to qualified mining spare parts suppliers on KuangpeiYun.,/part-number/d66-128,Request Quote,/rfq/new?partNumber=D66-128,PUBLISHED_READY,2026-09-18
PN-001718,D53-1217,d53-1217,Sandvik / EIMCO,Underground LHD,ED10,Hose/Fitting,弯头,,弯头,EXPLICIT,VERIFIED,HIGH,"ED10 parts manual page 237, item 12",伊泰LS190-ED10配件手册.pdf,D53-1217 — 弯头,D53-1217 弯头 | ED10 Spare Part,Verified part number D53-1217: 弯头 for ED10. Check equipment compatibility and submit an RFQ to qualified mining spare parts suppliers on KuangpeiYun.,/part-number/d53-1217,Request Quote,/rfq/new?partNumber=D53-1217,PUBLISHED_READY,2026-09-18
PN-001676,D41-812,d41-812,Sandvik / EIMCO,Underground LHD,ED10,Hose/Fitting,弯头,,弯头 | 45度弯头,EXPLICIT,VERIFIED,HIGH,"ED10 parts manual page 237, item 13; ED10 parts manual page 251, item 33",伊泰LS190-ED10配件手册.pdf,D41-812 — 弯头,D41-812 弯头 | ED10 Spare Part,Verified part number D41-812: 弯头 for ED10. Check equipment compatibility and submit an RFQ to qualified mining spare parts suppliers on KuangpeiYun.,/part-number/d41-812,Request Quote,/rfq/new?partNumber=D41-812,PUBLISHED_READY,2026-09-18
PN-001733,D54-1212,d54-1212,Sandvik / EIMCO,Underground LHD,ED10,Hose/Fitting,弯头,,弯头,EXPLICIT,VERIFIED,HIGH,"ED10 parts manual page 237, item 14; ED10 parts manual page 251, item 39",伊泰LS190-ED10配件手册.pdf,D54-1212 — 弯头,D54-1212 弯头 | ED10 Spare Part,Verified part number D54-1212: 弯头 for ED10. Check equipment compatibility and submit an RFQ to qualified mining spare parts suppliers on KuangpeiYun.,/part-number/d54-1212,Request Quote,/rfq/new?partNumber=D54-1212,PUBLISHED_READY,2026-09-18
PN-001528,D15-817,d15-817,Sandvik / EIMCO,Underground LHD,ED10,Hose/Fitting,接头,,接头,EXPLICIT,VERIFIED,HIGH,"ED10 parts manual page 237, item 15; ED10 parts manual page 240, item 13",伊泰LS190-ED10配件手册.pdf,D15-817 — 接头,D15-817 接头 | ED10 Spare Part,Verified part number D15-817: 接头 for ED10. Check equipment compatibility and submit an RFQ to qualified mining spare parts suppliers on KuangpeiYun.,/part-number/d15-817,Request Quote,/rfq/new?partNumber=D15-817,PUBLISHED_READY,2026-09-18
PN-001817,E2HSM252,e2hsm252,Sandvik / EIMCO,Underground LHD,ED10,Hose/Fitting,"COUPLING, MALE","COUPLING, MALE",阳快速连接,EXPLICIT,VERIFIED,HIGH,"ED10 parts manual page 237, item 16; SANDVIK LS190-B2285 SPARE PARTS LIST_Mining India_24.03.2026.xlsx, Sheet1, row 132; SANDVIK LS190-B2285 SPARE PARTS LIST_Mining India_24.03.2026.xlsx, Sheet1, row 247",SANDVIK LS190-B2285 SPARE PARTS LIST_Mining India_24.03.2026.xlsx | 伊泰LS190-ED10配件手册.pdf,"E2HSM252 — COUPLING, MALE","E2HSM252 COUPLING, MALE | ED10 Spare Part","Verified part number E2HSM252: COUPLING, MALE for ED10. Check equipment compatibility and submit an RFQ to qualified mining spare parts suppliers on Kuangp",/part-number/e2hsm252,Request Quote,/rfq/new?partNumber=E2HSM252,PUBLISHED_READY,2026-09-18
PN-001816,E2HSM251,e2hsm251,Sandvik / EIMCO,Underground LHD,ED10,Hose/Fitting,"COUPLING, FEMALE","COUPLING, FEMALE",阴快速连接,EXPLICIT,VERIFIED,HIGH,"ED10 parts manual page 237, item 17; SANDVIK LS190-B2285 SPARE PARTS LIST_Mining India_24.03.2026.xlsx, Sheet1, row 131; SANDVIK LS190-B2285 SPARE PARTS LIST_Mining India_24.03.2026.xlsx, Sheet1, row 246",SANDVIK LS190-B2285 SPARE PARTS LIST_Mining India_24.03.2026.xlsx | 伊泰LS190-ED10配件手册.pdf,"E2HSM251 — COUPLING, FEMALE","E2HSM251 COUPLING, FEMALE | ED10 Spare Part","Verified part number E2HSM251: COUPLING, FEMALE for ED10. Check equipment compatibility and submit an RFQ to qualified mining spare parts suppliers on Kuan",/part-number/e2hsm251,Request Quote,/rfq/new?partNumber=E2HSM251,PUBLISHED_READY,2026-09-18
PN-000810,A2U900-596145,a2u900-596145,Sandvik / EIMCO,Underground LHD,ED10,Other,MALE QUICK CONNECT,MALE QUICK CONNECT,阳快速连接,EXPLICIT,VERIFIED,HIGH,"ED10 parts manual page 237, item 18; SANDVIK LS190-B2285 SPARE PARTS LIST_Mining India_24.03.2026.xlsx, Sheet1, row 127; SANDVIK LS190-B2285 SPARE PARTS LIST_Mining India_24.03.2026.xlsx, Sheet1, row 243",SANDVIK LS190-B2285 SPARE PARTS LIST_Mining India_24.03.2026.xlsx | 伊泰LS190-ED10配件手册.pdf,A2U900-596145 — MALE QUICK CONNECT,A2U900-596145 MALE QUICK CONNECT | ED10 Spare Part,Verified part number A2U900-596145: MALE QUICK CONNECT for ED10. Check equipment compatibility and submit an RFQ to qualified mining spare parts suppliers ,/part-number/a2u900-596145,Request Quote,/rfq/new?partNumber=A2U900-596145,PUBLISHED_READY,2026-09-18
PN-000811,A2U900-596146,a2u900-596146,Sandvik / EIMCO,Underground LHD,"ED10, LS190",Other,FEMALE QUICK CONNECT,"FEMALE QUICK CONNECT | FEMALE QUICK CONNECT 3/8"" BSPP -",阴快速连接,EXPLICIT,VERIFIED,HIGH,"ED10 parts manual page 237, item 19; SANDVIK LS190-B2285 SPARE PARTS LIST_Mining India_24.03.2026.xlsx, Sheet1, row 128; Purchase Order-Shanxi.xlsx, Sheet1, row 26",Purchase Order-Shanxi.xlsx | SANDVIK LS190-B2285 SPARE PARTS LIST_Mining India_24.03.2026.xlsx | 伊泰LS190-ED10配件手册.pdf,A2U900-596146 — FEMALE QUICK CONNECT,"A2U900-596146 FEMALE QUICK CONNECT | ED10, LS190 Spare Part","Verified part number A2U900-596146: FEMALE QUICK CONNECT for ED10, LS190. Check equipment compatibility and submit an RFQ to qualified mining spare parts s",/part-number/a2u900-596146,Request Quote,/rfq/new?partNumber=A2U900-596146,PUBLISHED_READY,2026-09-18
PN-000814,A2U900-596153,a2u900-596153,Sandvik / EIMCO,Underground LHD,ED10,Other,完全联轴节,,完全联轴节 | 速接连轴节安装,EXPLICIT,VERIFIED,HIGH,"ED10 parts manual page 237, item 20; ED10 parts manual page 247, item 4",伊泰LS190-ED10配件手册.pdf,A2U900-596153 — 完全联轴节,A2U900-596153 完全联轴节 | ED10 Spare Part,Verified part number A2U900-596153: 完全联轴节 for ED10. Check equipment compatibility and submit an RFQ to qualified mining spare parts suppliers on KuangpeiYu,/part-number/a2u900-596153,Request Quote,/rfq/new?partNumber=A2U900-596153,PUBLISHED_READY,2026-09-18
PN-001666,D38-88,d38-88,Sandvik / EIMCO,Underground LHD,ED10,Hose/Fitting,弯头,,弯头,EXPLICIT,VERIFIED,HIGH,"ED10 parts manual page 237, item 21",伊泰LS190-ED10配件手册.pdf,D38-88 — 弯头,D38-88 弯头 | ED10 Spare Part,Verified part number D38-88: 弯头 for ED10. Check equipment compatibility and submit an RFQ to qualified mining spare parts suppliers on KuangpeiYun.,/part-number/d38-88,Request Quote,/rfq/new?partNumber=D38-88,PUBLISHED_READY,2026-09-18
PN-001524,D15-47,d15-47,Sandvik / EIMCO,Underground LHD,ED10,Hose/Fitting,接头,,接头,EXPLICIT,VERIFIED,HIGH,"ED10 parts manual page 237, item 23",伊泰LS190-ED10配件手册.pdf,D15-47 — 接头,D15-47 接头 | ED10 Spare Part,Verified part number D15-47: 接头 for ED10. Check equipment compatibility and submit an RFQ to qualified mining spare parts suppliers on KuangpeiYun.,/part-number/d15-47,Request Quote,/rfq/new?partNumber=D15-47,PUBLISHED_READY,2026-09-18
PN-001779,DA4-44,da4-44,Sandvik / EIMCO,Underground LHD,ED10,Hose/Fitting,接头,,接头,EXPLICIT,VERIFIED,HIGH,"ED10 parts manual page 237, item 24",伊泰LS190-ED10配件手册.pdf,DA4-44 — 接头,DA4-44 接头 | ED10 Spare Part,Verified part number DA4-44: 接头 for ED10. Check equipment compatibility and submit an RFQ to qualified mining spare parts suppliers on KuangpeiYun.,/part-number/da4-44,Request Quote,/rfq/new?partNumber=DA4-44,PUBLISHED_READY,2026-09-18
PN-001582,D29-4-210-7A,d29-4-210-7a,Sandvik / EIMCO,Underground LHD,ED10,Hose/Fitting,软管安装,,软管安装,EXPLICIT,VERIFIED,HIGH,"ED10 parts manual page 237, item 25",伊泰LS190-ED10配件手册.pdf,D29-4-210-7A — 软管安装,D29-4-210-7A 软管安装 | ED10 Spare Part,Verified part number D29-4-210-7A: 软管安装 for ED10. Check equipment compatibility and submit an RFQ to qualified mining spare parts suppliers on KuangpeiYun.,/part-number/d29-4-210-7a,Request Quote,/rfq/new?partNumber=D29-4-210-7A,PUBLISHED_READY,2026-09-18
PN-001583,D29-4-370-7,d29-4-370-7,Sandvik / EIMCO,Underground LHD,ED10,Hose/Fitting,软管安装,,软管安装,EXPLICIT,VERIFIED,HIGH,"ED10 parts manual page 237, item 26",伊泰LS190-ED10配件手册.pdf,D29-4-370-7 — 软管安装,D29-4-370-7 软管安装 | ED10 Spare Part,Verified part number D29-4-370-7: 软管安装 for ED10. Check equipment compatibility and submit an RFQ to qualified mining spare parts suppliers on KuangpeiYun.,/part-number/d29-4-370-7,Request Quote,/rfq/new?partNumber=D29-4-370-7,PUBLISHED_READY,2026-09-18
PN-001584,D29-8-112-12A,d29-8-112-12a,Sandvik / EIMCO,Underground LHD,ED10,Hose/Fitting,软管安装,,软管安装,EXPLICIT,VERIFIED,HIGH,"ED10 parts manual page 237, item 27",伊泰LS190-ED10配件手册.pdf,D29-8-112-12A — 软管安装,D29-8-112-12A 软管安装 | ED10 Spare Part,Verified part number D29-8-112-12A: 软管安装 for ED10. Check equipment compatibility and submit an RFQ to qualified mining spare parts suppliers on KuangpeiYun,/part-number/d29-8-112-12a,Request Quote,/rfq/new?partNumber=D29-8-112-12A,PUBLISHED_READY,2026-09-18
PN-001581,D29-12-240-17A,d29-12-240-17a,Sandvik / EIMCO,Underground LHD,ED10,Hose/Fitting,软管安装,,软管安装,EXPLICIT,VERIFIED,HIGH,"ED10 parts manual page 237, item 28",伊泰LS190-ED10配件手册.pdf,D29-12-240-17A — 软管安装,D29-12-240-17A 软管安装 | ED10 Spare Part,Verified part number D29-12-240-17A: 软管安装 for ED10. Check equipment compatibility and submit an RFQ to qualified mining spare parts suppliers on KuangpeiYu,/part-number/d29-12-240-17a,Request Quote,/rfq/new?partNumber=D29-12-240-17A,PUBLISHED_READY,2026-09-18
PN-001612,D2900-4-130-7,d2900-4-130-7,Sandvik / EIMCO,Underground LHD,ED10,Hose/Fitting,软管安装,,软管安装,EXPLICIT,VERIFIED,HIGH,"ED10 parts manual page 237, item 29",伊泰LS190-ED10配件手册.pdf,D2900-4-130-7 — 软管安装,D2900-4-130-7 软管安装 | ED10 Spare Part,Verified part number D2900-4-130-7: 软管安装 for ED10. Check equipment compatibility and submit an RFQ to qualified mining spare parts suppliers on KuangpeiYun,/part-number/d2900-4-130-7,Request Quote,/rfq/new?partNumber=D2900-4-130-7,PUBLISHED_READY,2026-09-18
PN-001614,D2900-4-160-7,d2900-4-160-7,Sandvik / EIMCO,Underground LHD,ED10,Hose/Fitting,软管安装,,软管安装,EXPLICIT,VERIFIED,HIGH,"ED10 parts manual page 237, item 30",伊泰LS190-ED10配件手册.pdf,D2900-4-160-7 — 软管安装,D2900-4-160-7 软管安装 | ED10 Spare Part,Verified part number D2900-4-160-7: 软管安装 for ED10. Check equipment compatibility and submit an RFQ to qualified mining spare parts suppliers on KuangpeiYun,/part-number/d2900-4-160-7,Request Quote,/rfq/new?partNumber=D2900-4-160-7,PUBLISHED_READY,2026-09-18
PN-001611,D2900-4-120-9,d2900-4-120-9,Sandvik / EIMCO,Underground LHD,ED10,Hose/Fitting,软管安装,,软管安装,EXPLICIT,VERIFIED,HIGH,"ED10 parts manual page 237, item 31",伊泰LS190-ED10配件手册.pdf,D2900-4-120-9 — 软管安装,D2900-4-120-9 软管安装 | ED10 Spare Part,Verified part number D2900-4-120-9: 软管安装 for ED10. Check equipment compatibility and submit an RFQ to qualified mining spare parts suppliers on KuangpeiYun,/part-number/d2900-4-120-9,Request Quote,/rfq/new?partNumber=D2900-4-120-9,PUBLISHED_READY,2026-09-18
PN-000357,A2U130-171438,a2u130-171438,Sandvik / EIMCO,Underground LHD,ED10,Hydraulic,QDS阀块,QDS阀块,标牌,EXPLICIT,VERIFIED,HIGH,"ED10 parts manual page 237, item 32; ED10 parts manual page 237, item 33",伊泰LS190-ED10配件手册.pdf,A2U130-171438 — QDS阀块,A2U130-171438 QDS阀块 | ED10 Spare Part,Verified part number A2U130-171438: QDS阀块 for ED10. Check equipment compatibility and submit an RFQ to qualified mining spare parts suppliers on KuangpeiYu,/part-number/a2u130-171438,Request Quote,/rfq/new?partNumber=A2U130-171438,PUBLISHED_READY,2026-09-18
PN-001691,D50/77,d50-77,Sandvik / EIMCO,Underground LHD,ED10,Hose/Fitting,90度弯头,,90度弯头,EXPLICIT,VERIFIED,HIGH,"ED10 parts manual page 237, item 34",伊泰LS190-ED10配件手册.pdf,D50/77 — 90度弯头,D50/77 90度弯头 | ED10 Spare Part,Verified part number D50/77: 90度弯头 for ED10. Check equipment compatibility and submit an RFQ to qualified mining spare parts suppliers on KuangpeiYun.,/part-number/d50-77,Request Quote,/rfq/new?partNumber=D50/77,PUBLISHED_READY,2026-09-18
PN-001601,D2900-120-17,d2900-120-17,Sandvik / EIMCO,Underground LHD,ED10,Hose/Fitting,软管安装,,软管安装,EXPLICIT,VERIFIED,HIGH,"ED10 parts manual page 240, item 1",伊泰LS190-ED10配件手册.pdf,D2900-120-17 — 软管安装,D2900-120-17 软管安装 | ED10 Spare Part,Verified part number D2900-120-17: 软管安装 for ED10. Check equipment compatibility and submit an RFQ to qualified mining spare parts suppliers on KuangpeiYun.,/part-number/d2900-120-17,Request Quote,/rfq/new?partNumber=D2900-120-17,PUBLISHED_READY,2026-09-18
PN-001806,DN258-276-21A,dn258-276-21a,Sandvik / EIMCO,Underground LHD,ED10,Hose/Fitting,软管安装,,软管安装,EXPLICIT,VERIFIED,HIGH,"ED10 parts manual page 240, item 2",伊泰LS190-ED10配件手册.pdf,DN258-276-21A — 软管安装,DN258-276-21A 软管安装 | ED10 Spare Part,Verified part number DN258-276-21A: 软管安装 for ED10. Check equipment compatibility and submit an RFQ to qualified mining spare parts suppliers on KuangpeiYun,/part-number/dn258-276-21a,Request Quote,/rfq/new?partNumber=DN258-276-21A,PUBLISHED_READY,2026-09-18
PN-001592,D2900-12-220-17,d2900-12-220-17,Sandvik / EIMCO,Underground LHD,ED10,Hose/Fitting,软管安装,,软管安装,EXPLICIT,VERIFIED,HIGH,"ED10 parts manual page 240, item 4",伊泰LS190-ED10配件手册.pdf,D2900-12-220-17 — 软管安装,D2900-12-220-17 软管安装 | ED10 Spare Part,Verified part number D2900-12-220-17: 软管安装 for ED10. Check equipment compatibility and submit an RFQ to qualified mining spare parts suppliers on KuangpeiY,/part-number/d2900-12-220-17,Request Quote,/rfq/new?partNumber=D2900-12-220-17,PUBLISHED_READY,2026-09-18
PN-001610,D2900-4-113-9,d2900-4-113-9,Sandvik / EIMCO,Underground LHD,ED10,Hose/Fitting,软管安装,,软管安装,EXPLICIT,VERIFIED,HIGH,"ED10 parts manual page 240, item 5",伊泰LS190-ED10配件手册.pdf,D2900-4-113-9 — 软管安装,D2900-4-113-9 软管安装 | ED10 Spare Part,Verified part number D2900-4-113-9: 软管安装 for ED10. Check equipment compatibility and submit an RFQ to qualified mining spare parts suppliers on KuangpeiYun,/part-number/d2900-4-113-9,Request Quote,/rfq/new?partNumber=D2900-4-113-9,PUBLISHED_READY,2026-09-18
PN-000648,A2U220-590092,a2u220-590092,Sandvik / EIMCO,Underground LHD,ED10,Hydraulic,铲斗方向控制阀,,铲斗方向控制阀,EXPLICIT,VERIFIED,HIGH,"ED10 parts manual page 240, item 6",伊泰LS190-ED10配件手册.pdf,A2U220-590092 — 铲斗方向控制阀,A2U220-590092 铲斗方向控制阀 | ED10 Spare Part,Verified part number A2U220-590092: 铲斗方向控制阀 for ED10. Check equipment compatibility and submit an RFQ to qualified mining spare parts suppliers on Kuangpei,/part-number/a2u220-590092,Request Quote,/rfq/new?partNumber=A2U220-590092,PUBLISHED_READY,2026-09-18
PN-001624,D2900-6-100-9,d2900-6-100-9,Sandvik / EIMCO,Underground LHD,ED10,Hose/Fitting,软管安装,,软管安装,EXPLICIT,VERIFIED,HIGH,"ED10 parts manual page 240, item 7; ED10 parts manual page 257, item 29; ED10 parts manual page 257, item 38",伊泰LS190-ED10配件手册.pdf,D2900-6-100-9 — 软管安装,D2900-6-100-9 软管安装 | ED10 Spare Part,Verified part number D2900-6-100-9: 软管安装 for ED10. Check equipment compatibility and submit an RFQ to qualified mining spare parts suppliers on KuangpeiYun,/part-number/d2900-6-100-9,Request Quote,/rfq/new?partNumber=D2900-6-100-9,PUBLISHED_READY,2026-09-18
PN-000662,A2U220-594392,a2u220-594392,Sandvik / EIMCO,Underground LHD,ED10,Hydraulic,滑阀,,滑阀,EXPLICIT,VERIFIED,HIGH,"ED10 parts manual page 240, item 8",伊泰LS190-ED10配件手册.pdf,A2U220-594392 — 滑阀,A2U220-594392 滑阀 | ED10 Spare Part,Verified part number A2U220-594392: 滑阀 for ED10. Check equipment compatibility and submit an RFQ to qualified mining spare parts suppliers on KuangpeiYun.,/part-number/a2u220-594392,Request Quote,/rfq/new?partNumber=A2U220-594392,PUBLISHED_READY,2026-09-18
PN-001575,D257-0409,d257-0409,Sandvik / EIMCO,Underground LHD,ED10,Hose/Fitting,90度弯头,,90度弯头,EXPLICIT,VERIFIED,HIGH,"ED10 parts manual page 240, item 10",伊泰LS190-ED10配件手册.pdf,D257-0409 — 90度弯头,D257-0409 90度弯头 | ED10 Spare Part,Verified part number D257-0409: 90度弯头 for ED10. Check equipment compatibility and submit an RFQ to qualified mining spare parts suppliers on KuangpeiYun.,/part-number/d257-0409,Request Quote,/rfq/new?partNumber=D257-0409,PUBLISHED_READY,2026-09-18
PN-001571,D25-0409,d25-0409,Sandvik / EIMCO,Underground LHD,ED10,Other,连接器,,连接器,EXPLICIT,VERIFIED,HIGH,"ED10 parts manual page 240, item 11",伊泰LS190-ED10配件手册.pdf,D25-0409 — 连接器,D25-0409 连接器 | ED10 Spare Part,Verified part number D25-0409: 连接器 for ED10. Check equipment compatibility and submit an RFQ to qualified mining spare parts suppliers on KuangpeiYun.,/part-number/d25-0409,Request Quote,/rfq/new?partNumber=D25-0409,PUBLISHED_READY,2026-09-18
PN-000654,A2U220-591357,a2u220-591357,Sandvik / EIMCO,Underground LHD,ED10,Structure,左托架,,左托架,EXPLICIT,VERIFIED,HIGH,"ED10 parts manual page 240, item 14",伊泰LS190-ED10配件手册.pdf,A2U220-591357 — 左托架,A2U220-591357 左托架 | ED10 Spare Part,Verified part number A2U220-591357: 左托架 for ED10. Check equipment compatibility and submit an RFQ to qualified mining spare parts suppliers on KuangpeiYun.,/part-number/a2u220-591357,Request Quote,/rfq/new?partNumber=A2U220-591357,PUBLISHED_READY,2026-09-18
PN-000655,A2U220-591358,a2u220-591358,Sandvik / EIMCO,Underground LHD,ED10,Structure,右托架,,右托架,EXPLICIT,VERIFIED,HIGH,"ED10 parts manual page 240, item 15",伊泰LS190-ED10配件手册.pdf,A2U220-591358 — 右托架,A2U220-591358 右托架 | ED10 Spare Part,Verified part number A2U220-591358: 右托架 for ED10. Check equipment compatibility and submit an RFQ to qualified mining spare parts suppliers on KuangpeiYun.,/part-number/a2u220-591358,Request Quote,/rfq/new?partNumber=A2U220-591358,PUBLISHED_READY,2026-09-18
PN-000302,495502845,495502845,Sandvik / EIMCO,Underground LHD,ED10,Fastener,螺钉,,螺钉,EXPLICIT,VERIFIED,HIGH,"ED10 parts manual page 240, item 16",伊泰LS190-ED10配件手册.pdf,495502845 — 螺钉,495502845 螺钉 | ED10 Spare Part,Verified part number 495502845: 螺钉 for ED10. Check equipment compatibility and submit an RFQ to qualified mining spare parts suppliers on KuangpeiYun.,/part-number/495502845,Request Quote,/rfq/new?partNumber=495502845,PUBLISHED_READY,2026-09-18
PN-001783,DA8-2999,da8-2999,Sandvik / EIMCO,Underground LHD,ED10,Other,三通,,三通,EXPLICIT,VERIFIED,HIGH,"ED10 parts manual page 240, item 20",伊泰LS190-ED10配件手册.pdf,DA8-2999 — 三通,DA8-2999 三通 | ED10 Spare Part,Verified part number DA8-2999: 三通 for ED10. Check equipment compatibility and submit an RFQ to qualified mining spare parts suppliers on KuangpeiYun.,/part-number/da8-2999,Request Quote,/rfq/new?partNumber=DA8-2999,PUBLISHED_READY,2026-09-18
PN-001622,D2900-4-50-9,d2900-4-50-9,Sandvik / EIMCO,Underground LHD,ED10,Hose/Fitting,软管安装,,软管安装,EXPLICIT,VERIFIED,HIGH,"ED10 parts manual page 240, item 21",伊泰LS190-ED10配件手册.pdf,D2900-4-50-9 — 软管安装,D2900-4-50-9 软管安装 | ED10 Spare Part,Verified part number D2900-4-50-9: 软管安装 for ED10. Check equipment compatibility and submit an RFQ to qualified mining spare parts suppliers on KuangpeiYun.,/part-number/d2900-4-50-9,Request Quote,/rfq/new?partNumber=D2900-4-50-9,PUBLISHED_READY,2026-09-18
PN-000101,14 14,14-14,Sandvik / EIMCO,Underground LHD,ED10,Other,26 3 22 21 19 20,,26 3 22 21 19 20,EXPLICIT,VERIFIED,HIGH,"ED10 parts manual page 242, item 3",伊泰LS190-ED10配件手册.pdf,14 14 — 26 3 22 21 19 20,14 14 26 3 22 21 19 20 | ED10 Spare Part,Verified part number 14 14: 26 3 22 21 19 20 for ED10. Check equipment compatibility and submit an RFQ to qualified mining spare parts suppliers on Kuangpe,/part-number/14-14,Request Quote,/rfq/new?partNumber=14 14,PUBLISHED_READY,2026-09-18
PN-000660,A2U220-594388,a2u220-594388,Sandvik / EIMCO,Underground LHD,ED10,Other,铲斗控制组,,铲斗控制组,EXPLICIT,VERIFIED,HIGH,"ED10 parts manual page 243, item 1",伊泰LS190-ED10配件手册.pdf,A2U220-594388 — 铲斗控制组,A2U220-594388 铲斗控制组 | ED10 Spare Part,Verified part number A2U220-594388: 铲斗控制组 for ED10. Check equipment compatibility and submit an RFQ to qualified mining spare parts suppliers on KuangpeiYu,/part-number/a2u220-594388,Request Quote,/rfq/new?partNumber=A2U220-594388,PUBLISHED_READY,2026-09-18
PN-001704,D52-1717,d52-1717,Sandvik / EIMCO,Underground LHD,ED10,Hose/Fitting,接头,,接头,EXPLICIT,VERIFIED,HIGH,"ED10 parts manual page 243, item 2",伊泰LS190-ED10配件手册.pdf,D52-1717 — 接头,D52-1717 接头 | ED10 Spare Part,Verified part number D52-1717: 接头 for ED10. Check equipment compatibility and submit an RFQ to qualified mining spare parts suppliers on KuangpeiYun.,/part-number/d52-1717,Request Quote,/rfq/new?partNumber=D52-1717,PUBLISHED_READY,2026-09-18
PN-001514,D15 67,d15-67,Sandvik / EIMCO,Underground LHD,ED10,Hose/Fitting,接头,,接头,EXPLICIT,VERIFIED,HIGH,"ED10 parts manual page 243, item 3",伊泰LS190-ED10配件手册.pdf,D15 67 — 接头,D15 67 接头 | ED10 Spare Part,Verified part number D15 67: 接头 for ED10. Check equipment compatibility and submit an RFQ to qualified mining spare parts suppliers on KuangpeiYun.,/part-number/d15-67,Request Quote,/rfq/new?partNumber=D15 67,PUBLISHED_READY,2026-09-18
PN-001753,D62-7,d62-7,Sandvik / EIMCO,Underground LHD,ED10,Other,塞子,,塞子,EXPLICIT,VERIFIED,HIGH,"ED10 parts manual page 243, item 5",伊泰LS190-ED10配件手册.pdf,D62-7 — 塞子,D62-7 塞子 | ED10 Spare Part,Verified part number D62-7: 塞子 for ED10. Check equipment compatibility and submit an RFQ to qualified mining spare parts suppliers on KuangpeiYun.,/part-number/d62-7,Request Quote,/rfq/new?partNumber=D62-7,PUBLISHED_READY,2026-09-18
PN-001693,D51-1212,d51-1212,Sandvik / EIMCO,Underground LHD,ED10,Hose/Fitting,45度弯头，球铰接,,45度弯头，球铰接,EXPLICIT,VERIFIED,HIGH,"ED10 parts manual page 243, item 9",伊泰LS190-ED10配件手册.pdf,D51-1212 — 45度弯头，球铰接,D51-1212 45度弯头，球铰接 | ED10 Spare Part,Verified part number D51-1212: 45度弯头，球铰接 for ED10. Check equipment compatibility and submit an RFQ to qualified mining spare parts suppliers on KuangpeiYun,/part-number/d51-1212,Request Quote,/rfq/new?partNumber=D51-1212,PUBLISHED_READY,2026-09-18
PN-001751,D62-14,d62-14,Sandvik / EIMCO,Underground LHD,ED10,Other,塞子,,塞子,EXPLICIT,VERIFIED,HIGH,"ED10 parts manual page 243, item 11",伊泰LS190-ED10配件手册.pdf,D62-14 — 塞子,D62-14 塞子 | ED10 Spare Part,Verified part number D62-14: 塞子 for ED10. Check equipment compatibility and submit an RFQ to qualified mining spare parts suppliers on KuangpeiYun.,/part-number/d62-14,Request Quote,/rfq/new?partNumber=D62-14,PUBLISHED_READY,2026-09-18
PN-001703,D52-1412,d52-1412,Sandvik / EIMCO,Underground LHD,ED10,Hose/Fitting,接头,,接头,EXPLICIT,VERIFIED,HIGH,"ED10 parts manual page 243, item 12; ED10 parts manual page 243, item 16",伊泰LS190-ED10配件手册.pdf,D52-1412 — 接头,D52-1412 接头 | ED10 Spare Part,Verified part number D52-1412: 接头 for ED10. Check equipment compatibility and submit an RFQ to qualified mining spare parts suppliers on KuangpeiYun.,/part-number/d52-1412,Request Quote,/rfq/new?partNumber=D52-1412,PUBLISHED_READY,2026-09-18
PN-001705,D52-21-26,d52-21-26,Sandvik / EIMCO,Underground LHD,ED10,Hose/Fitting,接头,,接头,EXPLICIT,VERIFIED,HIGH,"ED10 parts manual page 243, item 13",伊泰LS190-ED10配件手册.pdf,D52-21-26 — 接头,D52-21-26 接头 | ED10 Spare Part,Verified part number D52-21-26: 接头 for ED10. Check equipment compatibility and submit an RFQ to qualified mining spare parts suppliers on KuangpeiYun.,/part-number/d52-21-26,Request Quote,/rfq/new?partNumber=D52-21-26,PUBLISHED_READY,2026-09-18
PN-001715,D53-0909,d53-0909,Sandvik / EIMCO,Underground LHD,ED10,Hose/Fitting,弯头,,弯头,EXPLICIT,VERIFIED,HIGH,"ED10 parts manual page 243, item 15; ED10 parts manual page 285, item 7",伊泰LS190-ED10配件手册.pdf,D53-0909 — 弯头,D53-0909 弯头 | ED10 Spare Part,Verified part number D53-0909: 弯头 for ED10. Check equipment compatibility and submit an RFQ to qualified mining spare parts suppliers on KuangpeiYun.,/part-number/d53-0909,Request Quote,/rfq/new?partNumber=D53-0909,PUBLISHED_READY,2026-09-18
PN-001722,D53-1721,d53-1721,Sandvik / EIMCO,Underground LHD,ED10,Hose/Fitting,弯头,,弯头,EXPLICIT,VERIFIED,HIGH,"ED10 parts manual page 243, item 17; ED10 parts manual page 251, item 13",伊泰LS190-ED10配件手册.pdf,D53-1721 — 弯头,D53-1721 弯头 | ED10 Spare Part,Verified part number D53-1721: 弯头 for ED10. Check equipment compatibility and submit an RFQ to qualified mining spare parts suppliers on KuangpeiYun.,/part-number/d53-1721,Request Quote,/rfq/new?partNumber=D53-1721,PUBLISHED_READY,2026-09-18
PN-001801,DE52-1717,de52-1717,Sandvik / EIMCO,Underground LHD,ED10,Hose/Fitting,接头延伸,,接头延伸,EXPLICIT,VERIFIED,HIGH,"ED10 parts manual page 243, item 19",伊泰LS190-ED10配件手册.pdf,DE52-1717 — 接头延伸,DE52-1717 接头延伸 | ED10 Spare Part,Verified part number DE52-1717: 接头延伸 for ED10. Check equipment compatibility and submit an RFQ to qualified mining spare parts suppliers on KuangpeiYun.,/part-number/de52-1717,Request Quote,/rfq/new?partNumber=DE52-1717,PUBLISHED_READY,2026-09-18
PN-001719,D53-1414,d53-1414,Sandvik / EIMCO,Underground LHD,ED10,Hose/Fitting,弯头,,弯头,EXPLICIT,VERIFIED,HIGH,"ED10 parts manual page 243, item 21",伊泰LS190-ED10配件手册.pdf,D53-1414 — 弯头,D53-1414 弯头 | ED10 Spare Part,Verified part number D53-1414: 弯头 for ED10. Check equipment compatibility and submit an RFQ to qualified mining spare parts suppliers on KuangpeiYun.,/part-number/d53-1414,Request Quote,/rfq/new?partNumber=D53-1414,PUBLISHED_READY,2026-09-18
PN-001803,DE53-1717,de53-1717,Sandvik / EIMCO,Underground LHD,ED10,Hose/Fitting,弯头延伸,,弯头延伸,EXPLICIT,VERIFIED,HIGH,"ED10 parts manual page 243, item 22",伊泰LS190-ED10配件手册.pdf,DE53-1717 — 弯头延伸,DE53-1717 弯头延伸 | ED10 Spare Part,Verified part number DE53-1717: 弯头延伸 for ED10. Check equipment compatibility and submit an RFQ to qualified mining spare parts suppliers on KuangpeiYun.,/part-number/de53-1717,Request Quote,/rfq/new?partNumber=DE53-1717,PUBLISHED_READY,2026-09-18
PN-001786,DA81-171717,da81-171717,Sandvik / EIMCO,Underground LHD,ED10,Other,三通,,三通,EXPLICIT,VERIFIED,HIGH,"ED10 parts manual page 243, item 23",伊泰LS190-ED10配件手册.pdf,DA81-171717 — 三通,DA81-171717 三通 | ED10 Spare Part,Verified part number DA81-171717: 三通 for ED10. Check equipment compatibility and submit an RFQ to qualified mining spare parts suppliers on KuangpeiYun.,/part-number/da81-171717,Request Quote,/rfq/new?partNumber=DA81-171717,PUBLISHED_READY,2026-09-18
PN-001732,D54-0707,d54-0707,Sandvik / EIMCO,Underground LHD,ED10,Hose/Fitting,45度弯头,,45度弯头,EXPLICIT,VERIFIED,HIGH,"ED10 parts manual page 243, item 24",伊泰LS190-ED10配件手册.pdf,D54-0707 — 45度弯头,D54-0707 45度弯头 | ED10 Spare Part,Verified part number D54-0707: 45度弯头 for ED10. Check equipment compatibility and submit an RFQ to qualified mining spare parts suppliers on KuangpeiYun.,/part-number/d54-0707,Request Quote,/rfq/new?partNumber=D54-0707,PUBLISHED_READY,2026-09-18
PN-001714,D53-0707,d53-0707,Sandvik / EIMCO,Underground LHD,ED10,Hose/Fitting,弯头,,弯头,EXPLICIT,VERIFIED,HIGH,"ED10 parts manual page 243, item 25; ED10 parts manual page 285, item 6",伊泰LS190-ED10配件手册.pdf,D53-0707 — 弯头,D53-0707 弯头 | ED10 Spare Part,Verified part number D53-0707: 弯头 for ED10. Check equipment compatibility and submit an RFQ to qualified mining spare parts suppliers on KuangpeiYun.,/part-number/d53-0707,Request Quote,/rfq/new?partNumber=D53-0707,PUBLISHED_READY,2026-09-18
PN-001692,D51-0707,d51-0707,Sandvik / EIMCO,Underground LHD,ED10,Hose/Fitting,45度弯头，球铰接,,45度弯头，球铰接,EXPLICIT,VERIFIED,HIGH,"ED10 parts manual page 243, item 26",伊泰LS190-ED10配件手册.pdf,D51-0707 — 45度弯头，球铰接,D51-0707 45度弯头，球铰接 | ED10 Spare Part,Verified part number D51-0707: 45度弯头，球铰接 for ED10. Check equipment compatibility and submit an RFQ to qualified mining spare parts suppliers on KuangpeiYun,/part-number/d51-0707,Request Quote,/rfq/new?partNumber=D51-0707,PUBLISHED_READY,2026-09-18
PN-001503,CMX100-C-FX,cmx100-c-fx,Sandvik / EIMCO,Underground LHD,ED10,Other,CMX 端盖,CMX 端盖,,EXPLICIT,VERIFIED,HIGH,"ED10 parts manual page 245, item 1",伊泰LS190-ED10配件手册.pdf,CMX100-C-FX — CMX 端盖,CMX100-C-FX CMX 端盖 | ED10 Spare Part,Verified part number CMX100-C-FX: CMX 端盖 for ED10. Check equipment compatibility and submit an RFQ to qualified mining spare parts suppliers on KuangpeiYun,/part-number/cmx100-c-fx,Request Quote,/rfq/new?partNumber=CMX100-C-FX,PUBLISHED_READY,2026-09-18
PN-000649,A2U220-591340,a2u220-591340,Sandvik / EIMCO,Underground LHD,ED10,Hydraulic,铲斗控制阀块－ VIC765,,铲斗控制阀块－ VIC765,EXPLICIT,VERIFIED,HIGH,"ED10 parts manual page 245, item 3",伊泰LS190-ED10配件手册.pdf,A2U220-591340 — 铲斗控制阀块－ VIC765,A2U220-591340 铲斗控制阀块－ VIC765 | ED10 Spare Part,Verified part number A2U220-591340: 铲斗控制阀块－ VIC765 for ED10. Check equipment compatibility and submit an RFQ to qualified mining spare parts suppliers on K,/part-number/a2u220-591340,Request Quote,/rfq/new?partNumber=A2U220-591340,PUBLISHED_READY,2026-09-18
PN-000665,A2U220-594427,a2u220-594427,Sandvik / EIMCO,Underground LHD,ED10,Hydraulic,滑阀-DSV4-10,滑阀-DSV4-10,,EXPLICIT,VERIFIED,HIGH,"ED10 parts manual page 245, item 4",伊泰LS190-ED10配件手册.pdf,A2U220-594427 — 滑阀-DSV4-10,A2U220-594427 滑阀-DSV4-10 | ED10 Spare Part,Verified part number A2U220-594427: 滑阀-DSV4-10 for ED10. Check equipment compatibility and submit an RFQ to qualified mining spare parts suppliers on Kuang,/part-number/a2u220-594427,Request Quote,/rfq/new?partNumber=A2U220-594427,PUBLISHED_READY,2026-09-18
PN-000666,A2U220-594441,a2u220-594441,Sandvik / EIMCO,Underground LHD,ED10,Hydraulic,溢流阀-RV1-10,,溢流阀-RV1-10,EXPLICIT,VERIFIED,HIGH,"ED10 parts manual page 245, item 5",伊泰LS190-ED10配件手册.pdf,A2U220-594441 — 溢流阀-RV1-10,A2U220-594441 溢流阀-RV1-10 | ED10 Spare Part,Verified part number A2U220-594441: 溢流阀-RV1-10 for ED10. Check equipment compatibility and submit an RFQ to qualified mining spare parts suppliers on Kuang,/part-number/a2u220-594441,Request Quote,/rfq/new?partNumber=A2U220-594441,PUBLISHED_READY,2026-09-18
PN-000667,A2U220-594442,a2u220-594442,Sandvik / EIMCO,Underground LHD,ED10,Hydraulic,减压阀-PRV1-10-S-0-12/4.5,减压阀-PRV1-10-S-0-12/4.5,,EXPLICIT,VERIFIED,HIGH,"ED10 parts manual page 245, item 6",伊泰LS190-ED10配件手册.pdf,A2U220-594442 — 减压阀-PRV1-10-S-0-12/4.5,A2U220-594442 减压阀-PRV1-10-S-0-12/4.5 | ED10 Spare Part,Verified part number A2U220-594442: 减压阀-PRV1-10-S-0-12/4.5 for ED10. Check equipment compatibility and submit an RFQ to qualified mining spare parts suppli,/part-number/a2u220-594442,Request Quote,/rfq/new?partNumber=A2U220-594442,PUBLISHED_READY,2026-09-18
PN-000677,A2U2220-594443,a2u2220-594443,Sandvik / EIMCO,Underground LHD,ED10,Transmission/Driveline,差速传感阀 DPS2-16-F-F-0-160,,差速传感阀 DPS2-16-F-F-0-160,EXPLICIT,VERIFIED,HIGH,"ED10 parts manual page 245, item 7",伊泰LS190-ED10配件手册.pdf,A2U2220-594443 — 差速传感阀 DPS2-16-F-F-0-160,A2U2220-594443 差速传感阀 DPS2-16-F-F-0-160 | ED10 Spare Part,Verified part number A2U2220-594443: 差速传感阀 DPS2-16-F-F-0-160 for ED10. Check equipment compatibility and submit an RFQ to qualified mining spare parts supp,/part-number/a2u2220-594443,Request Quote,/rfq/new?partNumber=A2U2220-594443,PUBLISHED_READY,2026-09-18
PN-000678,A2U2220-594444,a2u2220-594444,Sandvik / EIMCO,Underground LHD,ED10,Transmission/Driveline,差速传感阀 DPS2-20-P-F-0-160,,差速传感阀 DPS2-20-P-F-0-160,EXPLICIT,VERIFIED,HIGH,"ED10 parts manual page 245, item 8",伊泰LS190-ED10配件手册.pdf,A2U2220-594444 — 差速传感阀 DPS2-20-P-F-0-160,A2U2220-594444 差速传感阀 DPS2-20-P-F-0-160 | ED10 Spare Part,Verified part number A2U2220-594444: 差速传感阀 DPS2-20-P-F-0-160 for ED10. Check equipment compatibility and submit an RFQ to qualified mining spare parts supp,/part-number/a2u2220-594444,Request Quote,/rfq/new?partNumber=A2U2220-594444,PUBLISHED_READY,2026-09-18
PN-000353,A2130-591303,a2130-591303,Sandvik / EIMCO,Underground LHD,ED10,Structure,动力传输轴托架,,动力传输轴托架,EXPLICIT,VERIFIED,HIGH,"ED10 parts manual page 247, item 1",伊泰LS190-ED10配件手册.pdf,A2130-591303 — 动力传输轴托架,A2130-591303 动力传输轴托架 | ED10 Spare Part,Verified part number A2130-591303: 动力传输轴托架 for ED10. Check equipment compatibility and submit an RFQ to qualified mining spare parts suppliers on KuangpeiY,/part-number/a2130-591303,Request Quote,/rfq/new?partNumber=A2130-591303,PUBLISHED_READY,2026-09-18
PN-001597,D2900-12-490-17,d2900-12-490-17,Sandvik / EIMCO,Underground LHD,ED10,Hose/Fitting,软管安装,,软管安装,EXPLICIT,VERIFIED,HIGH,"ED10 parts manual page 247, item 3",伊泰LS190-ED10配件手册.pdf,D2900-12-490-17 — 软管安装,D2900-12-490-17 软管安装 | ED10 Spare Part,Verified part number D2900-12-490-17: 软管安装 for ED10. Check equipment compatibility and submit an RFQ to qualified mining spare parts suppliers on KuangpeiY,/part-number/d2900-12-490-17,Request Quote,/rfq/new?partNumber=D2900-12-490-17,PUBLISHED_READY,2026-09-18
PN-001541,D17-1221,d17-1221,Sandvik / EIMCO,Underground LHD,ED10,Hose/Fitting,90度弯头,,90度弯头,EXPLICIT,VERIFIED,HIGH,"ED10 parts manual page 247, item 5",伊泰LS190-ED10配件手册.pdf,D17-1221 — 90度弯头,D17-1221 90度弯头 | ED10 Spare Part,Verified part number D17-1221: 90度弯头 for ED10. Check equipment compatibility and submit an RFQ to qualified mining spare parts suppliers on KuangpeiYun.,/part-number/d17-1221,Request Quote,/rfq/new?partNumber=D17-1221,PUBLISHED_READY,2026-09-18
PN-001606,D2900-16-440-21,d2900-16-440-21,Sandvik / EIMCO,Underground LHD,ED10,Hose/Fitting,软管安装,,软管安装,EXPLICIT,VERIFIED,HIGH,"ED10 parts manual page 247, item 6",伊泰LS190-ED10配件手册.pdf,D2900-16-440-21 — 软管安装,D2900-16-440-21 软管安装 | ED10 Spare Part,Verified part number D2900-16-440-21: 软管安装 for ED10. Check equipment compatibility and submit an RFQ to qualified mining spare parts suppliers on KuangpeiY,/part-number/d2900-16-440-21,Request Quote,/rfq/new?partNumber=D2900-16-440-21,PUBLISHED_READY,2026-09-18
PN-001707,D52-2621,d52-2621,Sandvik / EIMCO,Underground LHD,ED10,Hose/Fitting,接头,,接头,EXPLICIT,VERIFIED,HIGH,"ED10 parts manual page 247, item 8",伊泰LS190-ED10配件手册.pdf,D52-2621 — 接头,D52-2621 接头 | ED10 Spare Part,Verified part number D52-2621: 接头 for ED10. Check equipment compatibility and submit an RFQ to qualified mining spare parts suppliers on KuangpeiYun.,/part-number/d52-2621,Request Quote,/rfq/new?partNumber=D52-2621,PUBLISHED_READY,2026-09-18
PN-000112,229917,229917,Sandvik / EIMCO,Underground LHD,ED10,Other,油尺管,,油尺管,EXPLICIT,VERIFIED,HIGH,"ED10 parts manual page 251, item 1",伊泰LS190-ED10配件手册.pdf,229917 — 油尺管,229917 油尺管 | ED10 Spare Part,Verified part number 229917: 油尺管 for ED10. Check equipment compatibility and submit an RFQ to qualified mining spare parts suppliers on KuangpeiYun.,/part-number/229917,Request Quote,/rfq/new?partNumber=229917,PUBLISHED_READY,2026-09-18
PN-000115,244676,244676,Sandvik / EIMCO,Underground LHD,ED10,Other,油尺,,油尺,EXPLICIT,VERIFIED,HIGH,"ED10 parts manual page 251, item 2",伊泰LS190-ED10配件手册.pdf,244676 — 油尺,244676 油尺 | ED10 Spare Part,Verified part number 244676: 油尺 for ED10. Check equipment compatibility and submit an RFQ to qualified mining spare parts suppliers on KuangpeiYun.,/part-number/244676,Request Quote,/rfq/new?partNumber=244676,PUBLISHED_READY,2026-09-18
PN-001735,D54-2121,d54-2121,Sandvik / EIMCO,Underground LHD,ED10,Hose/Fitting,45度弯头,,45度弯头,EXPLICIT,VERIFIED,HIGH,"ED10 parts manual page 251, item 4",伊泰LS190-ED10配件手册.pdf,D54-2121 — 45度弯头,D54-2121 45度弯头 | ED10 Spare Part,Verified part number D54-2121: 45度弯头 for ED10. Check equipment compatibility and submit an RFQ to qualified mining spare parts suppliers on KuangpeiYun.,/part-number/d54-2121,Request Quote,/rfq/new?partNumber=D54-2121,PUBLISHED_READY,2026-09-18
PN-001660,D37-1616,d37-1616,Sandvik / EIMCO,Underground LHD,ED10,Hose/Fitting,公/母 弯头,,公/母 弯头,EXPLICIT,VERIFIED,HIGH,"ED10 parts manual page 251, item 5",伊泰LS190-ED10配件手册.pdf,D37-1616 — 公/母 弯头,D37-1616 公/母 弯头 | ED10 Spare Part,Verified part number D37-1616: 公/母 弯头 for ED10. Check equipment compatibility and submit an RFQ to qualified mining spare parts suppliers on KuangpeiYun.,/part-number/d37-1616,Request Quote,/rfq/new?partNumber=D37-1616,PUBLISHED_READY,2026-09-18
PN-001780,DA4-66,da4-66,Sandvik / EIMCO,Underground LHD,ED10,Hose/Fitting,3/8接头,,3/8接头,EXPLICIT,VERIFIED,HIGH,"ED10 parts manual page 251, item 6",伊泰LS190-ED10配件手册.pdf,DA4-66 — 3/8接头,DA4-66 3/8接头 | ED10 Spare Part,Verified part number DA4-66: 3/8接头 for ED10. Check equipment compatibility and submit an RFQ to qualified mining spare parts suppliers on KuangpeiYun.,/part-number/da4-66,Request Quote,/rfq/new?partNumber=DA4-66,PUBLISHED_READY,2026-09-18
PN-001761,D71-666,d71-666,Sandvik / EIMCO,Underground LHD,ED10,Other,3/8三通,,3/8三通,EXPLICIT,VERIFIED,HIGH,"ED10 parts manual page 251, item 7",伊泰LS190-ED10配件手册.pdf,D71-666 — 3/8三通,D71-666 3/8三通 | ED10 Spare Part,Verified part number D71-666: 3/8三通 for ED10. Check equipment compatibility and submit an RFQ to qualified mining spare parts suppliers on KuangpeiYun.,/part-number/d71-666,Request Quote,/rfq/new?partNumber=D71-666,PUBLISHED_READY,2026-09-18
PN-001526,D15-612,d15-612,Sandvik / EIMCO,Underground LHD,ED10,Hose/Fitting,接头,,接头,EXPLICIT,VERIFIED,HIGH,"ED10 parts manual page 251, item 8",伊泰LS190-ED10配件手册.pdf,D15-612 — 接头,D15-612 接头 | ED10 Spare Part,Verified part number D15-612: 接头 for ED10. Check equipment compatibility and submit an RFQ to qualified mining spare parts suppliers on KuangpeiYun.,/part-number/d15-612,Request Quote,/rfq/new?partNumber=D15-612,PUBLISHED_READY,2026-09-18
PN-001802,DE53-1214,de53-1214,Sandvik / EIMCO,Underground LHD,ED10,Hose/Fitting,3/4-7/8 外部弯头,,3/4-7/8 外部弯头,EXPLICIT,VERIFIED,HIGH,"ED10 parts manual page 251, item 9",伊泰LS190-ED10配件手册.pdf,DE53-1214 — 3/4-7/8 外部弯头,DE53-1214 3/4-7/8 外部弯头 | ED10 Spare Part,Verified part number DE53-1214: 3/4-7/8 外部弯头 for ED10. Check equipment compatibility and submit an RFQ to qualified mining spare parts suppliers on Kuangpe,/part-number/de53-1214,Request Quote,/rfq/new?partNumber=DE53-1214,PUBLISHED_READY,2026-09-18
PN-001804,DE53-2121,de53-2121,Sandvik / EIMCO,Underground LHD,ED10,Hose/Fitting,"1""1/16"" 外部接头",,"1""1/16"" 外部接头",EXPLICIT,VERIFIED,HIGH,"ED10 parts manual page 251, item 10",伊泰LS190-ED10配件手册.pdf,"DE53-2121 — 1""1/16"" 外部接头","DE53-2121 1""1/16"" 外部接头 | ED10 Spare Part","Verified part number DE53-2121: 1""1/16"" 外部接头 for ED10. Check equipment compatibility and submit an RFQ to qualified mining spare parts suppliers on Kuangpe",/part-number/de53-2121,Request Quote,/rfq/new?partNumber=DE53-2121,PUBLISHED_READY,2026-09-18
PN-001521,D15-1617,d15-1617,Sandvik / EIMCO,Underground LHD,ED10,Hose/Fitting,接头,,接头,EXPLICIT,VERIFIED,HIGH,"ED10 parts manual page 251, item 11",伊泰LS190-ED10配件手册.pdf,D15-1617 — 接头,D15-1617 接头 | ED10 Spare Part,Verified part number D15-1617: 接头 for ED10. Check equipment compatibility and submit an RFQ to qualified mining spare parts suppliers on KuangpeiYun.,/part-number/d15-1617,Request Quote,/rfq/new?partNumber=D15-1617,PUBLISHED_READY,2026-09-18
PN-001765,D800-12-160-17,d800-12-160-17,Sandvik / EIMCO,Underground LHD,ED10,Hose/Fitting,软管,,软管,EXPLICIT,VERIFIED,HIGH,"ED10 parts manual page 251, item 15",伊泰LS190-ED10配件手册.pdf,D800-12-160-17 — 软管,D800-12-160-17 软管 | ED10 Spare Part,Verified part number D800-12-160-17: 软管 for ED10. Check equipment compatibility and submit an RFQ to qualified mining spare parts suppliers on KuangpeiYun.,/part-number/d800-12-160-17,Request Quote,/rfq/new?partNumber=D800-12-160-17,PUBLISHED_READY,2026-09-18
PN-001605,D2900-16-250-21,d2900-16-250-21,Sandvik / EIMCO,Underground LHD,ED10,Hose/Fitting,软管安装,,软管安装,EXPLICIT,VERIFIED,HIGH,"ED10 parts manual page 251, item 19; ED10 parts manual page 251, item 20",伊泰LS190-ED10配件手册.pdf,D2900-16-250-21 — 软管安装,D2900-16-250-21 软管安装 | ED10 Spare Part,Verified part number D2900-16-250-21: 软管安装 for ED10. Check equipment compatibility and submit an RFQ to qualified mining spare parts suppliers on KuangpeiY,/part-number/d2900-16-250-21,Request Quote,/rfq/new?partNumber=D2900-16-250-21,PUBLISHED_READY,2026-09-18
PN-000617,A2U220-391163,a2u220-391163,Sandvik / EIMCO,Underground LHD,ED10,Transmission/Driveline,托架，变速箱加油处,,托架，变速箱加油处,EXPLICIT,VERIFIED,HIGH,"ED10 parts manual page 251, item 21",伊泰LS190-ED10配件手册.pdf,A2U220-391163 — 托架，变速箱加油处,A2U220-391163 托架，变速箱加油处 | ED10 Spare Part,Verified part number A2U220-391163: 托架，变速箱加油处 for ED10. Check equipment compatibility and submit an RFQ to qualified mining spare parts suppliers on Kuangp,/part-number/a2u220-391163,Request Quote,/rfq/new?partNumber=A2U220-391163,PUBLISHED_READY,2026-09-18
PN-001639,D2900-8-250-12,d2900-8-250-12,Sandvik / EIMCO,Underground LHD,ED10,Hose/Fitting,软管安装,,软管安装,EXPLICIT,VERIFIED,HIGH,"ED10 parts manual page 251, item 22",伊泰LS190-ED10配件手册.pdf,D2900-8-250-12 — 软管安装,D2900-8-250-12 软管安装 | ED10 Spare Part,Verified part number D2900-8-250-12: 软管安装 for ED10. Check equipment compatibility and submit an RFQ to qualified mining spare parts suppliers on KuangpeiYu,/part-number/d2900-8-250-12,Request Quote,/rfq/new?partNumber=D2900-8-250-12,PUBLISHED_READY,2026-09-18
PN-001621,D2900-4-40-7,d2900-4-40-7,Sandvik / EIMCO,Underground LHD,ED10,Hose/Fitting,软管安装,,软管安装,EXPLICIT,VERIFIED,HIGH,"ED10 parts manual page 251, item 23",伊泰LS190-ED10配件手册.pdf,D2900-4-40-7 — 软管安装,D2900-4-40-7 软管安装 | ED10 Spare Part,Verified part number D2900-4-40-7: 软管安装 for ED10. Check equipment compatibility and submit an RFQ to qualified mining spare parts suppliers on KuangpeiYun.,/part-number/d2900-4-40-7,Request Quote,/rfq/new?partNumber=D2900-4-40-7,PUBLISHED_READY,2026-09-18
PN-001595,D2900-12-250-17,d2900-12-250-17,Sandvik / EIMCO,Underground LHD,ED10,Hose/Fitting,软管安装,,软管安装,EXPLICIT,VERIFIED,HIGH,"ED10 parts manual page 251, item 25",伊泰LS190-ED10配件手册.pdf,D2900-12-250-17 — 软管安装,D2900-12-250-17 软管安装 | ED10 Spare Part,Verified part number D2900-12-250-17: 软管安装 for ED10. Check equipment compatibility and submit an RFQ to qualified mining spare parts suppliers on KuangpeiY,/part-number/d2900-12-250-17,Request Quote,/rfq/new?partNumber=D2900-12-250-17,PUBLISHED_READY,2026-09-18
PN-001618,D2900-4-210-7,d2900-4-210-7,Sandvik / EIMCO,Underground LHD,ED10,Hose/Fitting,软管安装,,软管安装,EXPLICIT,VERIFIED,HIGH,"ED10 parts manual page 251, item 26",伊泰LS190-ED10配件手册.pdf,D2900-4-210-7 — 软管安装,D2900-4-210-7 软管安装 | ED10 Spare Part,Verified part number D2900-4-210-7: 软管安装 for ED10. Check equipment compatibility and submit an RFQ to qualified mining spare parts suppliers on KuangpeiYun,/part-number/d2900-4-210-7,Request Quote,/rfq/new?partNumber=D2900-4-210-7,PUBLISHED_READY,2026-09-18
PN-001669,D39-12-220-17,d39-12-220-17,Sandvik / EIMCO,Underground LHD,ED10,Hose/Fitting,软管安装,,软管安装,EXPLICIT,VERIFIED,HIGH,"ED10 parts manual page 251, item 28",伊泰LS190-ED10配件手册.pdf,D39-12-220-17 — 软管安装,D39-12-220-17 软管安装 | ED10 Spare Part,Verified part number D39-12-220-17: 软管安装 for ED10. Check equipment compatibility and submit an RFQ to qualified mining spare parts suppliers on KuangpeiYun,/part-number/d39-12-220-17,Request Quote,/rfq/new?partNumber=D39-12-220-17,PUBLISHED_READY,2026-09-18
PN-001745,D600-8-160-12,d600-8-160-12,Sandvik / EIMCO,Underground LHD,ED10,Hose/Fitting,空气软管安装,,空气软管安装,EXPLICIT,VERIFIED,HIGH,"ED10 parts manual page 251, item 29",伊泰LS190-ED10配件手册.pdf,D600-8-160-12 — 空气软管安装,D600-8-160-12 空气软管安装 | ED10 Spare Part,Verified part number D600-8-160-12: 空气软管安装 for ED10. Check equipment compatibility and submit an RFQ to qualified mining spare parts suppliers on KuangpeiY,/part-number/d600-8-160-12,Request Quote,/rfq/new?partNumber=D600-8-160-12,PUBLISHED_READY,2026-09-18
PN-001549,D17-812,d17-812,Sandvik / EIMCO,Underground LHD,ED10,Hose/Fitting,弯头,,弯头 | 90度弯头,EXPLICIT,VERIFIED,HIGH,"ED10 parts manual page 251, item 32; ED10 parts manual page 296, item 2",伊泰LS190-ED10配件手册.pdf,D17-812 — 弯头,D17-812 弯头 | ED10 Spare Part,Verified part number D17-812: 弯头 for ED10. Check equipment compatibility and submit an RFQ to qualified mining spare parts suppliers on KuangpeiYun.,/part-number/d17-812,Request Quote,/rfq/new?partNumber=D17-812,PUBLISHED_READY,2026-09-18
PN-001726,D53-99,d53-99,Sandvik / EIMCO,Underground LHD,ED10,Hose/Fitting,弯头,,弯头,EXPLICIT,VERIFIED,HIGH,"ED10 parts manual page 251, item 36",伊泰LS190-ED10配件手册.pdf,D53-99 — 弯头,D53-99 弯头 | ED10 Spare Part,Verified part number D53-99: 弯头 for ED10. Check equipment compatibility and submit an RFQ to qualified mining spare parts suppliers on KuangpeiYun.,/part-number/d53-99,Request Quote,/rfq/new?partNumber=D53-99,PUBLISHED_READY,2026-09-18
PN-001736,D54-99,d54-99,Sandvik / EIMCO,Underground LHD,ED10,Hose/Fitting,弯头,,弯头,EXPLICIT,VERIFIED,HIGH,"ED10 parts manual page 251, item 38",伊泰LS190-ED10配件手册.pdf,D54-99 — 弯头,D54-99 弯头 | ED10 Spare Part,Verified part number D54-99: 弯头 for ED10. Check equipment compatibility and submit an RFQ to qualified mining spare parts suppliers on KuangpeiYun.,/part-number/d54-99,Request Quote,/rfq/new?partNumber=D54-99,PUBLISHED_READY,2026-09-18
PN-001609,D2900-4-100-9,d2900-4-100-9,Sandvik / EIMCO,Underground LHD,ED10,Hose/Fitting,软管安装,,软管安装,EXPLICIT,VERIFIED,HIGH,"ED10 parts manual page 251, item 40",伊泰LS190-ED10配件手册.pdf,D2900-4-100-9 — 软管安装,D2900-4-100-9 软管安装 | ED10 Spare Part,Verified part number D2900-4-100-9: 软管安装 for ED10. Check equipment compatibility and submit an RFQ to qualified mining spare parts suppliers on KuangpeiYun,/part-number/d2900-4-100-9,Request Quote,/rfq/new?partNumber=D2900-4-100-9,PUBLISHED_READY,2026-09-18
PN-001634,D2900-6-68-12,d2900-6-68-12,Sandvik / EIMCO,Underground LHD,ED10,Hose/Fitting,软管安装,,软管安装,EXPLICIT,VERIFIED,HIGH,"ED10 parts manual page 251, item 41",伊泰LS190-ED10配件手册.pdf,D2900-6-68-12 — 软管安装,D2900-6-68-12 软管安装 | ED10 Spare Part,Verified part number D2900-6-68-12: 软管安装 for ED10. Check equipment compatibility and submit an RFQ to qualified mining spare parts suppliers on KuangpeiYun,/part-number/d2900-6-68-12,Request Quote,/rfq/new?partNumber=D2900-6-68-12,PUBLISHED_READY,2026-09-18
PN-001623,D2900-6-100-12,d2900-6-100-12,Sandvik / EIMCO,Underground LHD,ED10,Hose/Fitting,软管安装,,软管安装,EXPLICIT,VERIFIED,HIGH,"ED10 parts manual page 251, item 42",伊泰LS190-ED10配件手册.pdf,D2900-6-100-12 — 软管安装,D2900-6-100-12 软管安装 | ED10 Spare Part,Verified part number D2900-6-100-12: 软管安装 for ED10. Check equipment compatibility and submit an RFQ to qualified mining spare parts suppliers on KuangpeiYu,/part-number/d2900-6-100-12,Request Quote,/rfq/new?partNumber=D2900-6-100-12,PUBLISHED_READY,2026-09-18
PN-001663,D37-88,d37-88,Sandvik / EIMCO,Underground LHD,ED10,Hose/Fitting,弯头,,弯头,EXPLICIT,VERIFIED,HIGH,"ED10 parts manual page 251, item 43",伊泰LS190-ED10配件手册.pdf,D37-88 — 弯头,D37-88 弯头 | ED10 Spare Part,Verified part number D37-88: 弯头 for ED10. Check equipment compatibility and submit an RFQ to qualified mining spare parts suppliers on KuangpeiYun.,/part-number/d37-88,Request Quote,/rfq/new?partNumber=D37-88,PUBLISHED_READY,2026-09-18
PN-001573,D25-812,d25-812,Sandvik / EIMCO,Underground LHD,ED10,Other,适配器,,适配器,EXPLICIT,VERIFIED,HIGH,"ED10 parts manual page 251, item 44",伊泰LS190-ED10配件手册.pdf,D25-812 — 适配器,D25-812 适配器 | ED10 Spare Part,Verified part number D25-812: 适配器 for ED10. Check equipment compatibility and submit an RFQ to qualified mining spare parts suppliers on KuangpeiYun.,/part-number/d25-812,Request Quote,/rfq/new?partNumber=D25-812,PUBLISHED_READY,2026-09-18
PN-000815,A2U900-596167,a2u900-596167,Sandvik / EIMCO,Underground LHD,ED10,Hose/Fitting,使用接头,,使用接头,EXPLICIT,VERIFIED,HIGH,"ED10 parts manual page 252, item 45",伊泰LS190-ED10配件手册.pdf,A2U900-596167 — 使用接头,A2U900-596167 使用接头 | ED10 Spare Part,Verified part number A2U900-596167: 使用接头 for ED10. Check equipment compatibility and submit an RFQ to qualified mining spare parts suppliers on KuangpeiYun,/part-number/a2u900-596167,Request Quote,/rfq/new?partNumber=A2U900-596167,PUBLISHED_READY,2026-09-18
PN-000177,445502933,445502933,Sandvik / EIMCO,Underground LHD,ED10,Fastener,"螺钉, M16 x 30",,"螺钉, M16 x 30",EXPLICIT,VERIFIED,HIGH,"ED10 parts manual page 252, item 46",伊泰LS190-ED10配件手册.pdf,"445502933 — 螺钉, M16 x 30","445502933 螺钉, M16 x 30 | ED10 Spare Part","Verified part number 445502933: 螺钉, M16 x 30 for ED10. Check equipment compatibility and submit an RFQ to qualified mining spare parts suppliers on Kuangpe",/part-number/445502933,Request Quote,/rfq/new?partNumber=445502933,PUBLISHED_READY,2026-09-18
PN-001694,D51-1621,d51-1621,Sandvik / EIMCO,Underground LHD,ED10,Hose/Fitting,接头,,接头,EXPLICIT,VERIFIED,HIGH,"ED10 parts manual page 252, item 47",伊泰LS190-ED10配件手册.pdf,D51-1621 — 接头,D51-1621 接头 | ED10 Spare Part,Verified part number D51-1621: 接头 for ED10. Check equipment compatibility and submit an RFQ to qualified mining spare parts suppliers on KuangpeiYun.,/part-number/d51-1621,Request Quote,/rfq/new?partNumber=D51-1621,PUBLISHED_READY,2026-09-18
PN-000593,A2U220-318002,a2u220-318002,Sandvik / EIMCO,Underground LHD,ED10,Transmission/Driveline,阀块，变速箱温度传感器,,阀块，变速箱温度传感器,EXPLICIT,VERIFIED,HIGH,"ED10 parts manual page 252, item 48",伊泰LS190-ED10配件手册.pdf,A2U220-318002 — 阀块，变速箱温度传感器,A2U220-318002 阀块，变速箱温度传感器 | ED10 Spare Part,Verified part number A2U220-318002: 阀块，变速箱温度传感器 for ED10. Check equipment compatibility and submit an RFQ to qualified mining spare parts suppliers on Kuan,/part-number/a2u220-318002,Request Quote,/rfq/new?partNumber=A2U220-318002,PUBLISHED_READY,2026-09-18
PN-001602,D2900-16-110-21,d2900-16-110-21,Sandvik / EIMCO,Underground LHD,ED10,Hose/Fitting,软管安装,,软管安装,EXPLICIT,VERIFIED,HIGH,"ED10 parts manual page 252, item 51",伊泰LS190-ED10配件手册.pdf,D2900-16-110-21 — 软管安装,D2900-16-110-21 软管安装 | ED10 Spare Part,Verified part number D2900-16-110-21: 软管安装 for ED10. Check equipment compatibility and submit an RFQ to qualified mining spare parts suppliers on KuangpeiY,/part-number/d2900-16-110-21,Request Quote,/rfq/new?partNumber=D2900-16-110-21,PUBLISHED_READY,2026-09-18
PN-001590,D2900-12-130-17,d2900-12-130-17,Sandvik / EIMCO,Underground LHD,ED10,Hose/Fitting,软管安装,,软管安装,EXPLICIT,VERIFIED,HIGH,"ED10 parts manual page 252, item 55",伊泰LS190-ED10配件手册.pdf,D2900-12-130-17 — 软管安装,D2900-12-130-17 软管安装 | ED10 Spare Part,Verified part number D2900-12-130-17: 软管安装 for ED10. Check equipment compatibility and submit an RFQ to qualified mining spare parts suppliers on KuangpeiY,/part-number/d2900-12-130-17,Request Quote,/rfq/new?partNumber=D2900-12-130-17,PUBLISHED_READY,2026-09-18
PN-000642,A2U220-534056,a2u220-534056,Sandvik / EIMCO,Underground LHD,ED10,Other,吸管,,吸管,EXPLICIT,VERIFIED,HIGH,"ED10 parts manual page 254, item 4",伊泰LS190-ED10配件手册.pdf,A2U220-534056 — 吸管,A2U220-534056 吸管 | ED10 Spare Part,Verified part number A2U220-534056: 吸管 for ED10. Check equipment compatibility and submit an RFQ to qualified mining spare parts suppliers on KuangpeiYun.,/part-number/a2u220-534056,Request Quote,/rfq/new?partNumber=A2U220-534056,PUBLISHED_READY,2026-09-18
PN-000880,A2U913-593005,a2u913-593005,Sandvik / EIMCO,Underground LHD,ED10,Other,蓄能器,,蓄能器,EXPLICIT,VERIFIED,HIGH,"ED10 parts manual page 257, item 1",伊泰LS190-ED10配件手册.pdf,A2U913-593005 — 蓄能器,A2U913-593005 蓄能器 | ED10 Spare Part,Verified part number A2U913-593005: 蓄能器 for ED10. Check equipment compatibility and submit an RFQ to qualified mining spare parts suppliers on KuangpeiYun.,/part-number/a2u913-593005,Request Quote,/rfq/new?partNumber=A2U913-593005,PUBLISHED_READY,2026-09-18
PN-000883,A2U913-596127,a2u913-596127,Sandvik / EIMCO,Underground LHD,ED10,Hose/Fitting,接头，刹车蓄能器,,接头，刹车蓄能器,EXPLICIT,VERIFIED,HIGH,"ED10 parts manual page 257, item 2",伊泰LS190-ED10配件手册.pdf,A2U913-596127 — 接头，刹车蓄能器,A2U913-596127 接头，刹车蓄能器 | ED10 Spare Part,Verified part number A2U913-596127: 接头，刹车蓄能器 for ED10. Check equipment compatibility and submit an RFQ to qualified mining spare parts suppliers on Kuangpe,/part-number/a2u913-596127,Request Quote,/rfq/new?partNumber=A2U913-596127,PUBLISHED_READY,2026-09-18
PN-001795,DB17/0409,db17-0409,Sandvik / EIMCO,Underground LHD,ED10,Hose/Fitting,90度弯头,,90度弯头,EXPLICIT,VERIFIED,HIGH,"ED10 parts manual page 257, item 3",伊泰LS190-ED10配件手册.pdf,DB17/0409 — 90度弯头,DB17/0409 90度弯头 | ED10 Spare Part,Verified part number DB17/0409: 90度弯头 for ED10. Check equipment compatibility and submit an RFQ to qualified mining spare parts suppliers on KuangpeiYun.,/part-number/db17-0409,Request Quote,/rfq/new?partNumber=DB17/0409,PUBLISHED_READY,2026-09-18
PN-001689,D50/0909,d50-0909,Sandvik / EIMCO,Underground LHD,ED10,Hose/Fitting,90度弯头,,90度弯头,EXPLICIT,VERIFIED,HIGH,"ED10 parts manual page 257, item 5",伊泰LS190-ED10配件手册.pdf,D50/0909 — 90度弯头,D50/0909 90度弯头 | ED10 Spare Part,Verified part number D50/0909: 90度弯头 for ED10. Check equipment compatibility and submit an RFQ to qualified mining spare parts suppliers on KuangpeiYun.,/part-number/d50-0909,Request Quote,/rfq/new?partNumber=D50/0909,PUBLISHED_READY,2026-09-18
PN-001697,D51/0909,d51-0909,Sandvik / EIMCO,Underground LHD,ED10,Hose/Fitting,45度弯头,,45度弯头,EXPLICIT,VERIFIED,HIGH,"ED10 parts manual page 257, item 6",伊泰LS190-ED10配件手册.pdf,D51/0909 — 45度弯头,D51/0909 45度弯头 | ED10 Spare Part,Verified part number D51/0909: 45度弯头 for ED10. Check equipment compatibility and submit an RFQ to qualified mining spare parts suppliers on KuangpeiYun.,/part-number/d51-0909,Request Quote,/rfq/new?partNumber=D51/0909,PUBLISHED_READY,2026-09-18
PN-001730,D53/121212,d53-121212,Sandvik / EIMCO,Underground LHD,ED10,Other,三通,,三通,EXPLICIT,VERIFIED,HIGH,"ED10 parts manual page 257, item 7",伊泰LS190-ED10配件手册.pdf,D53/121212 — 三通,D53/121212 三通 | ED10 Spare Part,Verified part number D53/121212: 三通 for ED10. Check equipment compatibility and submit an RFQ to qualified mining spare parts suppliers on KuangpeiYun.,/part-number/d53-121212,Request Quote,/rfq/new?partNumber=D53/121212,PUBLISHED_READY,2026-09-18
PN-001793,DA82/090909,da82-090909,Sandvik / EIMCO,Underground LHD,ED10,Other,三通,,三通,EXPLICIT,VERIFIED,HIGH,"ED10 parts manual page 257, item 8",伊泰LS190-ED10配件手册.pdf,DA82/090909 — 三通,DA82/090909 三通 | ED10 Spare Part,Verified part number DA82/090909: 三通 for ED10. Check equipment compatibility and submit an RFQ to qualified mining spare parts suppliers on KuangpeiYun.,/part-number/da82-090909,Request Quote,/rfq/new?partNumber=DA82/090909,PUBLISHED_READY,2026-09-18
PN-001608,D2900-4-100-7,d2900-4-100-7,Sandvik / EIMCO,Underground LHD,ED10,Hose/Fitting,软管安装,,软管安装,EXPLICIT,VERIFIED,HIGH,"ED10 parts manual page 257, item 9",伊泰LS190-ED10配件手册.pdf,D2900-4-100-7 — 软管安装,D2900-4-100-7 软管安装 | ED10 Spare Part,Verified part number D2900-4-100-7: 软管安装 for ED10. Check equipment compatibility and submit an RFQ to qualified mining spare parts suppliers on KuangpeiYun,/part-number/d2900-4-100-7,Request Quote,/rfq/new?partNumber=D2900-4-100-7,PUBLISHED_READY,2026-09-18
PN-001636,D2900-6-80-9,d2900-6-80-9,Sandvik / EIMCO,Underground LHD,ED10,Hose/Fitting,软管安装,,软管安装,EXPLICIT,VERIFIED,HIGH,"ED10 parts manual page 257, item 10",伊泰LS190-ED10配件手册.pdf,D2900-6-80-9 — 软管安装,D2900-6-80-9 软管安装 | ED10 Spare Part,Verified part number D2900-6-80-9: 软管安装 for ED10. Check equipment compatibility and submit an RFQ to qualified mining spare parts suppliers on KuangpeiYun.,/part-number/d2900-6-80-9,Request Quote,/rfq/new?partNumber=D2900-6-80-9,PUBLISHED_READY,2026-09-18
PN-001625,D2900-6-140-9,d2900-6-140-9,Sandvik / EIMCO,Underground LHD,ED10,Hose/Fitting,软管安装,,软管安装,EXPLICIT,VERIFIED,HIGH,"ED10 parts manual page 257, item 11",伊泰LS190-ED10配件手册.pdf,D2900-6-140-9 — 软管安装,D2900-6-140-9 软管安装 | ED10 Spare Part,Verified part number D2900-6-140-9: 软管安装 for ED10. Check equipment compatibility and submit an RFQ to qualified mining spare parts suppliers on KuangpeiYun,/part-number/d2900-6-140-9,Request Quote,/rfq/new?partNumber=D2900-6-140-9,PUBLISHED_READY,2026-09-18
PN-001628,D2900-6-160-9,d2900-6-160-9,Sandvik / EIMCO,Underground LHD,ED10,Hose/Fitting,软管安装,,软管安装,EXPLICIT,VERIFIED,HIGH,"ED10 parts manual page 257, item 12",伊泰LS190-ED10配件手册.pdf,D2900-6-160-9 — 软管安装,D2900-6-160-9 软管安装 | ED10 Spare Part,Verified part number D2900-6-160-9: 软管安装 for ED10. Check equipment compatibility and submit an RFQ to qualified mining spare parts suppliers on KuangpeiYun,/part-number/d2900-6-160-9,Request Quote,/rfq/new?partNumber=D2900-6-160-9,PUBLISHED_READY,2026-09-18
PN-000668,A2U220-594445,a2u220-594445,Sandvik / EIMCO,Underground LHD,ED10,Hydraulic,阀,,阀,EXPLICIT,VERIFIED,HIGH,"ED10 parts manual page 257, item 13",伊泰LS190-ED10配件手册.pdf,A2U220-594445 — 阀,A2U220-594445 阀 | ED10 Spare Part,Verified part number A2U220-594445: 阀 for ED10. Check equipment compatibility and submit an RFQ to qualified mining spare parts suppliers on KuangpeiYun.,/part-number/a2u220-594445,Request Quote,/rfq/new?partNumber=A2U220-594445,PUBLISHED_READY,2026-09-18
PN-000427,A2U130-591293,a2u130-591293,Sandvik / EIMCO,Underground LHD,ED10,Structure,安装托架,,安装托架,EXPLICIT,VERIFIED,HIGH,"ED10 parts manual page 257, item 17",伊泰LS190-ED10配件手册.pdf,A2U130-591293 — 安装托架,A2U130-591293 安装托架 | ED10 Spare Part,Verified part number A2U130-591293: 安装托架 for ED10. Check equipment compatibility and submit an RFQ to qualified mining spare parts suppliers on KuangpeiYun,/part-number/a2u130-591293,Request Quote,/rfq/new?partNumber=A2U130-591293,PUBLISHED_READY,2026-09-18
PN-000435,A2U130-594273,a2u130-594273,Sandvik / EIMCO,Underground LHD,ED10,Hydraulic,阀块,,阀块,EXPLICIT,VERIFIED,HIGH,"ED10 parts manual page 257, item 18",伊泰LS190-ED10配件手册.pdf,A2U130-594273 — 阀块,A2U130-594273 阀块 | ED10 Spare Part,Verified part number A2U130-594273: 阀块 for ED10. Check equipment compatibility and submit an RFQ to qualified mining spare parts suppliers on KuangpeiYun.,/part-number/a2u130-594273,Request Quote,/rfq/new?partNumber=A2U130-594273,PUBLISHED_READY,2026-09-18
PN-000903,A2U936-596103,a2u936-596103,Sandvik / EIMCO,Underground LHD,ED10,Hose/Fitting,阴螺纹接头,,阴螺纹接头,EXPLICIT,VERIFIED,HIGH,"ED10 parts manual page 257, item 19",伊泰LS190-ED10配件手册.pdf,A2U936-596103 — 阴螺纹接头,A2U936-596103 阴螺纹接头 | ED10 Spare Part,Verified part number A2U936-596103: 阴螺纹接头 for ED10. Check equipment compatibility and submit an RFQ to qualified mining spare parts suppliers on KuangpeiYu,/part-number/a2u936-596103,Request Quote,/rfq/new?partNumber=A2U936-596103,PUBLISHED_READY,2026-09-18
PN-000902,A2U936-596102,a2u936-596102,Sandvik / EIMCO,Underground LHD,ED10,Hose/Fitting,阳螺纹接头,,阳螺纹接头,EXPLICIT,VERIFIED,HIGH,"ED10 parts manual page 257, item 20",伊泰LS190-ED10配件手册.pdf,A2U936-596102 — 阳螺纹接头,A2U936-596102 阳螺纹接头 | ED10 Spare Part,Verified part number A2U936-596102: 阳螺纹接头 for ED10. Check equipment compatibility and submit an RFQ to qualified mining spare parts suppliers on KuangpeiYu,/part-number/a2u936-596102,Request Quote,/rfq/new?partNumber=A2U936-596102,PUBLISHED_READY,2026-09-18
PN-001805,DE53/0909,de53-0909,Sandvik / EIMCO,Underground LHD,ED10,Hose/Fitting,弯头,,弯头,EXPLICIT,VERIFIED,HIGH,"ED10 parts manual page 257, item 21",伊泰LS190-ED10配件手册.pdf,DE53/0909 — 弯头,DE53/0909 弯头 | ED10 Spare Part,Verified part number DE53/0909: 弯头 for ED10. Check equipment compatibility and submit an RFQ to qualified mining spare parts suppliers on KuangpeiYun.,/part-number/de53-0909,Request Quote,/rfq/new?partNumber=DE53/0909,PUBLISHED_READY,2026-09-18
PN-001728,D53/0909,d53-0909,Sandvik / EIMCO,Underground LHD,ED10,Hose/Fitting,弯头,,弯头,EXPLICIT,VERIFIED,HIGH,"ED10 parts manual page 257, item 22",伊泰LS190-ED10配件手册.pdf,D53/0909 — 弯头,D53/0909 弯头 | ED10 Spare Part,Verified part number D53/0909: 弯头 for ED10. Check equipment compatibility and submit an RFQ to qualified mining spare parts suppliers on KuangpeiYun.,/part-number/d53-0909,Request Quote,/rfq/new?partNumber=D53/0909,PUBLISHED_READY,2026-09-18
PN-001800,DE17/0407,de17-0407,Sandvik / EIMCO,Underground LHD,ED10,Hose/Fitting,弯头,,弯头,EXPLICIT,VERIFIED,HIGH,"ED10 parts manual page 257, item 23",伊泰LS190-ED10配件手册.pdf,DE17/0407 — 弯头,DE17/0407 弯头 | ED10 Spare Part,Verified part number DE17/0407: 弯头 for ED10. Check equipment compatibility and submit an RFQ to qualified mining spare parts suppliers on KuangpeiYun.,/part-number/de17-0407,Request Quote,/rfq/new?partNumber=DE17/0407,PUBLISHED_READY,2026-09-18
PN-001712,D52/1209,d52-1209,Sandvik / EIMCO,Underground LHD,ED10,Hose/Fitting,接头,,接头,EXPLICIT,VERIFIED,HIGH,"ED10 parts manual page 257, item 24",伊泰LS190-ED10配件手册.pdf,D52/1209 — 接头,D52/1209 接头 | ED10 Spare Part,Verified part number D52/1209: 接头 for ED10. Check equipment compatibility and submit an RFQ to qualified mining spare parts suppliers on KuangpeiYun.,/part-number/d52-1209,Request Quote,/rfq/new?partNumber=D52/1209,PUBLISHED_READY,2026-09-18
PN-001530,D15/0609,d15-0609,Sandvik / EIMCO,Underground LHD,ED10,Hose/Fitting,接头,,接头,EXPLICIT,VERIFIED,HIGH,"ED10 parts manual page 257, item 25",伊泰LS190-ED10配件手册.pdf,D15/0609 — 接头,D15/0609 接头 | ED10 Spare Part,Verified part number D15/0609: 接头 for ED10. Check equipment compatibility and submit an RFQ to qualified mining spare parts suppliers on KuangpeiYun.,/part-number/d15-0609,Request Quote,/rfq/new?partNumber=D15/0609,PUBLISHED_READY,2026-09-18
PN-001552,D17/0407,d17-0407,Sandvik / EIMCO,Underground LHD,ED10,Hose/Fitting,弯头,,弯头,EXPLICIT,VERIFIED,HIGH,"ED10 parts manual page 257, item 26",伊泰LS190-ED10配件手册.pdf,D17/0407 — 弯头,D17/0407 弯头 | ED10 Spare Part,Verified part number D17/0407: 弯头 for ED10. Check equipment compatibility and submit an RFQ to qualified mining spare parts suppliers on KuangpeiYun.,/part-number/d17-0407,Request Quote,/rfq/new?partNumber=D17/0407,PUBLISHED_READY,2026-09-18
PN-001782,DA4/0606,da4-0606,Sandvik / EIMCO,Underground LHD,ED10,Hose/Fitting,接头,,接头,EXPLICIT,VERIFIED,HIGH,"ED10 parts manual page 257, item 27",伊泰LS190-ED10配件手册.pdf,DA4/0606 — 接头,DA4/0606 接头 | ED10 Spare Part,Verified part number DA4/0606: 接头 for ED10. Check equipment compatibility and submit an RFQ to qualified mining spare parts suppliers on KuangpeiYun.,/part-number/da4-0606,Request Quote,/rfq/new?partNumber=DA4/0606,PUBLISHED_READY,2026-09-18
PN-001613,D2900-4-150-7,d2900-4-150-7,Sandvik / EIMCO,Underground LHD,ED10,Hose/Fitting,软管安装,,软管安装,EXPLICIT,VERIFIED,HIGH,"ED10 parts manual page 257, item 28",伊泰LS190-ED10配件手册.pdf,D2900-4-150-7 — 软管安装,D2900-4-150-7 软管安装 | ED10 Spare Part,Verified part number D2900-4-150-7: 软管安装 for ED10. Check equipment compatibility and submit an RFQ to qualified mining spare parts suppliers on KuangpeiYun,/part-number/d2900-4-150-7,Request Quote,/rfq/new?partNumber=D2900-4-150-7,PUBLISHED_READY,2026-09-18
PN-001630,D2900-6-290-9,d2900-6-290-9,Sandvik / EIMCO,Underground LHD,ED10,Hose/Fitting,软管安装,,软管安装,EXPLICIT,VERIFIED,HIGH,"ED10 parts manual page 257, item 30",伊泰LS190-ED10配件手册.pdf,D2900-6-290-9 — 软管安装,D2900-6-290-9 软管安装 | ED10 Spare Part,Verified part number D2900-6-290-9: 软管安装 for ED10. Check equipment compatibility and submit an RFQ to qualified mining spare parts suppliers on KuangpeiYun,/part-number/d2900-6-290-9,Request Quote,/rfq/new?partNumber=D2900-6-290-9,PUBLISHED_READY,2026-09-18
PN-001754,D62/09,d62-09,Sandvik / EIMCO,Underground LHD,ED10,Hose/Fitting,软管安装,,软管安装,EXPLICIT,VERIFIED,HIGH,"ED10 parts manual page 257, item 31",伊泰LS190-ED10配件手册.pdf,D62/09 — 软管安装,D62/09 软管安装 | ED10 Spare Part,Verified part number D62/09: 软管安装 for ED10. Check equipment compatibility and submit an RFQ to qualified mining spare parts suppliers on KuangpeiYun.,/part-number/d62-09,Request Quote,/rfq/new?partNumber=D62/09,PUBLISHED_READY,2026-09-18
PN-001529,D15/0607,d15-0607,Sandvik / EIMCO,Underground LHD,ED10,Hose/Fitting,接头,,接头,EXPLICIT,VERIFIED,HIGH,"ED10 parts manual page 257, item 32",伊泰LS190-ED10配件手册.pdf,D15/0607 — 接头,D15/0607 接头 | ED10 Spare Part,Verified part number D15/0607: 接头 for ED10. Check equipment compatibility and submit an RFQ to qualified mining spare parts suppliers on KuangpeiYun.,/part-number/d15-0607,Request Quote,/rfq/new?partNumber=D15/0607,PUBLISHED_READY,2026-09-18
PN-001762,D71/060606,d71-060606,Sandvik / EIMCO,Underground LHD,ED10,Other,三通件,,三通件,EXPLICIT,VERIFIED,HIGH,"ED10 parts manual page 257, item 33",伊泰LS190-ED10配件手册.pdf,D71/060606 — 三通件,D71/060606 三通件 | ED10 Spare Part,Verified part number D71/060606: 三通件 for ED10. Check equipment compatibility and submit an RFQ to qualified mining spare parts suppliers on KuangpeiYun.,/part-number/d71-060606,Request Quote,/rfq/new?partNumber=D71/060606,PUBLISHED_READY,2026-09-18
PN-001553,D17/0609,d17-0609,Sandvik / EIMCO,Underground LHD,ED10,Hose/Fitting,弯头,,弯头,EXPLICIT,VERIFIED,HIGH,"ED10 parts manual page 257, item 34",伊泰LS190-ED10配件手册.pdf,D17/0609 — 弯头,D17/0609 弯头 | ED10 Spare Part,Verified part number D17/0609: 弯头 for ED10. Check equipment compatibility and submit an RFQ to qualified mining spare parts suppliers on KuangpeiYun.,/part-number/d17-0609,Request Quote,/rfq/new?partNumber=D17/0609,PUBLISHED_READY,2026-09-18
PN-001711,D52/0809,d52-0809,Sandvik / EIMCO,Underground LHD,ED10,Hose/Fitting,接头,,接头,EXPLICIT,VERIFIED,HIGH,"ED10 parts manual page 257, item 35",伊泰LS190-ED10配件手册.pdf,D52/0809 — 接头,D52/0809 接头 | ED10 Spare Part,Verified part number D52/0809: 接头 for ED10. Check equipment compatibility and submit an RFQ to qualified mining spare parts suppliers on KuangpeiYun.,/part-number/d52-0809,Request Quote,/rfq/new?partNumber=D52/0809,PUBLISHED_READY,2026-09-18
PN-000428,A2U130-591300,a2u130-591300,Sandvik / EIMCO,Underground LHD,ED10,Structure,安装托架,,安装托架,EXPLICIT,VERIFIED,HIGH,"ED10 parts manual page 257, item 36",伊泰LS190-ED10配件手册.pdf,A2U130-591300 — 安装托架,A2U130-591300 安装托架 | ED10 Spare Part,Verified part number A2U130-591300: 安装托架 for ED10. Check equipment compatibility and submit an RFQ to qualified mining spare parts suppliers on KuangpeiYun,/part-number/a2u130-591300,Request Quote,/rfq/new?partNumber=A2U130-591300,PUBLISHED_READY,2026-09-18
PN-001633,D2900-6-65-9A,d2900-6-65-9a,Sandvik / EIMCO,Underground LHD,ED10,Hose/Fitting,软管安装,,软管安装,EXPLICIT,VERIFIED,HIGH,"ED10 parts manual page 257, item 37",伊泰LS190-ED10配件手册.pdf,D2900-6-65-9A — 软管安装,D2900-6-65-9A 软管安装 | ED10 Spare Part,Verified part number D2900-6-65-9A: 软管安装 for ED10. Check equipment compatibility and submit an RFQ to qualified mining spare parts suppliers on KuangpeiYun,/part-number/d2900-6-65-9a,Request Quote,/rfq/new?partNumber=D2900-6-65-9A,PUBLISHED_READY,2026-09-18
PN-001635,D2900-6-70-9A,d2900-6-70-9a,Sandvik / EIMCO,Underground LHD,ED10,Hose/Fitting,软管安装,,软管安装,EXPLICIT,VERIFIED,HIGH,"ED10 parts manual page 257, item 39",伊泰LS190-ED10配件手册.pdf,D2900-6-70-9A — 软管安装,D2900-6-70-9A 软管安装 | ED10 Spare Part,Verified part number D2900-6-70-9A: 软管安装 for ED10. Check equipment compatibility and submit an RFQ to qualified mining spare parts suppliers on KuangpeiYun,/part-number/d2900-6-70-9a,Request Quote,/rfq/new?partNumber=D2900-6-70-9A,PUBLISHED_READY,2026-09-18
PN-001629,D2900-6-180-9,d2900-6-180-9,Sandvik / EIMCO,Underground LHD,ED10,Hose/Fitting,软管安装,,软管安装,EXPLICIT,VERIFIED,HIGH,"ED10 parts manual page 257, item 40",伊泰LS190-ED10配件手册.pdf,D2900-6-180-9 — 软管安装,D2900-6-180-9 软管安装 | ED10 Spare Part,Verified part number D2900-6-180-9: 软管安装 for ED10. Check equipment compatibility and submit an RFQ to qualified mining spare parts suppliers on KuangpeiYun,/part-number/d2900-6-180-9,Request Quote,/rfq/new?partNumber=D2900-6-180-9,PUBLISHED_READY,2026-09-18
PN-001677,D41/0409,d41-0409,Sandvik / EIMCO,Underground LHD,ED10,Hose/Fitting,弯头,,弯头,EXPLICIT,VERIFIED,HIGH,"ED10 parts manual page 257, item 41",伊泰LS190-ED10配件手册.pdf,D41/0409 — 弯头,D41/0409 弯头 | ED10 Spare Part,Verified part number D41/0409: 弯头 for ED10. Check equipment compatibility and submit an RFQ to qualified mining spare parts suppliers on KuangpeiYun.,/part-number/d41-0409,Request Quote,/rfq/new?partNumber=D41/0409,PUBLISHED_READY,2026-09-18
PN-001796,DB47/0409,db47-0409,Sandvik / EIMCO,Underground LHD,ED10,Other,管套节,,管套节,EXPLICIT,VERIFIED,HIGH,"ED10 parts manual page 257, item 42",伊泰LS190-ED10配件手册.pdf,DB47/0409 — 管套节,DB47/0409 管套节 | ED10 Spare Part,Verified part number DB47/0409: 管套节 for ED10. Check equipment compatibility and submit an RFQ to qualified mining spare parts suppliers on KuangpeiYun.,/part-number/db47-0409,Request Quote,/rfq/new?partNumber=DB47/0409,PUBLISHED_READY,2026-09-18
PN-001637,D2900-6-90-9,d2900-6-90-9,Sandvik / EIMCO,Underground LHD,ED10,Hose/Fitting,软管安装,,软管安装,EXPLICIT,VERIFIED,HIGH,"ED10 parts manual page 257, item 43",伊泰LS190-ED10配件手册.pdf,D2900-6-90-9 — 软管安装,D2900-6-90-9 软管安装 | ED10 Spare Part,Verified part number D2900-6-90-9: 软管安装 for ED10. Check equipment compatibility and submit an RFQ to qualified mining spare parts suppliers on KuangpeiYun.,/part-number/d2900-6-90-9,Request Quote,/rfq/new?partNumber=D2900-6-90-9,PUBLISHED_READY,2026-09-18
PN-000800,A2U900-594551,a2u900-594551,Sandvik / EIMCO,Underground LHD,ED10,Steering/Brake,VALVE BRAKE DUMP RB (BD00005686) RB,VALVE BRAKE DUMP RB (BD00005686) RB,辅助刹车倾泄阀 | 辅助刹车倾泄阀安装夹头 | 刹车倾泄阀,EXPLICIT,VERIFIED,HIGH,"ED10 parts manual page 257, item 44; ED10 parts manual page 281, item 3; ED10 parts manual page 287, item 7; SANDVIK LS 190-312 PARTS20260228.xlsx, Sheet1, row 139",SANDVIK LS 190-312 PARTS20260228.xlsx | 伊泰LS190-ED10配件手册.pdf,A2U900-594551 — VALVE BRAKE DUMP RB (BD00005686) RB,A2U900-594551 VALVE BRAKE DUMP RB (BD00005686) RB | ED10 Spa,Verified part number A2U900-594551: VALVE BRAKE DUMP RB (BD00005686) RB for ED10. Check equipment compatibility and submit an RFQ to qualified mining spare,/part-number/a2u900-594551,Request Quote,/rfq/new?partNumber=A2U900-594551,PUBLISHED_READY,2026-09-18
PN-000806,A2U900-594591,a2u900-594591,Sandvik / EIMCO,Underground LHD,ED10,Hydraulic,自动刹车阀,,自动刹车阀 | 自动刹车倾泄阀,EXPLICIT,VERIFIED,HIGH,"ED10 parts manual page 258, item 45; ED10 parts manual page 281, item 1",伊泰LS190-ED10配件手册.pdf,A2U900-594591 — 自动刹车阀,A2U900-594591 自动刹车阀 | ED10 Spare Part,Verified part number A2U900-594591: 自动刹车阀 for ED10. Check equipment compatibility and submit an RFQ to qualified mining spare parts suppliers on KuangpeiYu,/part-number/a2u900-594591,Request Quote,/rfq/new?partNumber=A2U900-594591,PUBLISHED_READY,2026-09-18
PN-001831,J/W. 62-300,j-w-62-300,Sandvik / EIMCO,Underground LHD,ED10,Steering/Brake,活塞制动螺钉,,活塞制动螺钉,EXPLICIT,VERIFIED,HIGH,"ED10 parts manual page 260, item 2",伊泰LS190-ED10配件手册.pdf,J/W. 62-300 — 活塞制动螺钉,J/W. 62-300 活塞制动螺钉 | ED10 Spare Part,Verified part number J/W. 62-300: 活塞制动螺钉 for ED10. Check equipment compatibility and submit an RFQ to qualified mining spare parts suppliers on KuangpeiYun,/part-number/j-w-62-300,Request Quote,/rfq/new?partNumber=J/W. 62-300,PUBLISHED_READY,2026-09-18
PN-000419,A2U130-552024,a2u130-552024,Sandvik / EIMCO,Underground LHD,ED10,Other,升举油缸＋荷载复核,,升举油缸＋荷载复核,EXPLICIT,VERIFIED,HIGH,"ED10 parts manual page 262, item 1",伊泰LS190-ED10配件手册.pdf,A2U130-552024 — 升举油缸＋荷载复核,A2U130-552024 升举油缸＋荷载复核 | ED10 Spare Part,Verified part number A2U130-552024: 升举油缸＋荷载复核 for ED10. Check equipment compatibility and submit an RFQ to qualified mining spare parts suppliers on Kuangp,/part-number/a2u130-552024,Request Quote,/rfq/new?partNumber=A2U130-552024,PUBLISHED_READY,2026-09-18
PN-000380,A2U130-193437,a2u130-193437,Sandvik / EIMCO,Underground LHD,ED10,Structure,销钉，升举臂,,销钉，升举臂,EXPLICIT,VERIFIED,HIGH,"ED10 parts manual page 262, item 2",伊泰LS190-ED10配件手册.pdf,A2U130-193437 — 销钉，升举臂,A2U130-193437 销钉，升举臂 | ED10 Spare Part,Verified part number A2U130-193437: 销钉，升举臂 for ED10. Check equipment compatibility and submit an RFQ to qualified mining spare parts suppliers on KuangpeiY,/part-number/a2u130-193437,Request Quote,/rfq/new?partNumber=A2U130-193437,PUBLISHED_READY,2026-09-18
PN-000473,A2U220-193446,a2u220-193446,Sandvik / EIMCO,Underground LHD,ED10,Structure,销钉，车架,,销钉，车架,EXPLICIT,VERIFIED,HIGH,"ED10 parts manual page 262, item 3",伊泰LS190-ED10配件手册.pdf,A2U220-193446 — 销钉，车架,A2U220-193446 销钉，车架 | ED10 Spare Part,Verified part number A2U220-193446: 销钉，车架 for ED10. Check equipment compatibility and submit an RFQ to qualified mining spare parts suppliers on KuangpeiYu,/part-number/a2u220-193446,Request Quote,/rfq/new?partNumber=A2U220-193446,PUBLISHED_READY,2026-09-18
PN-000433,A2U130-594168,a2u130-594168,Sandvik / EIMCO,Underground LHD,ED10,Hydraulic,偏心自锁阀，比率3:1,,偏心自锁阀，比率3:1,EXPLICIT,VERIFIED,HIGH,"ED10 parts manual page 262, item 4",伊泰LS190-ED10配件手册.pdf,A2U130-594168 — 偏心自锁阀，比率3:1,A2U130-594168 偏心自锁阀，比率3:1 | ED10 Spare Part,Verified part number A2U130-594168: 偏心自锁阀，比率3:1 for ED10. Check equipment compatibility and submit an RFQ to qualified mining spare parts suppliers on Kuan,/part-number/a2u130-594168,Request Quote,/rfq/new?partNumber=A2U130-594168,PUBLISHED_READY,2026-09-18
PN-001853,S2719,s2719,Sandvik / EIMCO,Underground LHD,ED10,Other,O形圈,,O形圈,EXPLICIT,VERIFIED,HIGH,"ED10 parts manual page 262, item 5",伊泰LS190-ED10配件手册.pdf,S2719 — O形圈,S2719 O形圈 | ED10 Spare Part,Verified part number S2719: O形圈 for ED10. Check equipment compatibility and submit an RFQ to qualified mining spare parts suppliers on KuangpeiYun.,/part-number/s2719,Request Quote,/rfq/new?partNumber=S2719,PUBLISHED_READY,2026-09-18
PN-001875,T6GH28,t6gh28,Sandvik / EIMCO,Underground LHD,ED10,Fastener,螺钉,,螺钉,EXPLICIT,VERIFIED,HIGH,"ED10 parts manual page 262, item 6",伊泰LS190-ED10配件手册.pdf,T6GH28 — 螺钉,T6GH28 螺钉 | ED10 Spare Part,Verified part number T6GH28: 螺钉 for ED10. Check equipment compatibility and submit an RFQ to qualified mining spare parts suppliers on KuangpeiYun.,/part-number/t6gh28,Request Quote,/rfq/new?partNumber=T6GH28,PUBLISHED_READY,2026-09-18
PN-000145,445402861,445402861,Sandvik / EIMCO,Underground LHD,ED10,Fastener,螺钉,,螺钉,EXPLICIT,VERIFIED,HIGH,"ED10 parts manual page 262, item 7",伊泰LS190-ED10配件手册.pdf,445402861 — 螺钉,445402861 螺钉 | ED10 Spare Part,Verified part number 445402861: 螺钉 for ED10. Check equipment compatibility and submit an RFQ to qualified mining spare parts suppliers on KuangpeiYun.,/part-number/445402861,Request Quote,/rfq/new?partNumber=445402861,PUBLISHED_READY,2026-09-18
PN-000146,445402863,445402863,Sandvik / EIMCO,Underground LHD,ED10,Fastener,螺钉,,螺钉,EXPLICIT,VERIFIED,HIGH,"ED10 parts manual page 262, item 8",伊泰LS190-ED10配件手册.pdf,445402863 — 螺钉,445402863 螺钉 | ED10 Spare Part,Verified part number 445402863: 螺钉 for ED10. Check equipment compatibility and submit an RFQ to qualified mining spare parts suppliers on KuangpeiYun.,/part-number/445402863,Request Quote,/rfq/new?partNumber=445402863,PUBLISHED_READY,2026-09-18
PN-000082,06575124,06575124,Sandvik / EIMCO,Underground LHD,ED10,Fastener,防松螺母,,防松螺母,EXPLICIT,VERIFIED,HIGH,"ED10 parts manual page 262, item 9",伊泰LS190-ED10配件手册.pdf,06575124 — 防松螺母,06575124 防松螺母 | ED10 Spare Part,Verified part number 06575124: 防松螺母 for ED10. Check equipment compatibility and submit an RFQ to qualified mining spare parts suppliers on KuangpeiYun.,/part-number/06575124,Request Quote,/rfq/new?partNumber=06575124,PUBLISHED_READY,2026-09-18
PN-001619,D2900-4-22-7,d2900-4-22-7,Sandvik / EIMCO,Underground LHD,ED10,Hose/Fitting,软管安装,,软管安装,EXPLICIT,VERIFIED,HIGH,"ED10 parts manual page 262, item 12",伊泰LS190-ED10配件手册.pdf,D2900-4-22-7 — 软管安装,D2900-4-22-7 软管安装 | ED10 Spare Part,Verified part number D2900-4-22-7: 软管安装 for ED10. Check equipment compatibility and submit an RFQ to qualified mining spare parts suppliers on KuangpeiYun.,/part-number/d2900-4-22-7,Request Quote,/rfq/new?partNumber=D2900-4-22-7,PUBLISHED_READY,2026-09-18
PN-000420,A2U130-561101,a2u130-561101,Sandvik / EIMCO,Underground LHD,ED10,Structure,圆筒安装,,圆筒安装,EXPLICIT,VERIFIED,HIGH,"ED10 parts manual page 264, item 1",伊泰LS190-ED10配件手册.pdf,A2U130-561101 — 圆筒安装,A2U130-561101 圆筒安装 | ED10 Spare Part,Verified part number A2U130-561101: 圆筒安装 for ED10. Check equipment compatibility and submit an RFQ to qualified mining spare parts suppliers on KuangpeiYun,/part-number/a2u130-561101,Request Quote,/rfq/new?partNumber=A2U130-561101,PUBLISHED_READY,2026-09-18
PN-000422,A2U130-561121,a2u130-561121,Sandvik / EIMCO,Underground LHD,ED10,Structure,活塞杆安装,,活塞杆安装,EXPLICIT,VERIFIED,HIGH,"ED10 parts manual page 264, item 2",伊泰LS190-ED10配件手册.pdf,A2U130-561121 — 活塞杆安装,A2U130-561121 活塞杆安装 | ED10 Spare Part,Verified part number A2U130-561121: 活塞杆安装 for ED10. Check equipment compatibility and submit an RFQ to qualified mining spare parts suppliers on KuangpeiYu,/part-number/a2u130-561121,Request Quote,/rfq/new?partNumber=A2U130-561121,PUBLISHED_READY,2026-09-18
PN-000423,A2U130-561149,a2u130-561149,Sandvik / EIMCO,Underground LHD,ED10,Other,活塞,,活塞,EXPLICIT,VERIFIED,HIGH,"ED10 parts manual page 264, item 3",伊泰LS190-ED10配件手册.pdf,A2U130-561149 — 活塞,A2U130-561149 活塞 | ED10 Spare Part,Verified part number A2U130-561149: 活塞 for ED10. Check equipment compatibility and submit an RFQ to qualified mining spare parts suppliers on KuangpeiYun.,/part-number/a2u130-561149,Request Quote,/rfq/new?partNumber=A2U130-561149,PUBLISHED_READY,2026-09-18
PN-000421,A2U130-561105,a2u130-561105,Sandvik / EIMCO,Underground LHD,ED10,Seal/Gasket,密封压盖,,密封压盖,EXPLICIT,VERIFIED,HIGH,"ED10 parts manual page 264, item 4",伊泰LS190-ED10配件手册.pdf,A2U130-561105 — 密封压盖,A2U130-561105 密封压盖 | ED10 Spare Part,Verified part number A2U130-561105: 密封压盖 for ED10. Check equipment compatibility and submit an RFQ to qualified mining spare parts suppliers on KuangpeiYun,/part-number/a2u130-561105,Request Quote,/rfq/new?partNumber=A2U130-561105,PUBLISHED_READY,2026-09-18
PN-000424,A2U130-561151,a2u130-561151,Sandvik / EIMCO,Underground LHD,ED10,Other,轴承筒,,轴承筒,EXPLICIT,VERIFIED,HIGH,"ED10 parts manual page 264, item 5",伊泰LS190-ED10配件手册.pdf,A2U130-561151 — 轴承筒,A2U130-561151 轴承筒 | ED10 Spare Part,Verified part number A2U130-561151: 轴承筒 for ED10. Check equipment compatibility and submit an RFQ to qualified mining spare parts suppliers on KuangpeiYun.,/part-number/a2u130-561151,Request Quote,/rfq/new?partNumber=A2U130-561151,PUBLISHED_READY,2026-09-18
PN-000090,103805,103805,Sandvik / EIMCO,Underground LHD,ED10,Other,卡环,,卡环,EXPLICIT,VERIFIED,HIGH,"ED10 parts manual page 264, item 6",伊泰LS190-ED10配件手册.pdf,103805 — 卡环,103805 卡环 | ED10 Spare Part,Verified part number 103805: 卡环 for ED10. Check equipment compatibility and submit an RFQ to qualified mining spare parts suppliers on KuangpeiYun.,/part-number/103805,Request Quote,/rfq/new?partNumber=103805,PUBLISHED_READY,2026-09-18
PN-000318,64253186,64253186,Sandvik / EIMCO,Underground LHD,ED10,Seal/Gasket,密封包,,密封包,EXPLICIT,VERIFIED,HIGH,"ED10 parts manual page 264, item 7",伊泰LS190-ED10配件手册.pdf,64253186 — 密封包,64253186 密封包 | ED10 Spare Part,Verified part number 64253186: 密封包 for ED10. Check equipment compatibility and submit an RFQ to qualified mining spare parts suppliers on KuangpeiYun.,/part-number/64253186,Request Quote,/rfq/new?partNumber=64253186,PUBLISHED_READY,2026-09-18
PN-000123,263083200,263083200,Sandvik / EIMCO,Underground LHD,ED10,Fastener,防松螺母,,防松螺母,EXPLICIT,VERIFIED,HIGH,"ED10 parts manual page 264, item 8",伊泰LS190-ED10配件手册.pdf,263083200 — 防松螺母,263083200 防松螺母 | ED10 Spare Part,Verified part number 263083200: 防松螺母 for ED10. Check equipment compatibility and submit an RFQ to qualified mining spare parts suppliers on KuangpeiYun.,/part-number/263083200,Request Quote,/rfq/new?partNumber=263083200,PUBLISHED_READY,2026-09-18
PN-000384,A2U130-194369,a2u130-194369,Sandvik / EIMCO,Underground LHD,ED10,Seal/Gasket,衬垫，铜,,衬垫，铜,EXPLICIT,VERIFIED,HIGH,"ED10 parts manual page 264, item 9",伊泰LS190-ED10配件手册.pdf,A2U130-194369 — 衬垫，铜,A2U130-194369 衬垫，铜 | ED10 Spare Part,Verified part number A2U130-194369: 衬垫，铜 for ED10. Check equipment compatibility and submit an RFQ to qualified mining spare parts suppliers on KuangpeiYun,/part-number/a2u130-194369,Request Quote,/rfq/new?partNumber=A2U130-194369,PUBLISHED_READY,2026-09-18
PN-000086,101552,101552,Sandvik / EIMCO,Underground LHD,ED10,Other,轴承球形滚筒,,轴承球形滚筒,EXPLICIT,VERIFIED,HIGH,"ED10 parts manual page 266, item 1",伊泰LS190-ED10配件手册.pdf,101552 — 轴承球形滚筒,101552 轴承球形滚筒 | ED10 Spare Part,Verified part number 101552: 轴承球形滚筒 for ED10. Check equipment compatibility and submit an RFQ to qualified mining spare parts suppliers on KuangpeiYun.,/part-number/101552,Request Quote,/rfq/new?partNumber=101552,PUBLISHED_READY,2026-09-18
PN-000432,A2U130-594167,a2u130-594167,Sandvik / EIMCO,Underground LHD,ED10,Hydraulic,偏心自锁阀,,偏心自锁阀,EXPLICIT,VERIFIED,HIGH,"ED10 parts manual page 268, item 1",伊泰LS190-ED10配件手册.pdf,A2U130-594167 — 偏心自锁阀,A2U130-594167 偏心自锁阀 | ED10 Spare Part,Verified part number A2U130-594167: 偏心自锁阀 for ED10. Check equipment compatibility and submit an RFQ to qualified mining spare parts suppliers on KuangpeiYu,/part-number/a2u130-594167,Request Quote,/rfq/new?partNumber=A2U130-594167,PUBLISHED_READY,2026-09-18
PN-000425,A2U130-591189,a2u130-591189,Sandvik / EIMCO,Underground LHD,ED10,Hydraulic,阀块组,,阀块组,EXPLICIT,VERIFIED,HIGH,"ED10 parts manual page 268, item 2",伊泰LS190-ED10配件手册.pdf,A2U130-591189 — 阀块组,A2U130-591189 阀块组 | ED10 Spare Part,Verified part number A2U130-591189: 阀块组 for ED10. Check equipment compatibility and submit an RFQ to qualified mining spare parts suppliers on KuangpeiYun.,/part-number/a2u130-591189,Request Quote,/rfq/new?partNumber=A2U130-591189,PUBLISHED_READY,2026-09-18
PN-000647,A2U220-551026,a2u220-551026,Sandvik / EIMCO,Underground LHD,ED10,Steering/Brake,转向油缸,,转向油缸,EXPLICIT,VERIFIED,HIGH,"ED10 parts manual page 271, item 1",伊泰LS190-ED10配件手册.pdf,A2U220-551026 — 转向油缸,A2U220-551026 转向油缸 | ED10 Spare Part,Verified part number A2U220-551026: 转向油缸 for ED10. Check equipment compatibility and submit an RFQ to qualified mining spare parts suppliers on KuangpeiYun,/part-number/a2u220-551026,Request Quote,/rfq/new?partNumber=A2U220-551026,PUBLISHED_READY,2026-09-18
PN-000320,64400345,64400345,Sandvik / EIMCO,Underground LHD,ED10,Other,轴承,,轴承,EXPLICIT,VERIFIED,HIGH,"ED10 parts manual page 271, item 2; ED10 parts manual page 319, item 7",伊泰LS190-ED10配件手册.pdf,64400345 — 轴承,64400345 轴承 | ED10 Spare Part,Verified part number 64400345: 轴承 for ED10. Check equipment compatibility and submit an RFQ to qualified mining spare parts suppliers on KuangpeiYun.,/part-number/64400345,Request Quote,/rfq/new?partNumber=64400345,PUBLISHED_READY,2026-09-18
PN-000364,A2U130-191798,a2u130-191798,Sandvik / EIMCO,Underground LHD,ED10,Steering/Brake,制动板,,制动板,EXPLICIT,VERIFIED,HIGH,"ED10 parts manual page 271, item 3",伊泰LS190-ED10配件手册.pdf,A2U130-191798 — 制动板,A2U130-191798 制动板 | ED10 Spare Part,Verified part number A2U130-191798: 制动板 for ED10. Check equipment compatibility and submit an RFQ to qualified mining spare parts suppliers on KuangpeiYun.,/part-number/a2u130-191798,Request Quote,/rfq/new?partNumber=A2U130-191798,PUBLISHED_READY,2026-09-18
PN-000372,A2U130-193336,a2u130-193336,Sandvik / EIMCO,Underground LHD,ED10,Structure,销钉,,销钉,EXPLICIT,VERIFIED,HIGH,"ED10 parts manual page 271, item 4",伊泰LS190-ED10配件手册.pdf,A2U130-193336 — 销钉,A2U130-193336 销钉 | ED10 Spare Part,Verified part number A2U130-193336: 销钉 for ED10. Check equipment compatibility and submit an RFQ to qualified mining spare parts suppliers on KuangpeiYun.,/part-number/a2u130-193336,Request Quote,/rfq/new?partNumber=A2U130-193336,PUBLISHED_READY,2026-09-18
PN-000322,64404002,64404002,Sandvik / EIMCO,Underground LHD,ED10,Fastener,螺钉,,螺钉,EXPLICIT,VERIFIED,HIGH,"ED10 parts manual page 271, item 8",伊泰LS190-ED10配件手册.pdf,64404002 — 螺钉,64404002 螺钉 | ED10 Spare Part,Verified part number 64404002: 螺钉 for ED10. Check equipment compatibility and submit an RFQ to qualified mining spare parts suppliers on KuangpeiYun.,/part-number/64404002,Request Quote,/rfq/new?partNumber=64404002,PUBLISHED_READY,2026-09-18
PN-000469,A2U220-193388,a2u220-193388,Sandvik / EIMCO,Underground LHD,ED10,Other,先导,,先导,EXPLICIT,VERIFIED,HIGH,"ED10 parts manual page 271, item 9",伊泰LS190-ED10配件手册.pdf,A2U220-193388 — 先导,A2U220-193388 先导 | ED10 Spare Part,Verified part number A2U220-193388: 先导 for ED10. Check equipment compatibility and submit an RFQ to qualified mining spare parts suppliers on KuangpeiYun.,/part-number/a2u220-193388,Request Quote,/rfq/new?partNumber=A2U220-193388,PUBLISHED_READY,2026-09-18
PN-000475,A2U220-194400,a2u220-194400,Sandvik / EIMCO,Underground LHD,ED10,Structure,衬套,,衬套,EXPLICIT,VERIFIED,HIGH,"ED10 parts manual page 271, item 10",伊泰LS190-ED10配件手册.pdf,A2U220-194400 — 衬套,A2U220-194400 衬套 | ED10 Spare Part,Verified part number A2U220-194400: 衬套 for ED10. Check equipment compatibility and submit an RFQ to qualified mining spare parts suppliers on KuangpeiYun.,/part-number/a2u220-194400,Request Quote,/rfq/new?partNumber=A2U220-194400,PUBLISHED_READY,2026-09-18
PN-001833,JAMES WALKER JW63-350,james-walker-jw63-350,Sandvik / EIMCO,Underground LHD,ED10,Structure,SELLOCK销钉,SELLOCK销钉,,EXPLICIT,VERIFIED,HIGH,"ED10 parts manual page 273, item 2",伊泰LS190-ED10配件手册.pdf,JAMES WALKER JW63-350 — SELLOCK销钉,JAMES WALKER JW63-350 SELLOCK销钉 | ED10 Spare Part,Verified part number JAMES WALKER JW63-350: SELLOCK销钉 for ED10. Check equipment compatibility and submit an RFQ to qualified mining spare parts suppliers o,/part-number/james-walker-jw63-350,Request Quote,/rfq/new?partNumber=JAMES WALKER JW63-350,PUBLISHED_READY,2026-09-18
PN-001008,BS-238,bs-238,Sandvik / EIMCO,Underground LHD,ED10,Other,阳U形环轴承,,阳U形环轴承,EXPLICIT,VERIFIED,HIGH,"ED10 parts manual page 273, item 3",伊泰LS190-ED10配件手册.pdf,BS-238 — 阳U形环轴承,BS-238 阳U形环轴承 | ED10 Spare Part,Verified part number BS-238: 阳U形环轴承 for ED10. Check equipment compatibility and submit an RFQ to qualified mining spare parts suppliers on KuangpeiYun.,/part-number/bs-238,Request Quote,/rfq/new?partNumber=BS-238,PUBLISHED_READY,2026-09-18
PN-001828,HALLITE 605-4337100,hallite-605-4337100,Sandvik / EIMCO,Underground LHD,ED10,Other,卡簧,,卡簧,EXPLICIT,VERIFIED,HIGH,"ED10 parts manual page 273, item 4",伊泰LS190-ED10配件手册.pdf,HALLITE 605-4337100 — 卡簧,HALLITE 605-4337100 卡簧 | ED10 Spare Part,Verified part number HALLITE 605-4337100: 卡簧 for ED10. Check equipment compatibility and submit an RFQ to qualified mining spare parts suppliers on Kuangpe,/part-number/hallite-605-4337100,Request Quote,/rfq/new?partNumber=HALLITE 605-4337100,PUBLISHED_READY,2026-09-18
PN-001832,JAMES WALKER JW62-200,james-walker-jw62-200,Sandvik / EIMCO,Underground LHD,ED10,Hose/Fitting,润滑接头,,润滑接头,EXPLICIT,VERIFIED,HIGH,"ED10 parts manual page 273, item 5",伊泰LS190-ED10配件手册.pdf,JAMES WALKER JW62-200 — 润滑接头,JAMES WALKER JW62-200 润滑接头 | ED10 Spare Part,Verified part number JAMES WALKER JW62-200: 润滑接头 for ED10. Check equipment compatibility and submit an RFQ to qualified mining spare parts suppliers on Kua,/part-number/james-walker-jw62-200,Request Quote,/rfq/new?partNumber=JAMES WALKER JW62-200,PUBLISHED_READY,2026-09-18
PN-000099,117867,117867,Sandvik / EIMCO,Underground LHD,ED10,Other,O_RING,O_RING,O形圈,EXPLICIT,VERIFIED,HIGH,"ED10 parts manual page 275, item 1; SANDVIK LS190-B2285 SPARE PARTS LIST_Mining India_24.03.2026.xlsx, Sheet1, row 260",SANDVIK LS190-B2285 SPARE PARTS LIST_Mining India_24.03.2026.xlsx | 伊泰LS190-ED10配件手册.pdf,117867 — O_RING,117867 O_RING | ED10 Spare Part,Verified part number 117867: O_RING for ED10. Check equipment compatibility and submit an RFQ to qualified mining spare parts suppliers on KuangpeiYun.,/part-number/117867,Request Quote,/rfq/new?partNumber=117867,PUBLISHED_READY,2026-09-18
PN-000100,117900,117900,Sandvik / EIMCO,Underground LHD,ED10,Other,滤清器虑芯,,滤清器虑芯,EXPLICIT,VERIFIED,HIGH,"ED10 parts manual page 275, item 2",伊泰LS190-ED10配件手册.pdf,117900 — 滤清器虑芯,117900 滤清器虑芯 | ED10 Spare Part,Verified part number 117900: 滤清器虑芯 for ED10. Check equipment compatibility and submit an RFQ to qualified mining spare parts suppliers on KuangpeiYun.,/part-number/117900,Request Quote,/rfq/new?partNumber=117900,PUBLISHED_READY,2026-09-18
PN-000116,246362,246362,Sandvik / EIMCO,Underground LHD,ED10,Other,管线－隔套,,管线－隔套,EXPLICIT,VERIFIED,HIGH,"ED10 parts manual page 275, item 3",伊泰LS190-ED10配件手册.pdf,246362 — 管线－隔套,246362 管线－隔套 | ED10 Spare Part,Verified part number 246362: 管线－隔套 for ED10. Check equipment compatibility and submit an RFQ to qualified mining spare parts suppliers on KuangpeiYun.,/part-number/246362,Request Quote,/rfq/new?partNumber=246362,PUBLISHED_READY,2026-09-18
PN-000313,64112654,64112654,Sandvik / EIMCO,Underground LHD,ED10,Other,O形圈,,O形圈,EXPLICIT,VERIFIED,HIGH,"ED10 parts manual page 275, item 12",伊泰LS190-ED10配件手册.pdf,64112654 — O形圈,64112654 O形圈 | ED10 Spare Part,Verified part number 64112654: O形圈 for ED10. Check equipment compatibility and submit an RFQ to qualified mining spare parts suppliers on KuangpeiYun.,/part-number/64112654,Request Quote,/rfq/new?partNumber=64112654,PUBLISHED_READY,2026-09-18
PN-000333,65320029,65320029,Sandvik / EIMCO,Underground LHD,ED10,Hydraulic,有压阀,,有压阀,EXPLICIT,VERIFIED,HIGH,"ED10 parts manual page 275, item 13",伊泰LS190-ED10配件手册.pdf,65320029 — 有压阀,65320029 有压阀 | ED10 Spare Part,Verified part number 65320029: 有压阀 for ED10. Check equipment compatibility and submit an RFQ to qualified mining spare parts suppliers on KuangpeiYun.,/part-number/65320029,Request Quote,/rfq/new?partNumber=65320029,PUBLISHED_READY,2026-09-18
PN-000389,A2U130-197432,a2u130-197432,Sandvik / EIMCO,Underground LHD,ED10,Other,12 毫米板 (成形的),,12 毫米板 (成形的),EXPLICIT,VERIFIED,HIGH,"ED10 parts manual page 275, item 14",伊泰LS190-ED10配件手册.pdf,A2U130-197432 — 12 毫米板 (成形的),A2U130-197432 12 毫米板 (成形的) | ED10 Spare Part,Verified part number A2U130-197432: 12 毫米板 (成形的) for ED10. Check equipment compatibility and submit an RFQ to qualified mining spare parts suppliers on Kua,/part-number/a2u130-197432,Request Quote,/rfq/new?partNumber=A2U130-197432,PUBLISHED_READY,2026-09-18
PN-000641,A2U220-531033,a2u220-531033,Sandvik / EIMCO,Underground LHD,ED10,Other,20 毫米板 (成形的),,20 毫米板 (成形的),EXPLICIT,VERIFIED,HIGH,"ED10 parts manual page 275, item 15",伊泰LS190-ED10配件手册.pdf,A2U220-531033 — 20 毫米板 (成形的),A2U220-531033 20 毫米板 (成形的) | ED10 Spare Part,Verified part number A2U220-531033: 20 毫米板 (成形的) for ED10. Check equipment compatibility and submit an RFQ to qualified mining spare parts suppliers on Kua,/part-number/a2u220-531033,Request Quote,/rfq/new?partNumber=A2U220-531033,PUBLISHED_READY,2026-09-18
PN-000050,A2U220-592056,a2u220-592056,Sandvik / EIMCO,Underground LHD,ED10,Other,Pressure Breather,BREATHER PRESSURE | Breather Valve Relief,阀（呼吸器）,EXPLICIT,VERIFIED,HIGH,"ED10 parts manual page 275, item 16; SANDVIK LS 190-312 PARTS20260228.xlsx, Sheet1, row 107; SANDVIK LS190-B2285 SPARE PARTS LIST_Mining India_24.03.2026.xlsx, Sheet1, row 253",SANDVIK LS 190-312 PARTS20260228.xlsx | SANDVIK LS190-B2285 SPARE PARTS LIST_Mining India_24.03.2026.xlsx | 伊泰LS190-ED10配件手册.pdf,A2U220-592056 — Pressure Breather,A2U220-592056 Pressure Breather | ED10 Spare Part,Verified part number A2U220-592056: Pressure Breather for ED10. Check equipment compatibility and submit an RFQ to qualified mining spare parts suppliers o,/part-number/a2u220-592056,Request Quote,/rfq/new?partNumber=A2U220-592056,PUBLISHED_READY,2026-09-18
PN-000732,A2U900-255336,a2u900-255336,Sandvik / EIMCO,Underground LHD,"ED10, LS190",Other,"Plug 1 1/2"""" Npt (Socket Head) 3000#","Plug 1 1/2"""" Npt (Socket Head) 3000# | PLUG 1 1/2"""" NPT (SOCKET HEAD)3000 -",凹头塞子,EXPLICIT,VERIFIED,HIGH,"ED10 parts manual page 275, item 17; SANDVIK LS190-B2285 SPARE PARTS LIST_Mining India_24.03.2026.xlsx, Sheet1, row 257; Purchase Order-Shanxi.xlsx, Sheet1, row 38",Purchase Order-Shanxi.xlsx | SANDVIK LS190-B2285 SPARE PARTS LIST_Mining India_24.03.2026.xlsx | 伊泰LS190-ED10配件手册.pdf,"A2U900-255336 — Plug 1 1/2"""" Npt (Socket Head) 3000#","A2U900-255336 Plug 1 1/2"""" Npt (Socket Head) 3000# | ED10, L","Verified part number A2U900-255336: Plug 1 1/2"""" Npt (Socket Head) 3000# for ED10, LS190. Check equipment compatibility and submit an RFQ to qualified mini",/part-number/a2u900-255336,Request Quote,/rfq/new?partNumber=A2U900-255336,PUBLISHED_READY,2026-09-18
PN-000777,A2U900-531034,a2u900-531034,Sandvik / EIMCO,Underground LHD,ED10,Other,扩压器，回油管路,,扩压器，回油管路,EXPLICIT,VERIFIED,HIGH,"ED10 parts manual page 275, item 19",伊泰LS190-ED10配件手册.pdf,A2U900-531034 — 扩压器，回油管路,A2U900-531034 扩压器，回油管路 | ED10 Spare Part,Verified part number A2U900-531034: 扩压器，回油管路 for ED10. Check equipment compatibility and submit an RFQ to qualified mining spare parts suppliers on Kuangpe,/part-number/a2u900-531034,Request Quote,/rfq/new?partNumber=A2U900-531034,PUBLISHED_READY,2026-09-18
PN-000778,A2U900-531035,a2u900-531035,Sandvik / EIMCO,Underground LHD,ED10,Hydraulic,盖，阀,,盖，阀,EXPLICIT,VERIFIED,HIGH,"ED10 parts manual page 275, item 20",伊泰LS190-ED10配件手册.pdf,A2U900-531035 — 盖，阀,A2U900-531035 盖，阀 | ED10 Spare Part,Verified part number A2U900-531035: 盖，阀 for ED10. Check equipment compatibility and submit an RFQ to qualified mining spare parts suppliers on KuangpeiYun.,/part-number/a2u900-531035,Request Quote,/rfq/new?partNumber=A2U900-531035,PUBLISHED_READY,2026-09-18
PN-000779,A2U900-532024,a2u900-532024,Sandvik / EIMCO,Underground LHD,ED10,Hydraulic,液压箱盖,,液压箱盖,EXPLICIT,VERIFIED,HIGH,"ED10 parts manual page 275, item 21",伊泰LS190-ED10配件手册.pdf,A2U900-532024 — 液压箱盖,A2U900-532024 液压箱盖 | ED10 Spare Part,Verified part number A2U900-532024: 液压箱盖 for ED10. Check equipment compatibility and submit an RFQ to qualified mining spare parts suppliers on KuangpeiYun,/part-number/a2u900-532024,Request Quote,/rfq/new?partNumber=A2U900-532024,PUBLISHED_READY,2026-09-18
PN-000787,A2U900-592078,a2u900-592078,Sandvik / EIMCO,Underground LHD,ED10,Hydraulic,箱体ASM液压过滤器,,箱体ASM液压过滤器,EXPLICIT,VERIFIED,HIGH,"ED10 parts manual page 275, item 22",伊泰LS190-ED10配件手册.pdf,A2U900-592078 — 箱体ASM液压过滤器,A2U900-592078 箱体ASM液压过滤器 | ED10 Spare Part,Verified part number A2U900-592078: 箱体ASM液压过滤器 for ED10. Check equipment compatibility and submit an RFQ to qualified mining spare parts suppliers on Kuang,/part-number/a2u900-592078,Request Quote,/rfq/new?partNumber=A2U900-592078,PUBLISHED_READY,2026-09-18
PN-000791,A2U900-592085,a2u900-592085,Sandvik / EIMCO,Underground LHD,ED10,Electrical,压力表,,压力表,EXPLICIT,VERIFIED,HIGH,"ED10 parts manual page 275, item 23",伊泰LS190-ED10配件手册.pdf,A2U900-592085 — 压力表,A2U900-592085 压力表 | ED10 Spare Part,Verified part number A2U900-592085: 压力表 for ED10. Check equipment compatibility and submit an RFQ to qualified mining spare parts suppliers on KuangpeiYun.,/part-number/a2u900-592085,Request Quote,/rfq/new?partNumber=A2U900-592085,PUBLISHED_READY,2026-09-18
PN-000049,A2U900-534055,a2u900-534055,Sandvik / EIMCO,Underground LHD,"ED10, LS190",Hydraulic,"Diffuser, Hydraulic Fan Circuit",DIFFUSER HYD FAN CIRCUIT | Diffuser-Oil Return(Uc2202) | DIFFUSER-OIL RETURN (UC2202) -,回油扩压器,EXPLICIT,VERIFIED,HIGH,"ED10 parts manual page 275, item 24; SANDVIK LS 190-312 PARTS20260228.xlsx, Sheet1, row 106; SANDVIK LS190-B2285 SPARE PARTS LIST_Mining India_24.03.2026.xlsx, Sheet1, row 476; Purchase Order-Shanxi.xlsx, Sheet1, row 63",Purchase Order-Shanxi.xlsx | SANDVIK LS 190-312 PARTS20260228.xlsx | SANDVIK LS190-B2285 SPARE PARTS LIST_Mining India_24.03.2026.xlsx | 伊泰LS190-ED10配件手册.pdf,"A2U900-534055 — Diffuser, Hydraulic Fan Circuit","A2U900-534055 Diffuser, Hydraulic Fan Circuit | ED10, LS190 ","Verified part number A2U900-534055: Diffuser, Hydraulic Fan Circuit for ED10, LS190. Check equipment compatibility and submit an RFQ to qualified mining sp",/part-number/a2u900-534055,Request Quote,/rfq/new?partNumber=A2U900-534055,PUBLISHED_READY,2026-09-18
PN-000817,A2U900-597014,a2u900-597014,Sandvik / EIMCO,Underground LHD,ED10,Seal/Gasket,衬垫过滤器安装法兰,,衬垫过滤器安装法兰,EXPLICIT,VERIFIED,HIGH,"ED10 parts manual page 275, item 25",伊泰LS190-ED10配件手册.pdf,A2U900-597014 — 衬垫过滤器安装法兰,A2U900-597014 衬垫过滤器安装法兰 | ED10 Spare Part,Verified part number A2U900-597014: 衬垫过滤器安装法兰 for ED10. Check equipment compatibility and submit an RFQ to qualified mining spare parts suppliers on Kuangp,/part-number/a2u900-597014,Request Quote,/rfq/new?partNumber=A2U900-597014,PUBLISHED_READY,2026-09-18
PN-001671,D4-0202,d4-0202,Sandvik / EIMCO,Underground LHD,ED10,Hose/Fitting,接头,,接头,EXPLICIT,VERIFIED,HIGH,"ED10 parts manual page 275, item 28",伊泰LS190-ED10配件手册.pdf,D4-0202 — 接头,D4-0202 接头 | ED10 Spare Part,Verified part number D4-0202: 接头 for ED10. Check equipment compatibility and submit an RFQ to qualified mining spare parts suppliers on KuangpeiYun.,/part-number/d4-0202,Request Quote,/rfq/new?partNumber=D4-0202,PUBLISHED_READY,2026-09-18
PN-001797,DB67-02,db67-02,Sandvik / EIMCO,Underground LHD,ED10,Other,插座,,插座,EXPLICIT,VERIFIED,HIGH,"ED10 parts manual page 275, item 29",伊泰LS190-ED10配件手册.pdf,DB67-02 — 插座,DB67-02 插座 | ED10 Spare Part,Verified part number DB67-02: 插座 for ED10. Check equipment compatibility and submit an RFQ to qualified mining spare parts suppliers on KuangpeiYun.,/part-number/db67-02,Request Quote,/rfq/new?partNumber=DB67-02,PUBLISHED_READY,2026-09-18
PN-000315,64117540,64117540,Sandvik / EIMCO,Underground LHD,ED10,Filter,ELEMENT-FILTER,"ELEMENT-FILTER | Element, Filter",过滤元件,EXPLICIT,VERIFIED,HIGH,"ED10 parts manual page 277, item 1; SANDVIK LS 190-312 PARTS20260228.xlsx, Sheet1, row 126; SANDVIK LS190-B2285 SPARE PARTS LIST_Mining India_24.03.2026.xlsx, Sheet1, row 255",SANDVIK LS 190-312 PARTS20260228.xlsx | SANDVIK LS190-B2285 SPARE PARTS LIST_Mining India_24.03.2026.xlsx | 伊泰LS190-ED10配件手册.pdf,64117540 — ELEMENT-FILTER,64117540 ELEMENT-FILTER | ED10 Spare Part,Verified part number 64117540: ELEMENT-FILTER for ED10. Check equipment compatibility and submit an RFQ to qualified mining spare parts suppliers on Kuangp,/part-number/64117540,Request Quote,/rfq/new?partNumber=64117540,PUBLISHED_READY,2026-09-18
PN-000635,A2U220-511062,a2u220-511062,Sandvik / EIMCO,Underground LHD,ED10,Hydraulic,"PUMP, HYD. FILL, ASSEMBLY","PUMP, HYD. FILL, ASSEMBLY",泵，加液压油，安装,EXPLICIT,VERIFIED,HIGH,"ED10 parts manual page 279, item 1; SANDVIK LS190-B2285 SPARE PARTS LIST_Mining India_24.03.2026.xlsx, Sheet1, row 240",SANDVIK LS190-B2285 SPARE PARTS LIST_Mining India_24.03.2026.xlsx | 伊泰LS190-ED10配件手册.pdf,"A2U220-511062 — PUMP, HYD. FILL, ASSEMBLY","A2U220-511062 PUMP, HYD. FILL, ASSEMBLY | ED10 Spare Part","Verified part number A2U220-511062: PUMP, HYD. FILL, ASSEMBLY for ED10. Check equipment compatibility and submit an RFQ to qualified mining spare parts sup",/part-number/a2u220-511062,Request Quote,/rfq/new?partNumber=A2U220-511062,PUBLISHED_READY,2026-09-18
PN-001562,D21-2420,d21-2420,Sandvik / EIMCO,Underground LHD,ED10,Structure,异径衬套,,异径衬套,EXPLICIT,VERIFIED,HIGH,"ED10 parts manual page 279, item 2",伊泰LS190-ED10配件手册.pdf,D21-2420 — 异径衬套,D21-2420 异径衬套 | ED10 Spare Part,Verified part number D21-2420: 异径衬套 for ED10. Check equipment compatibility and submit an RFQ to qualified mining spare parts suppliers on KuangpeiYun.,/part-number/d21-2420,Request Quote,/rfq/new?partNumber=D21-2420,PUBLISHED_READY,2026-09-18
PN-001773,DA13-1209,da13-1209,Sandvik / EIMCO,Underground LHD,ED10,Structure,异径衬套,,异径衬套,EXPLICIT,VERIFIED,HIGH,"ED10 parts manual page 279, item 3",伊泰LS190-ED10配件手册.pdf,DA13-1209 — 异径衬套,DA13-1209 异径衬套 | ED10 Spare Part,Verified part number DA13-1209: 异径衬套 for ED10. Check equipment compatibility and submit an RFQ to qualified mining spare parts suppliers on KuangpeiYun.,/part-number/da13-1209,Request Quote,/rfq/new?partNumber=DA13-1209,PUBLISHED_READY,2026-09-18
PN-001537,D17-0809,d17-0809,Sandvik / EIMCO,Underground LHD,ED10,Hose/Fitting,90度弯头,,90度弯头,EXPLICIT,VERIFIED,HIGH,"ED10 parts manual page 279, item 4",伊泰LS190-ED10配件手册.pdf,D17-0809 — 90度弯头,D17-0809 90度弯头 | ED10 Spare Part,Verified part number D17-0809: 90度弯头 for ED10. Check equipment compatibility and submit an RFQ to qualified mining spare parts suppliers on KuangpeiYun.,/part-number/d17-0809,Request Quote,/rfq/new?partNumber=D17-0809,PUBLISHED_READY,2026-09-18
PN-001776,DA4-0404,da4-0404,Sandvik / EIMCO,Underground LHD,ED10,Hose/Fitting,接头,,接头,EXPLICIT,VERIFIED,HIGH,"ED10 parts manual page 279, item 5",伊泰LS190-ED10配件手册.pdf,DA4-0404 — 接头,DA4-0404 接头 | ED10 Spare Part,Verified part number DA4-0404: 接头 for ED10. Check equipment compatibility and submit an RFQ to qualified mining spare parts suppliers on KuangpeiYun.,/part-number/da4-0404,Request Quote,/rfq/new?partNumber=DA4-0404,PUBLISHED_READY,2026-09-18
PN-000780,A2U900-591363,a2u900-591363,Sandvik / EIMCO,Underground LHD,ED10,Other,管线夹，直径50.8,,管线夹，直径50.8,EXPLICIT,VERIFIED,HIGH,"ED10 parts manual page 279, item 7",伊泰LS190-ED10配件手册.pdf,A2U900-591363 — 管线夹，直径50.8,A2U900-591363 管线夹，直径50.8 | ED10 Spare Part,Verified part number A2U900-591363: 管线夹，直径50.8 for ED10. Check equipment compatibility and submit an RFQ to qualified mining spare parts suppliers on Kuang,/part-number/a2u900-591363,Request Quote,/rfq/new?partNumber=A2U900-591363,PUBLISHED_READY,2026-09-18
PN-001558,D21-0804,d21-0804,Sandvik / EIMCO,Underground LHD,ED10,Structure,NPT异径衬套,,NPT异径衬套,EXPLICIT,VERIFIED,HIGH,"ED10 parts manual page 279, item 8",伊泰LS190-ED10配件手册.pdf,D21-0804 — NPT异径衬套,D21-0804 NPT异径衬套 | ED10 Spare Part,Verified part number D21-0804: NPT异径衬套 for ED10. Check equipment compatibility and submit an RFQ to qualified mining spare parts suppliers on KuangpeiYun.,/part-number/d21-0804,Request Quote,/rfq/new?partNumber=D21-0804,PUBLISHED_READY,2026-09-18
PN-001515,D15 812,d15-812,Sandvik / EIMCO,Underground LHD,ED10,Hose/Fitting,接头,,接头,EXPLICIT,VERIFIED,HIGH,"ED10 parts manual page 279, item 9",伊泰LS190-ED10配件手册.pdf,D15 812 — 接头,D15 812 接头 | ED10 Spare Part,Verified part number D15 812: 接头 for ED10. Check equipment compatibility and submit an RFQ to qualified mining spare parts suppliers on KuangpeiYun.,/part-number/d15-812,Request Quote,/rfq/new?partNumber=D15 812,PUBLISHED_READY,2026-09-18
PN-000689,A2U900-171979,a2u900-171979,Sandvik / EIMCO,Underground LHD,ED10,Hydraulic,标牌，加油泵说明,,标牌，加油泵说明,EXPLICIT,VERIFIED,HIGH,"ED10 parts manual page 279, item 10",伊泰LS190-ED10配件手册.pdf,A2U900-171979 — 标牌，加油泵说明,A2U900-171979 标牌，加油泵说明 | ED10 Spare Part,Verified part number A2U900-171979: 标牌，加油泵说明 for ED10. Check equipment compatibility and submit an RFQ to qualified mining spare parts suppliers on Kuangpe,/part-number/a2u900-171979,Request Quote,/rfq/new?partNumber=A2U900-171979,PUBLISHED_READY,2026-09-18
PN-000781,A2U900-591428,a2u900-591428,Sandvik / EIMCO,Underground LHD,ED10,Hydraulic,盖，加油泵,,盖，加油泵,EXPLICIT,VERIFIED,HIGH,"ED10 parts manual page 279, item 11",伊泰LS190-ED10配件手册.pdf,A2U900-591428 — 盖，加油泵,A2U900-591428 盖，加油泵 | ED10 Spare Part,Verified part number A2U900-591428: 盖，加油泵 for ED10. Check equipment compatibility and submit an RFQ to qualified mining spare parts suppliers on KuangpeiYu,/part-number/a2u900-591428,Request Quote,/rfq/new?partNumber=A2U900-591428,PUBLISHED_READY,2026-09-18
PN-000657,A2U220-591429,a2u220-591429,Sandvik / EIMCO,Underground LHD,ED10,Hydraulic,软管安装，加油泵,,软管安装，加油泵,EXPLICIT,VERIFIED,HIGH,"ED10 parts manual page 279, item 16",伊泰LS190-ED10配件手册.pdf,A2U220-591429 — 软管安装，加油泵,A2U220-591429 软管安装，加油泵 | ED10 Spare Part,Verified part number A2U220-591429: 软管安装，加油泵 for ED10. Check equipment compatibility and submit an RFQ to qualified mining spare parts suppliers on Kuangpe,/part-number/a2u220-591429,Request Quote,/rfq/new?partNumber=A2U220-591429,PUBLISHED_READY,2026-09-18
PN-001766,D800-16-13-21,d800-16-13-21,Sandvik / EIMCO,Underground LHD,ED10,Hose/Fitting,软管,,软管,EXPLICIT,VERIFIED,HIGH,"ED10 parts manual page 279, item 23",伊泰LS190-ED10配件手册.pdf,D800-16-13-21 — 软管,D800-16-13-21 软管 | ED10 Spare Part,Verified part number D800-16-13-21: 软管 for ED10. Check equipment compatibility and submit an RFQ to qualified mining spare parts suppliers on KuangpeiYun.,/part-number/d800-16-13-21,Request Quote,/rfq/new?partNumber=D800-16-13-21,PUBLISHED_READY,2026-09-18
PN-001580,D2800W-6-550-9,d2800w-6-550-9,Sandvik / EIMCO,Underground LHD,ED10,Hose/Fitting,软管,,软管,EXPLICIT,VERIFIED,HIGH,"ED10 parts manual page 279, item 24",伊泰LS190-ED10配件手册.pdf,D2800W-6-550-9 — 软管,D2800W-6-550-9 软管 | ED10 Spare Part,Verified part number D2800W-6-550-9: 软管 for ED10. Check equipment compatibility and submit an RFQ to qualified mining spare parts suppliers on KuangpeiYun.,/part-number/d2800w-6-550-9,Request Quote,/rfq/new?partNumber=D2800W-6-550-9,PUBLISHED_READY,2026-09-18
PN-001579,D2800W-6-230-9,d2800w-6-230-9,Sandvik / EIMCO,Underground LHD,ED10,Hose/Fitting,软管,,软管,EXPLICIT,VERIFIED,HIGH,"ED10 parts manual page 279, item 25",伊泰LS190-ED10配件手册.pdf,D2800W-6-230-9 — 软管,D2800W-6-230-9 软管 | ED10 Spare Part,Verified part number D2800W-6-230-9: 软管 for ED10. Check equipment compatibility and submit an RFQ to qualified mining spare parts suppliers on KuangpeiYun.,/part-number/d2800w-6-230-9,Request Quote,/rfq/new?partNumber=D2800W-6-230-9,PUBLISHED_READY,2026-09-18
PN-000303,500400,500400,Sandvik / EIMCO,Underground LHD,ED10,Hydraulic,"BALL VALVE 1/2"" NPT","BALL VALVE 1/2"" NPT",球阀,EXPLICIT,VERIFIED,HIGH,"ED10 parts manual page 279, item 26; SANDVIK LS190-B2285 SPARE PARTS LIST_Mining India_24.03.2026.xlsx, Sheet1, row 148; SANDVIK LS190-B2285 SPARE PARTS LIST_Mining India_24.03.2026.xlsx, Sheet1, row 174",SANDVIK LS190-B2285 SPARE PARTS LIST_Mining India_24.03.2026.xlsx | 伊泰LS190-ED10配件手册.pdf,"500400 — BALL VALVE 1/2"" NPT","500400 BALL VALVE 1/2"" NPT | ED10 Spare Part","Verified part number 500400: BALL VALVE 1/2"" NPT for ED10. Check equipment compatibility and submit an RFQ to qualified mining spare parts suppliers on Kua",/part-number/500400,Request Quote,/rfq/new?partNumber=500400,PUBLISHED_READY,2026-09-18
PN-000802,A2U900-594568,a2u900-594568,Sandvik / EIMCO,Underground LHD,ED10,Hydraulic,辅助刹车倾泄阀安装,,辅助刹车倾泄阀安装,EXPLICIT,VERIFIED,HIGH,"ED10 parts manual page 281, item 2",伊泰LS190-ED10配件手册.pdf,A2U900-594568 — 辅助刹车倾泄阀安装,A2U900-594568 辅助刹车倾泄阀安装 | ED10 Spare Part,Verified part number A2U900-594568: 辅助刹车倾泄阀安装 for ED10. Check equipment compatibility and submit an RFQ to qualified mining spare parts suppliers on Kuangp,/part-number/a2u900-594568,Request Quote,/rfq/new?partNumber=A2U900-594568,PUBLISHED_READY,2026-09-18
PN-000418,A2U130-494012,a2u130-494012,Sandvik / EIMCO,Underground LHD,ED10,Other,刹车踏板,,刹车踏板,EXPLICIT,VERIFIED,HIGH,"ED10 parts manual page 283, item 1",伊泰LS190-ED10配件手册.pdf,A2U130-494012 — 刹车踏板,A2U130-494012 刹车踏板 | ED10 Spare Part,Verified part number A2U130-494012: 刹车踏板 for ED10. Check equipment compatibility and submit an RFQ to qualified mining spare parts suppliers on KuangpeiYun,/part-number/a2u130-494012,Request Quote,/rfq/new?partNumber=A2U130-494012,PUBLISHED_READY,2026-09-18
PN-000624,A2U220-491225,a2u220-491225,Sandvik / EIMCO,Underground LHD,ED10,Hydraulic,标牌，MICO刹车阀安装,,标牌，MICO刹车阀安装,EXPLICIT,VERIFIED,HIGH,"ED10 parts manual page 283, item 2",伊泰LS190-ED10配件手册.pdf,A2U220-491225 — 标牌，MICO刹车阀安装,A2U220-491225 标牌，MICO刹车阀安装 | ED10 Spare Part,Verified part number A2U220-491225: 标牌，MICO刹车阀安装 for ED10. Check equipment compatibility and submit an RFQ to qualified mining spare parts suppliers on Kua,/part-number/a2u220-491225,Request Quote,/rfq/new?partNumber=A2U220-491225,PUBLISHED_READY,2026-09-18
PN-000326,64544447,64544447,Sandvik / EIMCO,Underground LHD,ED10,Steering/Brake,"VALVE, BRAKE (POSI-STOP)","VALVE, BRAKE (POSI-STOP) | BRAKE PRESSURE REDUCING VALVE",刹车阀,EXPLICIT,VERIFIED,HIGH,"ED10 parts manual page 283, item 3; SANDVIK LS 190-312 PARTS20260228.xlsx, Sheet1, row 10; SANDVIK LS190-B2285 SPARE PARTS LIST_Mining India_24.03.2026.xlsx, Sheet1, row 171",SANDVIK LS 190-312 PARTS20260228.xlsx | SANDVIK LS190-B2285 SPARE PARTS LIST_Mining India_24.03.2026.xlsx | 伊泰LS190-ED10配件手册.pdf,"64544447 — VALVE, BRAKE (POSI-STOP)","64544447 VALVE, BRAKE (POSI-STOP) | ED10 Spare Part","Verified part number 64544447: VALVE, BRAKE (POSI-STOP) for ED10. Check equipment compatibility and submit an RFQ to qualified mining spare parts suppliers",/part-number/64544447,Request Quote,/rfq/new?partNumber=64544447,PUBLISHED_READY,2026-09-18
PN-001825,G770,g770,Sandvik / EIMCO,Underground LHD,ED10,Other,BEARING RB 64400350 RB,BEARING RB 64400350 RB | BEARING,轴承,EXPLICIT,VERIFIED,HIGH,"ED10 parts manual page 283, item 4; SANDVIK LS 190-312 PARTS20260228.xlsx, Sheet1, row 156; SANDVIK LS190-B2285 SPARE PARTS LIST_Mining India_24.03.2026.xlsx, Sheet1, row 186",SANDVIK LS 190-312 PARTS20260228.xlsx | SANDVIK LS190-B2285 SPARE PARTS LIST_Mining India_24.03.2026.xlsx | 伊泰LS190-ED10配件手册.pdf,G770 — BEARING RB 64400350 RB,G770 BEARING RB 64400350 RB | ED10 Spare Part,Verified part number G770: BEARING RB 64400350 RB for ED10. Check equipment compatibility and submit an RFQ to qualified mining spare parts suppliers on Ku,/part-number/g770,Request Quote,/rfq/new?partNumber=G770,PUBLISHED_READY,2026-09-18
PN-000187,445520802,445520802,Sandvik / EIMCO,Underground LHD,ED10,Fastener,六角头螺栓,,六角头螺栓,EXPLICIT,VERIFIED,HIGH,"ED10 parts manual page 283, item 5",伊泰LS190-ED10配件手册.pdf,445520802 — 六角头螺栓,445520802 六角头螺栓 | ED10 Spare Part,Verified part number 445520802: 六角头螺栓 for ED10. Check equipment compatibility and submit an RFQ to qualified mining spare parts suppliers on KuangpeiYun.,/part-number/445520802,Request Quote,/rfq/new?partNumber=445520802,PUBLISHED_READY,2026-09-18
PN-000200,45008112,45008112,Sandvik / EIMCO,Underground LHD,ED10,Fastener,弹簧垫圈,,弹簧垫圈,EXPLICIT,VERIFIED,HIGH,"ED10 parts manual page 283, item 8",伊泰LS190-ED10配件手册.pdf,45008112 — 弹簧垫圈,45008112 弹簧垫圈 | ED10 Spare Part,Verified part number 45008112: 弹簧垫圈 for ED10. Check equipment compatibility and submit an RFQ to qualified mining spare parts suppliers on KuangpeiYun.,/part-number/45008112,Request Quote,/rfq/new?partNumber=45008112,PUBLISHED_READY,2026-09-18
PN-000767,A2U900-493023,a2u900-493023,Sandvik / EIMCO,Underground LHD,ED10,Structure,销,,销,EXPLICIT,VERIFIED,HIGH,"ED10 parts manual page 283, item 9",伊泰LS190-ED10配件手册.pdf,A2U900-493023 — 销,A2U900-493023 销 | ED10 Spare Part,Verified part number A2U900-493023: 销 for ED10. Check equipment compatibility and submit an RFQ to qualified mining spare parts suppliers on KuangpeiYun.,/part-number/a2u900-493023,Request Quote,/rfq/new?partNumber=A2U900-493023,PUBLISHED_READY,2026-09-18
PN-000658,A2U220-591638,a2u220-591638,Sandvik / EIMCO,Underground LHD,ED10,Structure,托架,,托架,EXPLICIT,VERIFIED,HIGH,"ED10 parts manual page 285, item 3",伊泰LS190-ED10配件手册.pdf,A2U220-591638 — 托架,A2U220-591638 托架 | ED10 Spare Part,Verified part number A2U220-591638: 托架 for ED10. Check equipment compatibility and submit an RFQ to qualified mining spare parts suppliers on KuangpeiYun.,/part-number/a2u220-591638,Request Quote,/rfq/new?partNumber=A2U220-591638,PUBLISHED_READY,2026-09-18
PN-000671,A2U220-594598,a2u220-594598,Sandvik / EIMCO,Underground LHD,ED10,Hydraulic,阀块安装,,阀块安装,EXPLICIT,VERIFIED,HIGH,"ED10 parts manual page 285, item 4",伊泰LS190-ED10配件手册.pdf,A2U220-594598 — 阀块安装,A2U220-594598 阀块安装 | ED10 Spare Part,Verified part number A2U220-594598: 阀块安装 for ED10. Check equipment compatibility and submit an RFQ to qualified mining spare parts suppliers on KuangpeiYun,/part-number/a2u220-594598,Request Quote,/rfq/new?partNumber=A2U220-594598,PUBLISHED_READY,2026-09-18
PN-001701,D52-0707,d52-0707,Sandvik / EIMCO,Underground LHD,ED10,Hose/Fitting,接头,,接头,EXPLICIT,VERIFIED,HIGH,"ED10 parts manual page 285, item 5",伊泰LS190-ED10配件手册.pdf,D52-0707 — 接头,D52-0707 接头 | ED10 Spare Part,Verified part number D52-0707: 接头 for ED10. Check equipment compatibility and submit an RFQ to qualified mining spare parts suppliers on KuangpeiYun.,/part-number/d52-0707,Request Quote,/rfq/new?partNumber=D52-0707,PUBLISHED_READY,2026-09-18
PN-001716,D53-1209,d53-1209,Sandvik / EIMCO,Underground LHD,ED10,Hose/Fitting,弯头,,弯头,EXPLICIT,VERIFIED,HIGH,"ED10 parts manual page 285, item 8",伊泰LS190-ED10配件手册.pdf,D53-1209 — 弯头,D53-1209 弯头 | ED10 Spare Part,Verified part number D53-1209: 弯头 for ED10. Check equipment compatibility and submit an RFQ to qualified mining spare parts suppliers on KuangpeiYun.,/part-number/d53-1209,Request Quote,/rfq/new?partNumber=D53-1209,PUBLISHED_READY,2026-09-18
PN-001734,D54-1717,d54-1717,Sandvik / EIMCO,Underground LHD,ED10,Hose/Fitting,弯头,,弯头,EXPLICIT,VERIFIED,HIGH,"ED10 parts manual page 285, item 11",伊泰LS190-ED10配件手册.pdf,D54-1717 — 弯头,D54-1717 弯头 | ED10 Spare Part,Verified part number D54-1717: 弯头 for ED10. Check equipment compatibility and submit an RFQ to qualified mining spare parts suppliers on KuangpeiYun.,/part-number/d54-1717,Request Quote,/rfq/new?partNumber=D54-1717,PUBLISHED_READY,2026-09-18
PN-000132,445208600,445208600,Sandvik / EIMCO,Underground LHD,ED10,Fastener,凹头螺钉,,凹头螺钉,EXPLICIT,VERIFIED,HIGH,"ED10 parts manual page 287, item 1",伊泰LS190-ED10配件手册.pdf,445208600 — 凹头螺钉,445208600 凹头螺钉 | ED10 Spare Part,Verified part number 445208600: 凹头螺钉 for ED10. Check equipment compatibility and submit an RFQ to qualified mining spare parts suppliers on KuangpeiYun.,/part-number/445208600,Request Quote,/rfq/new?partNumber=445208600,PUBLISHED_READY,2026-09-18
PN-000659,A2U220-591711,a2u220-591711,Sandvik / EIMCO,Underground LHD,ED10,Other,Cetop 3 遮板,Cetop 3 遮板,,EXPLICIT,VERIFIED,HIGH,"ED10 parts manual page 287, item 2",伊泰LS190-ED10配件手册.pdf,A2U220-591711 — Cetop 3 遮板,A2U220-591711 Cetop 3 遮板 | ED10 Spare Part,Verified part number A2U220-591711: Cetop 3 遮板 for ED10. Check equipment compatibility and submit an RFQ to qualified mining spare parts suppliers on Kuang,/part-number/a2u220-591711,Request Quote,/rfq/new?partNumber=A2U220-591711,PUBLISHED_READY,2026-09-18
PN-000670,A2U220-594589,a2u220-594589,Sandvik / EIMCO,Underground LHD,ED10,Hydraulic,先导气压阀Dcv,,先导气压阀Dcv,EXPLICIT,VERIFIED,HIGH,"ED10 parts manual page 287, item 3",伊泰LS190-ED10配件手册.pdf,A2U220-594589 — 先导气压阀Dcv,A2U220-594589 先导气压阀Dcv | ED10 Spare Part,Verified part number A2U220-594589: 先导气压阀Dcv for ED10. Check equipment compatibility and submit an RFQ to qualified mining spare parts suppliers on Kuangpe,/part-number/a2u220-594589,Request Quote,/rfq/new?partNumber=A2U220-594589,PUBLISHED_READY,2026-09-18
PN-000782,A2U900-591642,a2u900-591642,Sandvik / EIMCO,Underground LHD,ED10,Steering/Brake,刹车/转向阀块,,刹车/转向阀块,EXPLICIT,VERIFIED,HIGH,"ED10 parts manual page 287, item 4",伊泰LS190-ED10配件手册.pdf,A2U900-591642 — 刹车/转向阀块,A2U900-591642 刹车/转向阀块 | ED10 Spare Part,Verified part number A2U900-591642: 刹车/转向阀块 for ED10. Check equipment compatibility and submit an RFQ to qualified mining spare parts suppliers on Kuangpei,/part-number/a2u900-591642,Request Quote,/rfq/new?partNumber=A2U900-591642,PUBLISHED_READY,2026-09-18
PN-000797,A2U900-594533,a2u900-594533,Sandvik / EIMCO,Underground LHD,ED10,Steering/Brake,刹车/转向卸载阀,,刹车/转向卸载阀,EXPLICIT,VERIFIED,HIGH,"ED10 parts manual page 287, item 5",伊泰LS190-ED10配件手册.pdf,A2U900-594533 — 刹车/转向卸载阀,A2U900-594533 刹车/转向卸载阀 | ED10 Spare Part,Verified part number A2U900-594533: 刹车/转向卸载阀 for ED10. Check equipment compatibility and submit an RFQ to qualified mining spare parts suppliers on Kuangpe,/part-number/a2u900-594533,Request Quote,/rfq/new?partNumber=A2U900-594533,PUBLISHED_READY,2026-09-18
PN-000799,A2U900-594549,a2u900-594549,Sandvik / EIMCO,Underground LHD,ED10,Hydraulic,止回阀,,止回阀,EXPLICIT,VERIFIED,HIGH,"ED10 parts manual page 287, item 6",伊泰LS190-ED10配件手册.pdf,A2U900-594549 — 止回阀,A2U900-594549 止回阀 | ED10 Spare Part,Verified part number A2U900-594549: 止回阀 for ED10. Check equipment compatibility and submit an RFQ to qualified mining spare parts suppliers on KuangpeiYun.,/part-number/a2u900-594549,Request Quote,/rfq/new?partNumber=A2U900-594549,PUBLISHED_READY,2026-09-18
PN-000803,A2U900-594571,a2u900-594571,Sandvik / EIMCO,Underground LHD,ED10,Hydraulic,溢流阀,,溢流阀,EXPLICIT,VERIFIED,HIGH,"ED10 parts manual page 287, item 8",伊泰LS190-ED10配件手册.pdf,A2U900-594571 — 溢流阀,A2U900-594571 溢流阀 | ED10 Spare Part,Verified part number A2U900-594571: 溢流阀 for ED10. Check equipment compatibility and submit an RFQ to qualified mining spare parts suppliers on KuangpeiYun.,/part-number/a2u900-594571,Request Quote,/rfq/new?partNumber=A2U900-594571,PUBLISHED_READY,2026-09-18
PN-000804,A2U900-594577,a2u900-594577,Sandvik / EIMCO,Underground LHD,ED10,Hydraulic,通风口至逻辑阀,,通风口至逻辑阀,EXPLICIT,VERIFIED,HIGH,"ED10 parts manual page 287, item 9",伊泰LS190-ED10配件手册.pdf,A2U900-594577 — 通风口至逻辑阀,A2U900-594577 通风口至逻辑阀 | ED10 Spare Part,Verified part number A2U900-594577: 通风口至逻辑阀 for ED10. Check equipment compatibility and submit an RFQ to qualified mining spare parts suppliers on Kuangpei,/part-number/a2u900-594577,Request Quote,/rfq/new?partNumber=A2U900-594577,PUBLISHED_READY,2026-09-18
PN-000816,A2U900-596201,a2u900-596201,Sandvik / EIMCO,Underground LHD,ED10,Other,试验点,,试验点,EXPLICIT,VERIFIED,HIGH,"ED10 parts manual page 287, item 10",伊泰LS190-ED10配件手册.pdf,A2U900-596201 — 试验点,A2U900-596201 试验点 | ED10 Spare Part,Verified part number A2U900-596201: 试验点 for ED10. Check equipment compatibility and submit an RFQ to qualified mining spare parts suppliers on KuangpeiYun.,/part-number/a2u900-596201,Request Quote,/rfq/new?partNumber=A2U900-596201,PUBLISHED_READY,2026-09-18
PN-000661,A2U220-594391,a2u220-594391,Sandvik / EIMCO,Underground LHD,ED10,Hydraulic,阀，底版安装,,阀，底版安装,EXPLICIT,VERIFIED,HIGH,"ED10 parts manual page 289, item 1",伊泰LS190-ED10配件手册.pdf,A2U220-594391 — 阀，底版安装,A2U220-594391 阀，底版安装 | ED10 Spare Part,Verified part number A2U220-594391: 阀，底版安装 for ED10. Check equipment compatibility and submit an RFQ to qualified mining spare parts suppliers on KuangpeiY,/part-number/a2u220-594391,Request Quote,/rfq/new?partNumber=A2U220-594391,PUBLISHED_READY,2026-09-18
PN-000134,445208662,445208662,Sandvik / EIMCO,Underground LHD,ED10,Fastener,凹头螺钉,,凹头螺钉,EXPLICIT,VERIFIED,HIGH,"ED10 parts manual page 289, item 3",伊泰LS190-ED10配件手册.pdf,445208662 — 凹头螺钉,445208662 凹头螺钉 | ED10 Spare Part,Verified part number 445208662: 凹头螺钉 for ED10. Check equipment compatibility and submit an RFQ to qualified mining spare parts suppliers on KuangpeiYun.,/part-number/445208662,Request Quote,/rfq/new?partNumber=445208662,PUBLISHED_READY,2026-09-18
PN-001578,D259-6,d259-6,Sandvik / EIMCO,Underground LHD,ED10,Other,塞子,,塞子,EXPLICIT,VERIFIED,HIGH,"ED10 parts manual page 289, item 5",伊泰LS190-ED10配件手册.pdf,D259-6 — 塞子,D259-6 塞子 | ED10 Spare Part,Verified part number D259-6: 塞子 for ED10. Check equipment compatibility and submit an RFQ to qualified mining spare parts suppliers on KuangpeiYun.,/part-number/d259-6,Request Quote,/rfq/new?partNumber=D259-6,PUBLISHED_READY,2026-09-18
PN-001617,D2900-4-2000-7,d2900-4-2000-7,Sandvik / EIMCO,Underground LHD,ED10,Hydraulic,液压软管,,液压软管,EXPLICIT,VERIFIED,HIGH,"ED10 parts manual page 289, item 6",伊泰LS190-ED10配件手册.pdf,D2900-4-2000-7 — 液压软管,D2900-4-2000-7 液压软管 | ED10 Spare Part,Verified part number D2900-4-2000-7: 液压软管 for ED10. Check equipment compatibility and submit an RFQ to qualified mining spare parts suppliers on KuangpeiYu,/part-number/d2900-4-2000-7,Request Quote,/rfq/new?partNumber=D2900-4-2000-7,PUBLISHED_READY,2026-09-18
PN-001615,D2900-4-1750-7,d2900-4-1750-7,Sandvik / EIMCO,Underground LHD,ED10,Hydraulic,液压软管,,液压软管,EXPLICIT,VERIFIED,HIGH,"ED10 parts manual page 289, item 7",伊泰LS190-ED10配件手册.pdf,D2900-4-1750-7 — 液压软管,D2900-4-1750-7 液压软管 | ED10 Spare Part,Verified part number D2900-4-1750-7: 液压软管 for ED10. Check equipment compatibility and submit an RFQ to qualified mining spare parts suppliers on KuangpeiYu,/part-number/d2900-4-1750-7,Request Quote,/rfq/new?partNumber=D2900-4-1750-7,PUBLISHED_READY,2026-09-18
PN-001620,D2900-4-350-7,d2900-4-350-7,Sandvik / EIMCO,Underground LHD,ED10,Hydraulic,液压软管,,液压软管,EXPLICIT,VERIFIED,HIGH,"ED10 parts manual page 289, item 8",伊泰LS190-ED10配件手册.pdf,D2900-4-350-7 — 液压软管,D2900-4-350-7 液压软管 | ED10 Spare Part,Verified part number D2900-4-350-7: 液压软管 for ED10. Check equipment compatibility and submit an RFQ to qualified mining spare parts suppliers on KuangpeiYun,/part-number/d2900-4-350-7,Request Quote,/rfq/new?partNumber=D2900-4-350-7,PUBLISHED_READY,2026-09-18
PN-000664,A2U220-594394,a2u220-594394,Sandvik / EIMCO,Underground LHD,ED10,Steering/Brake,"阀, 4/3 D.C.V., 制动",,"阀, 4/3 D.C.V., 制动",EXPLICIT,VERIFIED,HIGH,"ED10 parts manual page 291, item 1",伊泰LS190-ED10配件手册.pdf,"A2U220-594394 — 阀, 4/3 D.C.V., 制动","A2U220-594394 阀, 4/3 D.C.V., 制动 | ED10 Spare Part","Verified part number A2U220-594394: 阀, 4/3 D.C.V., 制动 for ED10. Check equipment compatibility and submit an RFQ to qualified mining spare parts suppliers o",/part-number/a2u220-594394,Request Quote,/rfq/new?partNumber=A2U220-594394,PUBLISHED_READY,2026-09-18
PN-000653,A2U220-591353,a2u220-591353,Sandvik / EIMCO,Underground LHD,ED10,Hydraulic,底板，动力输出轴阀,,底板，动力输出轴阀,EXPLICIT,VERIFIED,HIGH,"ED10 parts manual page 291, item 2",伊泰LS190-ED10配件手册.pdf,A2U220-591353 — 底板，动力输出轴阀,A2U220-591353 底板，动力输出轴阀 | ED10 Spare Part,Verified part number A2U220-591353: 底板，动力输出轴阀 for ED10. Check equipment compatibility and submit an RFQ to qualified mining spare parts suppliers on Kuangp,/part-number/a2u220-591353,Request Quote,/rfq/new?partNumber=A2U220-591353,PUBLISHED_READY,2026-09-18
PN-000656,A2U220-591361,a2u220-591361,Sandvik / EIMCO,Underground LHD,ED10,Fastener,螺栓，工具包,,螺栓，工具包,EXPLICIT,VERIFIED,HIGH,"ED10 parts manual page 291, item 3",伊泰LS190-ED10配件手册.pdf,A2U220-591361 — 螺栓，工具包,A2U220-591361 螺栓，工具包 | ED10 Spare Part,Verified part number A2U220-591361: 螺栓，工具包 for ED10. Check equipment compatibility and submit an RFQ to qualified mining spare parts suppliers on KuangpeiY,/part-number/a2u220-591361,Request Quote,/rfq/new?partNumber=A2U220-591361,PUBLISHED_READY,2026-09-18
PN-001572,D25-1621,d25-1621,Sandvik / EIMCO,Underground LHD,ED10,Other,适配器,,适配器,EXPLICIT,VERIFIED,HIGH,"ED10 parts manual page 294, item 6",伊泰LS190-ED10配件手册.pdf,D25-1621 — 适配器,D25-1621 适配器 | ED10 Spare Part,Verified part number D25-1621: 适配器 for ED10. Check equipment compatibility and submit an RFQ to qualified mining spare parts suppliers on KuangpeiYun.,/part-number/d25-1621,Request Quote,/rfq/new?partNumber=D25-1621,PUBLISHED_READY,2026-09-18
PN-001512,D15 1621,d15-1621,Sandvik / EIMCO,Underground LHD,ED10,Hose/Fitting,接头,,接头,EXPLICIT,VERIFIED,HIGH,"ED10 parts manual page 294, item 8",伊泰LS190-ED10配件手册.pdf,D15 1621 — 接头,D15 1621 接头 | ED10 Spare Part,Verified part number D15 1621: 接头 for ED10. Check equipment compatibility and submit an RFQ to qualified mining spare parts suppliers on KuangpeiYun.,/part-number/d15-1621,Request Quote,/rfq/new?partNumber=D15 1621,PUBLISHED_READY,2026-09-18
PN-001607,D2900-16-80-21,d2900-16-80-21,Sandvik / EIMCO,Underground LHD,ED10,Hose/Fitting,软管安装,,软管安装,EXPLICIT,VERIFIED,HIGH,"ED10 parts manual page 294, item 13",伊泰LS190-ED10配件手册.pdf,D2900-16-80-21 — 软管安装,D2900-16-80-21 软管安装 | ED10 Spare Part,Verified part number D2900-16-80-21: 软管安装 for ED10. Check equipment compatibility and submit an RFQ to qualified mining spare parts suppliers on KuangpeiYu,/part-number/d2900-16-80-21,Request Quote,/rfq/new?partNumber=D2900-16-80-21,PUBLISHED_READY,2026-09-18
PN-001658,D37-0808,d37-0808,Sandvik / EIMCO,Underground LHD,ED10,Hose/Fitting,90度弯头,,90度弯头,EXPLICIT,VERIFIED,HIGH,"ED10 parts manual page 296, item 3",伊泰LS190-ED10配件手册.pdf,D37-0808 — 90度弯头,D37-0808 90度弯头 | ED10 Spare Part,Verified part number D37-0808: 90度弯头 for ED10. Check equipment compatibility and submit an RFQ to qualified mining spare parts suppliers on KuangpeiYun.,/part-number/d37-0808,Request Quote,/rfq/new?partNumber=D37-0808,PUBLISHED_READY,2026-09-18
PN-001668,D39-0808,d39-0808,Sandvik / EIMCO,Underground LHD,ED10,Hose/Fitting,45度弯头,,45度弯头,EXPLICIT,VERIFIED,HIGH,"ED10 parts manual page 296, item 4",伊泰LS190-ED10配件手册.pdf,D39-0808 — 45度弯头,D39-0808 45度弯头 | ED10 Spare Part,Verified part number D39-0808: 45度弯头 for ED10. Check equipment compatibility and submit an RFQ to qualified mining spare parts suppliers on KuangpeiYun.,/part-number/d39-0808,Request Quote,/rfq/new?partNumber=D39-0808,PUBLISHED_READY,2026-09-18
PN-001672,D4-1208,d4-1208,Sandvik / EIMCO,Underground LHD,ED10,Hose/Fitting,异径接头,,异径接头,EXPLICIT,VERIFIED,HIGH,"ED10 parts manual page 296, item 5",伊泰LS190-ED10配件手册.pdf,D4-1208 — 异径接头,D4-1208 异径接头 | ED10 Spare Part,Verified part number D4-1208: 异径接头 for ED10. Check equipment compatibility and submit an RFQ to qualified mining spare parts suppliers on KuangpeiYun.,/part-number/d4-1208,Request Quote,/rfq/new?partNumber=D4-1208,PUBLISHED_READY,2026-09-18
PN-000429,A2U130-591380,a2u130-591380,Sandvik / EIMCO,Underground LHD,ED10,Engine,托座，交流发动机安装,,托座，交流发动机安装,EXPLICIT,VERIFIED,HIGH,"ED10 parts manual page 300, item 1",伊泰LS190-ED10配件手册.pdf,A2U130-591380 — 托座，交流发动机安装,A2U130-591380 托座，交流发动机安装 | ED10 Spare Part,Verified part number A2U130-591380: 托座，交流发动机安装 for ED10. Check equipment compatibility and submit an RFQ to qualified mining spare parts suppliers on Kuang,/part-number/a2u130-591380,Request Quote,/rfq/new?partNumber=A2U130-591380,PUBLISHED_READY,2026-09-18
PN-000834,A2U900-711009,a2u900-711009,Sandvik / EIMCO,Underground LHD,ED10,Engine,交流发动机，MAE SIRA,交流发动机，MAE SIRA,,EXPLICIT,VERIFIED,HIGH,"ED10 parts manual page 300, item 2",伊泰LS190-ED10配件手册.pdf,A2U900-711009 — 交流发动机，MAE SIRA,A2U900-711009 交流发动机，MAE SIRA | ED10 Spare Part,Verified part number A2U900-711009: 交流发动机，MAE SIRA for ED10. Check equipment compatibility and submit an RFQ to qualified mining spare parts suppliers on K,/part-number/a2u900-711009,Request Quote,/rfq/new?partNumber=A2U900-711009,PUBLISHED_READY,2026-09-18
PN-000430,A2U130-591387,a2u130-591387,Sandvik / EIMCO,Underground LHD,ED10,Engine,防护罩，MAE交流发动机,,防护罩，MAE交流发动机,EXPLICIT,VERIFIED,HIGH,"ED10 parts manual page 300, item 3",伊泰LS190-ED10配件手册.pdf,A2U130-591387 — 防护罩，MAE交流发动机,A2U130-591387 防护罩，MAE交流发动机 | ED10 Spare Part,Verified part number A2U130-591387: 防护罩，MAE交流发动机 for ED10. Check equipment compatibility and submit an RFQ to qualified mining spare parts suppliers on Kua,/part-number/a2u130-591387,Request Quote,/rfq/new?partNumber=A2U130-591387,PUBLISHED_READY,2026-09-18
PN-000029,A2U913-522006,a2u913-522006,Sandvik / EIMCO,Underground LHD,ED10,Hose/Fitting,Centre Coupling,COUPLING CENTRE,连轴节中心,EXPLICIT,VERIFIED,HIGH,"ED10 parts manual page 300, item 7; SANDVIK LS 190-312 PARTS20260228.xlsx, Sheet1, row 66",SANDVIK LS 190-312 PARTS20260228.xlsx | 伊泰LS190-ED10配件手册.pdf,A2U913-522006 — Centre Coupling,A2U913-522006 Centre Coupling | ED10 Spare Part,Verified part number A2U913-522006: Centre Coupling for ED10. Check equipment compatibility and submit an RFQ to qualified mining spare parts suppliers on ,/part-number/a2u913-522006,Request Quote,/rfq/new?partNumber=A2U913-522006,PUBLISHED_READY,2026-09-18
PN-000774,A2U900-521030,a2u900-521030,Sandvik / EIMCO,Underground LHD,ED10,Engine,马达，交流发动机驱动,,马达，交流发动机驱动,EXPLICIT,VERIFIED,HIGH,"ED10 parts manual page 300, item 9",伊泰LS190-ED10配件手册.pdf,A2U900-521030 — 马达，交流发动机驱动,A2U900-521030 马达，交流发动机驱动 | ED10 Spare Part,Verified part number A2U900-521030: 马达，交流发动机驱动 for ED10. Check equipment compatibility and submit an RFQ to qualified mining spare parts suppliers on Kuang,/part-number/a2u900-521030,Request Quote,/rfq/new?partNumber=A2U900-521030,PUBLISHED_READY,2026-09-18
PN-000776,A2U900-522024,a2u900-522024,Sandvik / EIMCO,Underground LHD,ED10,Hydraulic,连轴节，一半，马达,,连轴节，一半，马达,EXPLICIT,VERIFIED,HIGH,"ED10 parts manual page 300, item 10",伊泰LS190-ED10配件手册.pdf,A2U900-522024 — 连轴节，一半，马达,A2U900-522024 连轴节，一半，马达 | ED10 Spare Part,Verified part number A2U900-522024: 连轴节，一半，马达 for ED10. Check equipment compatibility and submit an RFQ to qualified mining spare parts suppliers on Kuangp,/part-number/a2u900-522024,Request Quote,/rfq/new?partNumber=A2U900-522024,PUBLISHED_READY,2026-09-18
PN-001720,D53-1712,d53-1712,Sandvik / EIMCO,Underground LHD,ED10,Hose/Fitting,90度弯头,,90度弯头,EXPLICIT,VERIFIED,HIGH,"ED10 parts manual page 300, item 14",伊泰LS190-ED10配件手册.pdf,D53-1712 — 90度弯头,D53-1712 90度弯头 | ED10 Spare Part,Verified part number D53-1712: 90度弯头 for ED10. Check equipment compatibility and submit an RFQ to qualified mining spare parts suppliers on KuangpeiYun.,/part-number/d53-1712,Request Quote,/rfq/new?partNumber=D53-1712,PUBLISHED_READY,2026-09-18
PN-001708,D52-77,d52-77,Sandvik / EIMCO,Underground LHD,ED10,Hose/Fitting,接头,,接头,EXPLICIT,VERIFIED,HIGH,"ED10 parts manual page 300, item 15",伊泰LS190-ED10配件手册.pdf,D52-77 — 接头,D52-77 接头 | ED10 Spare Part,Verified part number D52-77: 接头 for ED10. Check equipment compatibility and submit an RFQ to qualified mining spare parts suppliers on KuangpeiYun.,/part-number/d52-77,Request Quote,/rfq/new?partNumber=D52-77,PUBLISHED_READY,2026-09-18
PN-000835,A2U900-713015,a2u900-713015,Sandvik / EIMCO,Underground LHD,ED10,Engine,连轴节，一半，MAE交流发动机,,连轴节，一半，MAE交流发动机,EXPLICIT,VERIFIED,HIGH,"ED10 parts manual page 300, item 16",伊泰LS190-ED10配件手册.pdf,A2U900-713015 — 连轴节，一半，MAE交流发动机,A2U900-713015 连轴节，一半，MAE交流发动机 | ED10 Spare Part,Verified part number A2U900-713015: 连轴节，一半，MAE交流发动机 for ED10. Check equipment compatibility and submit an RFQ to qualified mining spare parts suppliers on ,/part-number/a2u900-713015,Request Quote,/rfq/new?partNumber=A2U900-713015,PUBLISHED_READY,2026-09-18
PN-000916,AFP1012-1,afp1012-1,Sandvik / EIMCO,Underground LHD,ED10,Other,闸瓦托,,闸瓦托,EXPLICIT,VERIFIED,HIGH,"ED10 parts manual page 302, item 1",伊泰LS190-ED10配件手册.pdf,AFP1012-1 — 闸瓦托,AFP1012-1 闸瓦托 | ED10 Spare Part,Verified part number AFP1012-1: 闸瓦托 for ED10. Check equipment compatibility and submit an RFQ to qualified mining spare parts suppliers on KuangpeiYun.,/part-number/afp1012-1,Request Quote,/rfq/new?partNumber=AFP1012-1,PUBLISHED_READY,2026-09-18
PN-000084,100202,100202,Sandvik / EIMCO,Underground LHD,ED10,Electrical,空气压力表,,空气压力表,EXPLICIT,VERIFIED,HIGH,"ED10 parts manual page 302, item 2",伊泰LS190-ED10配件手册.pdf,100202 — 空气压力表,100202 空气压力表 | ED10 Spare Part,Verified part number 100202: 空气压力表 for ED10. Check equipment compatibility and submit an RFQ to qualified mining spare parts suppliers on KuangpeiYun.,/part-number/100202,Request Quote,/rfq/new?partNumber=100202,PUBLISHED_READY,2026-09-18
PN-000409,A2U130-472026,a2u130-472026,Sandvik / EIMCO,Underground LHD,ED10,Hydraulic,液压压力表,,液压压力表,EXPLICIT,VERIFIED,HIGH,"ED10 parts manual page 302, item 3",伊泰LS190-ED10配件手册.pdf,A2U130-472026 — 液压压力表,A2U130-472026 液压压力表 | ED10 Spare Part,Verified part number A2U130-472026: 液压压力表 for ED10. Check equipment compatibility and submit an RFQ to qualified mining spare parts suppliers on KuangpeiYu,/part-number/a2u130-472026,Request Quote,/rfq/new?partNumber=A2U130-472026,PUBLISHED_READY,2026-09-18
PN-000317,64119919,64119919,Sandvik / EIMCO,Underground LHD,ED10,Engine,发动机压力表,,发动机压力表,EXPLICIT,VERIFIED,HIGH,"ED10 parts manual page 302, item 5",伊泰LS190-ED10配件手册.pdf,64119919 — 发动机压力表,64119919 发动机压力表 | ED10 Spare Part,Verified part number 64119919: 发动机压力表 for ED10. Check equipment compatibility and submit an RFQ to qualified mining spare parts suppliers on KuangpeiYun.,/part-number/64119919,Request Quote,/rfq/new?partNumber=64119919,PUBLISHED_READY,2026-09-18
PN-001894,VGB6,vgb6,Sandvik / EIMCO,Underground LHD,ED10,Transmission/Driveline,变速箱温度表,,变速箱温度表,EXPLICIT,VERIFIED,HIGH,"ED10 parts manual page 302, item 6",伊泰LS190-ED10配件手册.pdf,VGB6 — 变速箱温度表,VGB6 变速箱温度表 | ED10 Spare Part,Verified part number VGB6: 变速箱温度表 for ED10. Check equipment compatibility and submit an RFQ to qualified mining spare parts suppliers on KuangpeiYun.,/part-number/vgb6,Request Quote,/rfq/new?partNumber=VGB6,PUBLISHED_READY,2026-09-18
PN-000316,64119126,64119126,Sandvik / EIMCO,Underground LHD,ED10,Transmission/Driveline,变速箱压力表,,变速箱压力表,EXPLICIT,VERIFIED,HIGH,"ED10 parts manual page 302, item 7",伊泰LS190-ED10配件手册.pdf,64119126 — 变速箱压力表,64119126 变速箱压力表 | ED10 Spare Part,Verified part number 64119126: 变速箱压力表 for ED10. Check equipment compatibility and submit an RFQ to qualified mining spare parts suppliers on KuangpeiYun.,/part-number/64119126,Request Quote,/rfq/new?partNumber=64119126,PUBLISHED_READY,2026-09-18
PN-000620,A2U220-471066,a2u220-471066,Sandvik / EIMCO,Underground LHD,ED10,Other,隔离装置，仪表盘,,隔离装置，仪表盘,EXPLICIT,VERIFIED,HIGH,"ED10 parts manual page 302, item 8",伊泰LS190-ED10配件手册.pdf,A2U220-471066 — 隔离装置，仪表盘,A2U220-471066 隔离装置，仪表盘 | ED10 Spare Part,Verified part number A2U220-471066: 隔离装置，仪表盘 for ED10. Check equipment compatibility and submit an RFQ to qualified mining spare parts suppliers on Kuangpe,/part-number/a2u220-471066,Request Quote,/rfq/new?partNumber=A2U220-471066,PUBLISHED_READY,2026-09-18
PN-000352,919-620002,919-620002,Sandvik / EIMCO,Underground LHD,ED10,Other,防震装置,,防震装置,EXPLICIT,VERIFIED,HIGH,"ED10 parts manual page 302, item 9",伊泰LS190-ED10配件手册.pdf,919-620002 — 防震装置,919-620002 防震装置 | ED10 Spare Part,Verified part number 919-620002: 防震装置 for ED10. Check equipment compatibility and submit an RFQ to qualified mining spare parts suppliers on KuangpeiYun.,/part-number/919-620002,Request Quote,/rfq/new?partNumber=919-620002,PUBLISHED_READY,2026-09-18
PN-000625,A2U220-491226,a2u220-491226,Sandvik / EIMCO,Underground LHD,ED10,Other,罩,,罩,EXPLICIT,VERIFIED,HIGH,"ED10 parts manual page 302, item 10",伊泰LS190-ED10配件手册.pdf,A2U220-491226 — 罩,A2U220-491226 罩 | ED10 Spare Part,Verified part number A2U220-491226: 罩 for ED10. Check equipment compatibility and submit an RFQ to qualified mining spare parts suppliers on KuangpeiYun.,/part-number/a2u220-491226,Request Quote,/rfq/new?partNumber=A2U220-491226,PUBLISHED_READY,2026-09-18
PN-001866,T5GG,t5gg,Sandvik / EIMCO,Underground LHD,ED10,Fastener,螺母,,螺母,EXPLICIT,VERIFIED,HIGH,"ED10 parts manual page 302, item 11",伊泰LS190-ED10配件手册.pdf,T5GG — 螺母,T5GG 螺母 | ED10 Spare Part,Verified part number T5GG: 螺母 for ED10. Check equipment compatibility and submit an RFQ to qualified mining spare parts suppliers on KuangpeiYun.,/part-number/t5gg,Request Quote,/rfq/new?partNumber=T5GG,PUBLISHED_READY,2026-09-18
PN-001867,T5YN,t5yn,Sandvik / EIMCO,Underground LHD,ED10,Fastener,圆头螺母,,圆头螺母,EXPLICIT,VERIFIED,HIGH,"ED10 parts manual page 302, item 12",伊泰LS190-ED10配件手册.pdf,T5YN — 圆头螺母,T5YN 圆头螺母 | ED10 Spare Part,Verified part number T5YN: 圆头螺母 for ED10. Check equipment compatibility and submit an RFQ to qualified mining spare parts suppliers on KuangpeiYun.,/part-number/t5yn,Request Quote,/rfq/new?partNumber=T5YN,PUBLISHED_READY,2026-09-18
PN-001902,W5GA,w5ga,Sandvik / EIMCO,Underground LHD,ED10,Fastener,平垫圈,,平垫圈,EXPLICIT,VERIFIED,HIGH,"ED10 parts manual page 302, item 13",伊泰LS190-ED10配件手册.pdf,W5GA — 平垫圈,W5GA 平垫圈 | ED10 Spare Part,Verified part number W5GA: 平垫圈 for ED10. Check equipment compatibility and submit an RFQ to qualified mining spare parts suppliers on KuangpeiYun.,/part-number/w5ga,Request Quote,/rfq/new?partNumber=W5GA,PUBLISHED_READY,2026-09-18
PN-001903,W5GF,w5gf,Sandvik / EIMCO,Underground LHD,ED10,Fastener,弹簧垫圈,,弹簧垫圈,EXPLICIT,VERIFIED,HIGH,"ED10 parts manual page 302, item 14",伊泰LS190-ED10配件手册.pdf,W5GF — 弹簧垫圈,W5GF 弹簧垫圈 | ED10 Spare Part,Verified part number W5GF: 弹簧垫圈 for ED10. Check equipment compatibility and submit an RFQ to qualified mining spare parts suppliers on KuangpeiYun.,/part-number/w5gf,Request Quote,/rfq/new?partNumber=W5GF,PUBLISHED_READY,2026-09-18
PN-000414,A2U130-491219,a2u130-491219,Sandvik / EIMCO,Underground LHD,ED10,Other,防护罩，启动钮,,防护罩，启动钮,EXPLICIT,VERIFIED,HIGH,"ED10 parts manual page 302, item 15",伊泰LS190-ED10配件手册.pdf,A2U130-491219 — 防护罩，启动钮,A2U130-491219 防护罩，启动钮 | ED10 Spare Part,Verified part number A2U130-491219: 防护罩，启动钮 for ED10. Check equipment compatibility and submit an RFQ to qualified mining spare parts suppliers on Kuangpei,/part-number/a2u130-491219,Request Quote,/rfq/new?partNumber=A2U130-491219,PUBLISHED_READY,2026-09-18
PN-000839,A2U900-775042,a2u900-775042,Sandvik / EIMCO,Underground LHD,ED10,Other,甲烷监控仪,,甲烷监控仪,EXPLICIT,VERIFIED,HIGH,"ED10 parts manual page 304, item 1",伊泰LS190-ED10配件手册.pdf,A2U900-775042 — 甲烷监控仪,A2U900-775042 甲烷监控仪 | ED10 Spare Part,Verified part number A2U900-775042: 甲烷监控仪 for ED10. Check equipment compatibility and submit an RFQ to qualified mining spare parts suppliers on KuangpeiYu,/part-number/a2u900-775042,Request Quote,/rfq/new?partNumber=A2U900-775042,PUBLISHED_READY,2026-09-18
PN-000684,A2U900-1711072,a2u900-1711072,Sandvik / EIMCO,Underground LHD,ED10,Electrical,标牌，甲烷电磁线圈M/M,,标牌，甲烷电磁线圈M/M,EXPLICIT,VERIFIED,HIGH,"ED10 parts manual page 304, item 2",伊泰LS190-ED10配件手册.pdf,A2U900-1711072 — 标牌，甲烷电磁线圈M/M,A2U900-1711072 标牌，甲烷电磁线圈M/M | ED10 Spare Part,Verified part number A2U900-1711072: 标牌，甲烷电磁线圈M/M for ED10. Check equipment compatibility and submit an RFQ to qualified mining spare parts suppliers on Ku,/part-number/a2u900-1711072,Request Quote,/rfq/new?partNumber=A2U900-1711072,PUBLISHED_READY,2026-09-18
PN-000685,A2U900-1711073,a2u900-1711073,Sandvik / EIMCO,Underground LHD,ED10,Other,甲烷监控仪警告标贴,,甲烷监控仪警告标贴,EXPLICIT,VERIFIED,HIGH,"ED10 parts manual page 304, item 3",伊泰LS190-ED10配件手册.pdf,A2U900-1711073 — 甲烷监控仪警告标贴,A2U900-1711073 甲烷监控仪警告标贴 | ED10 Spare Part,Verified part number A2U900-1711073: 甲烷监控仪警告标贴 for ED10. Check equipment compatibility and submit an RFQ to qualified mining spare parts suppliers on Kuang,/part-number/a2u900-1711073,Request Quote,/rfq/new?partNumber=A2U900-1711073,PUBLISHED_READY,2026-09-18
PN-000683,A2U900-1711071,a2u900-1711071,Sandvik / EIMCO,Underground LHD,ED10,Other,甲烷关闭系统标贴,,甲烷关闭系统标贴,EXPLICIT,VERIFIED,HIGH,"ED10 parts manual page 304, item 4",伊泰LS190-ED10配件手册.pdf,A2U900-1711071 — 甲烷关闭系统标贴,A2U900-1711071 甲烷关闭系统标贴 | ED10 Spare Part,Verified part number A2U900-1711071: 甲烷关闭系统标贴 for ED10. Check equipment compatibility and submit an RFQ to qualified mining spare parts suppliers on Kuangp,/part-number/a2u900-1711071,Request Quote,/rfq/new?partNumber=A2U900-1711071,PUBLISHED_READY,2026-09-18
PN-000828,A2U900-692010,a2u900-692010,Sandvik / EIMCO,Underground LHD,ED10,Filter,Filter Element 5Micron,Filter Element 5Micron,调节器过滤器，甲烷监控仪,EXPLICIT,VERIFIED,HIGH,"ED10 parts manual page 304, item 5; SANDVIK LS190-B2285 SPARE PARTS LIST_Mining India_24.03.2026.xlsx, Sheet1, row 473",SANDVIK LS190-B2285 SPARE PARTS LIST_Mining India_24.03.2026.xlsx | 伊泰LS190-ED10配件手册.pdf,A2U900-692010 — Filter Element 5Micron,A2U900-692010 Filter Element 5Micron | ED10 Spare Part,Verified part number A2U900-692010: Filter Element 5Micron for ED10. Check equipment compatibility and submit an RFQ to qualified mining spare parts suppli,/part-number/a2u900-692010,Request Quote,/rfq/new?partNumber=A2U900-692010,PUBLISHED_READY,2026-09-18
PN-000467,A2U220-1911110,a2u220-1911110,Sandvik / EIMCO,Underground LHD,ED10,Other,甲烷监控仪托座,,甲烷监控仪托座,EXPLICIT,VERIFIED,HIGH,"ED10 parts manual page 304, item 7",伊泰LS190-ED10配件手册.pdf,A2U220-1911110 — 甲烷监控仪托座,A2U220-1911110 甲烷监控仪托座 | ED10 Spare Part,Verified part number A2U220-1911110: 甲烷监控仪托座 for ED10. Check equipment compatibility and submit an RFQ to qualified mining spare parts suppliers on Kuangpe,/part-number/a2u220-1911110,Request Quote,/rfq/new?partNumber=A2U220-1911110,PUBLISHED_READY,2026-09-18
PN-000837,A2U900-735007,a2u900-735007,Sandvik / EIMCO,Underground LHD,ED10,Seal/Gasket,直角密封压盖接头,,直角密封压盖接头,EXPLICIT,VERIFIED,HIGH,"ED10 parts manual page 304, item 8",伊泰LS190-ED10配件手册.pdf,A2U900-735007 — 直角密封压盖接头,A2U900-735007 直角密封压盖接头 | ED10 Spare Part,Verified part number A2U900-735007: 直角密封压盖接头 for ED10. Check equipment compatibility and submit an RFQ to qualified mining spare parts suppliers on Kuangpe,/part-number/a2u900-735007,Request Quote,/rfq/new?partNumber=A2U900-735007,PUBLISHED_READY,2026-09-18
PN-000838,A2U900-735015,a2u900-735015,Sandvik / EIMCO,Underground LHD,ED10,Electrical,电缆密封压盖 GWPMEX1BSS,电缆密封压盖 GWPMEX1BSS,,EXPLICIT,VERIFIED,HIGH,"ED10 parts manual page 304, item 9",伊泰LS190-ED10配件手册.pdf,A2U900-735015 — 电缆密封压盖 GWPMEX1BSS,A2U900-735015 电缆密封压盖 GWPMEX1BSS | ED10 Spare Part,Verified part number A2U900-735015: 电缆密封压盖 GWPMEX1BSS for ED10. Check equipment compatibility and submit an RFQ to qualified mining spare parts suppliers o,/part-number/a2u900-735015,Request Quote,/rfq/new?partNumber=A2U900-735015,PUBLISHED_READY,2026-09-18
PN-000840,A2U900-793006,a2u900-793006,Sandvik / EIMCO,Underground LHD,ED10,Other,隔焰器,,隔焰器,EXPLICIT,VERIFIED,HIGH,"ED10 parts manual page 304, item 10",伊泰LS190-ED10配件手册.pdf,A2U900-793006 — 隔焰器,A2U900-793006 隔焰器 | ED10 Spare Part,Verified part number A2U900-793006: 隔焰器 for ED10. Check equipment compatibility and submit an RFQ to qualified mining spare parts suppliers on KuangpeiYun.,/part-number/a2u900-793006,Request Quote,/rfq/new?partNumber=A2U900-793006,PUBLISHED_READY,2026-09-18
PN-000836,A2U900-731033,a2u900-731033,Sandvik / EIMCO,Underground LHD,ED10,Electrical,电缆， 4 轴核机器,,电缆， 4 轴核机器 | 4芯电缆,EXPLICIT,VERIFIED,HIGH,"ED10 parts manual page 304, item 11; ED10 parts manual page 308, item 3",伊泰LS190-ED10配件手册.pdf,A2U900-731033 — 电缆， 4 轴核机器,A2U900-731033 电缆， 4 轴核机器 | ED10 Spare Part,Verified part number A2U900-731033: 电缆， 4 轴核机器 for ED10. Check equipment compatibility and submit an RFQ to qualified mining spare parts suppliers on Kuang,/part-number/a2u900-731033,Request Quote,/rfq/new?partNumber=A2U900-731033,PUBLISHED_READY,2026-09-18
PN-000912,AFP1008-40,afp1008-40,Sandvik / EIMCO,Underground LHD,ED10,Seal/Gasket,"密封压盖, GWPM 1A EX","密封压盖, GWPM 1A EX | CABLE ENTRY",密封压盖,EXPLICIT,VERIFIED,HIGH,"ED10 parts manual page 304, item 12; ED10 parts manual page 308, item 7; SANDVIK LS190-B2285 SPARE PARTS LIST_Mining India_24.03.2026.xlsx, Sheet1, row 271",SANDVIK LS190-B2285 SPARE PARTS LIST_Mining India_24.03.2026.xlsx | 伊泰LS190-ED10配件手册.pdf,"AFP1008-40 — 密封压盖, GWPM 1A EX","AFP1008-40 密封压盖, GWPM 1A EX | ED10 Spare Part","Verified part number AFP1008-40: 密封压盖, GWPM 1A EX for ED10. Check equipment compatibility and submit an RFQ to qualified mining spare parts suppliers on Ku",/part-number/afp1008-40,Request Quote,/rfq/new?partNumber=AFP1008-40,PUBLISHED_READY,2026-09-18
PN-000630,A2U220-491246,a2u220-491246,Sandvik / EIMCO,Underground LHD,ED10,Other,ED10甲烷监控仪托座,,ED10甲烷监控仪托座,EXPLICIT,VERIFIED,HIGH,"ED10 parts manual page 304, item 13",伊泰LS190-ED10配件手册.pdf,A2U220-491246 — ED10甲烷监控仪托座,A2U220-491246 ED10甲烷监控仪托座 | ED10 Spare Part,Verified part number A2U220-491246: ED10甲烷监控仪托座 for ED10. Check equipment compatibility and submit an RFQ to qualified mining spare parts suppliers on Kuan,/part-number/a2u220-491246,Request Quote,/rfq/new?partNumber=A2U220-491246,PUBLISHED_READY,2026-09-18
PN-000915,AFP1009-9,afp1009-9,Sandvik / EIMCO,Underground LHD,ED10,Other,SILENCER,SILENCER,消声器,EXPLICIT,VERIFIED,HIGH,"ED10 parts manual page 304, item 14; SANDVIK LS190-B2285 SPARE PARTS LIST_Mining India_24.03.2026.xlsx, Sheet1, row 115; SANDVIK LS190-B2285 SPARE PARTS LIST_Mining India_24.03.2026.xlsx, Sheet1, row 212",SANDVIK LS190-B2285 SPARE PARTS LIST_Mining India_24.03.2026.xlsx | 伊泰LS190-ED10配件手册.pdf,AFP1009-9 — SILENCER,AFP1009-9 SILENCER | ED10 Spare Part,Verified part number AFP1009-9: SILENCER for ED10. Check equipment compatibility and submit an RFQ to qualified mining spare parts suppliers on KuangpeiYun,/part-number/afp1009-9,Request Quote,/rfq/new?partNumber=AFP1009-9,PUBLISHED_READY,2026-09-18
PN-001768,D817,d817,Sandvik / EIMCO,Underground LHD,ED10,Electrical,电缆保护软管,,电缆保护软管 | 聚氯乙烯导管,EXPLICIT,VERIFIED,HIGH,"ED10 parts manual page 304, item 19; ED10 parts manual page 308, item 2",伊泰LS190-ED10配件手册.pdf,D817 — 电缆保护软管,D817 电缆保护软管 | ED10 Spare Part,Verified part number D817: 电缆保护软管 for ED10. Check equipment compatibility and submit an RFQ to qualified mining spare parts suppliers on KuangpeiYun.,/part-number/d817,Request Quote,/rfq/new?partNumber=D817,PUBLISHED_READY,2026-09-18
PN-000893,A2U921-792030,a2u921-792030,Sandvik / EIMCO,Underground LHD,ED10,Other,防爆大灯,,防爆大灯,EXPLICIT,VERIFIED,HIGH,"ED10 parts manual page 308, item 1",伊泰LS190-ED10配件手册.pdf,A2U921-792030 — 防爆大灯,A2U921-792030 防爆大灯 | ED10 Spare Part,Verified part number A2U921-792030: 防爆大灯 for ED10. Check equipment compatibility and submit an RFQ to qualified mining spare parts suppliers on KuangpeiYun,/part-number/a2u921-792030,Request Quote,/rfq/new?partNumber=A2U921-792030,PUBLISHED_READY,2026-09-18
PN-000870,A2U913-472024,a2u913-472024,Sandvik / EIMCO,Underground LHD,ED10,Other,PJB计时器,,PJB计时器,EXPLICIT,VERIFIED,HIGH,"ED10 parts manual page 308, item 4",伊泰LS190-ED10配件手册.pdf,A2U913-472024 — PJB计时器,A2U913-472024 PJB计时器 | ED10 Spare Part,Verified part number A2U913-472024: PJB计时器 for ED10. Check equipment compatibility and submit an RFQ to qualified mining spare parts suppliers on KuangpeiY,/part-number/a2u913-472024,Request Quote,/rfq/new?partNumber=A2U913-472024,PUBLISHED_READY,2026-09-18
PN-000909,AFP1001-7,afp1001-7,Sandvik / EIMCO,Underground LHD,ED10,Other,端点,,端点,EXPLICIT,VERIFIED,HIGH,"ED10 parts manual page 308, item 6",伊泰LS190-ED10配件手册.pdf,AFP1001-7 — 端点,AFP1001-7 端点 | ED10 Spare Part,Verified part number AFP1001-7: 端点 for ED10. Check equipment compatibility and submit an RFQ to qualified mining spare parts suppliers on KuangpeiYun.,/part-number/afp1001-7,Request Quote,/rfq/new?partNumber=AFP1001-7,PUBLISHED_READY,2026-09-18
PN-000690,A2U900-191723,a2u900-191723,Sandvik / EIMCO,Underground LHD,ED10,Structure,安装托架,,安装托架,EXPLICIT,VERIFIED,HIGH,"ED10 parts manual page 308, item 8",伊泰LS190-ED10配件手册.pdf,A2U900-191723 — 安装托架,A2U900-191723 安装托架 | ED10 Spare Part,Verified part number A2U900-191723: 安装托架 for ED10. Check equipment compatibility and submit an RFQ to qualified mining spare parts suppliers on KuangpeiYun,/part-number/a2u900-191723,Request Quote,/rfq/new?partNumber=A2U900-191723,PUBLISHED_READY,2026-09-18
PN-000894,A2U921-792032,a2u921-792032,Sandvik / EIMCO,Underground LHD,ED10,Other,大灯托座,,大灯托座,EXPLICIT,VERIFIED,HIGH,"ED10 parts manual page 308, item 9",伊泰LS190-ED10配件手册.pdf,A2U921-792032 — 大灯托座,A2U921-792032 大灯托座 | ED10 Spare Part,Verified part number A2U921-792032: 大灯托座 for ED10. Check equipment compatibility and submit an RFQ to qualified mining spare parts suppliers on KuangpeiYun,/part-number/a2u921-792032,Request Quote,/rfq/new?partNumber=A2U921-792032,PUBLISHED_READY,2026-09-18
PN-000905,A2U936-791123,a2u936-791123,Sandvik / EIMCO,Underground LHD,ED10,Other,托座，计时器,,托座，计时器,EXPLICIT,VERIFIED,HIGH,"ED10 parts manual page 308, item 10",伊泰LS190-ED10配件手册.pdf,A2U936-791123 — 托座，计时器,A2U936-791123 托座，计时器 | ED10 Spare Part,Verified part number A2U936-791123: 托座，计时器 for ED10. Check equipment compatibility and submit an RFQ to qualified mining spare parts suppliers on KuangpeiY,/part-number/a2u936-791123,Request Quote,/rfq/new?partNumber=A2U936-791123,PUBLISHED_READY,2026-09-18
PN-000892,A2U921-791105,a2u921-791105,Sandvik / EIMCO,Underground LHD,ED10,Other,带红发光二极管的灯座,,带红发光二极管的灯座,EXPLICIT,VERIFIED,HIGH,"ED10 parts manual page 310, item 1",伊泰LS190-ED10配件手册.pdf,A2U921-791105 — 带红发光二极管的灯座,A2U921-791105 带红发光二极管的灯座 | ED10 Spare Part,Verified part number A2U921-791105: 带红发光二极管的灯座 for ED10. Check equipment compatibility and submit an RFQ to qualified mining spare parts suppliers on Kuang,/part-number/a2u921-791105,Request Quote,/rfq/new?partNumber=A2U921-791105,PUBLISHED_READY,2026-09-18
PN-000890,A2U921-723008,a2u921-723008,Sandvik / EIMCO,Underground LHD,ED10,Other,灯,,灯,EXPLICIT,VERIFIED,HIGH,"ED10 parts manual page 310, item 2",伊泰LS190-ED10配件手册.pdf,A2U921-723008 — 灯,A2U921-723008 灯 | ED10 Spare Part,Verified part number A2U921-723008: 灯 for ED10. Check equipment compatibility and submit an RFQ to qualified mining spare parts suppliers on KuangpeiYun.,/part-number/a2u921-723008,Request Quote,/rfq/new?partNumber=A2U921-723008,PUBLISHED_READY,2026-09-18
PN-000891,A2U921-790081,a2u921-790081,Sandvik / EIMCO,Underground LHD,ED10,Other,前透镜,,前透镜,EXPLICIT,VERIFIED,HIGH,"ED10 parts manual page 310, item 3",伊泰LS190-ED10配件手册.pdf,A2U921-790081 — 前透镜,A2U921-790081 前透镜 | ED10 Spare Part,Verified part number A2U921-790081: 前透镜 for ED10. Check equipment compatibility and submit an RFQ to qualified mining spare parts suppliers on KuangpeiYun.,/part-number/a2u921-790081,Request Quote,/rfq/new?partNumber=A2U921-790081,PUBLISHED_READY,2026-09-18
PN-000764,A2U900-486015,a2u900-486015,Sandvik / EIMCO,Underground LHD,ED10,Other,FIRE EXT 4.5 K (INC. VEH BRKT),FIRE EXT 4.5 K (INC. VEH BRKT),灭火器，Quell4.5公斤,EXPLICIT,VERIFIED,HIGH,"ED10 parts manual page 313, item 1; SANDVIK LS 190-312 PARTS20260228.xlsx, Sheet1, row 133",SANDVIK LS 190-312 PARTS20260228.xlsx | 伊泰LS190-ED10配件手册.pdf,A2U900-486015 — FIRE EXT 4.5 K (INC. VEH BRKT),A2U900-486015 FIRE EXT 4.5 K (INC. VEH BRKT) | ED10 Spare Pa,Verified part number A2U900-486015: FIRE EXT 4.5 K (INC. VEH BRKT) for ED10. Check equipment compatibility and submit an RFQ to qualified mining spare part,/part-number/a2u900-486015,Request Quote,/rfq/new?partNumber=A2U900-486015,PUBLISHED_READY,2026-09-18
PN-000362,A2U130-191455,a2u130-191455,Sandvik / EIMCO,Underground LHD,ED10,Other,系住凸耳,,系住凸耳,EXPLICIT,VERIFIED,HIGH,"ED10 parts manual page 315, item 1",伊泰LS190-ED10配件手册.pdf,A2U130-191455 — 系住凸耳,A2U130-191455 系住凸耳 | ED10 Spare Part,Verified part number A2U130-191455: 系住凸耳 for ED10. Check equipment compatibility and submit an RFQ to qualified mining spare parts suppliers on KuangpeiYun,/part-number/a2u130-191455,Request Quote,/rfq/new?partNumber=A2U130-191455,PUBLISHED_READY,2026-09-18
PN-000367,A2U130-192034,a2u130-192034,Sandvik / EIMCO,Underground LHD,ED10,Structure,链条安装,,链条安装,EXPLICIT,VERIFIED,HIGH,"ED10 parts manual page 315, item 2",伊泰LS190-ED10配件手册.pdf,A2U130-192034 — 链条安装,A2U130-192034 链条安装 | ED10 Spare Part,Verified part number A2U130-192034: 链条安装 for ED10. Check equipment compatibility and submit an RFQ to qualified mining spare parts suppliers on KuangpeiYun,/part-number/a2u130-192034,Request Quote,/rfq/new?partNumber=A2U130-192034,PUBLISHED_READY,2026-09-18
PN-000442,A2U220-112012,a2u220-112012,Sandvik / EIMCO,Underground LHD,ED10,Other,拖运挂钩,,拖运挂钩,EXPLICIT,VERIFIED,HIGH,"ED10 parts manual page 317, item 1",伊泰LS190-ED10配件手册.pdf,A2U220-112012 — 拖运挂钩,A2U220-112012 拖运挂钩 | ED10 Spare Part,Verified part number A2U220-112012: 拖运挂钩 for ED10. Check equipment compatibility and submit an RFQ to qualified mining spare parts suppliers on KuangpeiYun,/part-number/a2u220-112012,Request Quote,/rfq/new?partNumber=A2U220-112012,PUBLISHED_READY,2026-09-18
PN-000470,A2U220-193397,a2u220-193397,Sandvik / EIMCO,Underground LHD,ED10,Structure,销，拖运挂钩安装,,销，拖运挂钩安装,EXPLICIT,VERIFIED,HIGH,"ED10 parts manual page 317, item 2",伊泰LS190-ED10配件手册.pdf,A2U220-193397 — 销，拖运挂钩安装,A2U220-193397 销，拖运挂钩安装 | ED10 Spare Part,Verified part number A2U220-193397: 销，拖运挂钩安装 for ED10. Check equipment compatibility and submit an RFQ to qualified mining spare parts suppliers on Kuangpe,/part-number/a2u220-193397,Request Quote,/rfq/new?partNumber=A2U220-193397,PUBLISHED_READY,2026-09-18
PN-000896,A2U936-191525,a2u936-191525,Sandvik / EIMCO,Underground LHD,ED10,Structure,提升螺杆，拖运销,,提升螺杆，拖运销,EXPLICIT,VERIFIED,HIGH,"ED10 parts manual page 317, item 3",伊泰LS190-ED10配件手册.pdf,A2U936-191525 — 提升螺杆，拖运销,A2U936-191525 提升螺杆，拖运销 | ED10 Spare Part,Verified part number A2U936-191525: 提升螺杆，拖运销 for ED10. Check equipment compatibility and submit an RFQ to qualified mining spare parts suppliers on Kuangpe,/part-number/a2u936-191525,Request Quote,/rfq/new?partNumber=A2U936-191525,PUBLISHED_READY,2026-09-18
PN-000474,A2U220-193463,a2u220-193463,Sandvik / EIMCO,Underground LHD,ED10,Structure,销，牵引，ED10,,销，牵引，ED10,EXPLICIT,VERIFIED,HIGH,"ED10 parts manual page 317, item 4",伊泰LS190-ED10配件手册.pdf,A2U220-193463 — 销，牵引，ED10,A2U220-193463 销，牵引，ED10 | ED10 Spare Part,Verified part number A2U220-193463: 销，牵引，ED10 for ED10. Check equipment compatibility and submit an RFQ to qualified mining spare parts suppliers on Kuangp,/part-number/a2u220-193463,Request Quote,/rfq/new?partNumber=A2U220-193463,PUBLISHED_READY,2026-09-18
PN-000149,445402941,445402941,Sandvik / EIMCO,Underground LHD,ED10,Fastener,六角头螺栓,,六角头螺栓,EXPLICIT,VERIFIED,HIGH,"ED10 parts manual page 317, item 8",伊泰LS190-ED10配件手册.pdf,445402941 — 六角头螺栓,445402941 六角头螺栓 | ED10 Spare Part,Verified part number 445402941: 六角头螺栓 for ED10. Check equipment compatibility and submit an RFQ to qualified mining spare parts suppliers on KuangpeiYun.,/part-number/445402941,Request Quote,/rfq/new?partNumber=445402941,PUBLISHED_READY,2026-09-18
PN-001058,C2A7B0863,c2a7b0863,Sandvik / EIMCO,Underground LHD,ED10,Other,锁片,,锁片,EXPLICIT,VERIFIED,HIGH,"ED10 parts manual page 317, item 9",伊泰LS190-ED10配件手册.pdf,C2A7B0863 — 锁片,C2A7B0863 锁片 | ED10 Spare Part,Verified part number C2A7B0863: 锁片 for ED10. Check equipment compatibility and submit an RFQ to qualified mining spare parts suppliers on KuangpeiYun.,/part-number/c2a7b0863,Request Quote,/rfq/new?partNumber=C2A7B0863,PUBLISHED_READY,2026-09-18
PN-001046,C2A4M4649,c2a4m4649,Sandvik / EIMCO,Underground LHD,ED10,Structure,安装板,,安装板,EXPLICIT,VERIFIED,HIGH,"ED10 parts manual page 317, item 12",伊泰LS190-ED10配件手册.pdf,C2A4M4649 — 安装板,C2A4M4649 安装板 | ED10 Spare Part,Verified part number C2A4M4649: 安装板 for ED10. Check equipment compatibility and submit an RFQ to qualified mining spare parts suppliers on KuangpeiYun.,/part-number/c2a4m4649,Request Quote,/rfq/new?partNumber=C2A4M4649,PUBLISHED_READY,2026-09-18
PN-000089,103-04399,103-04399,Sandvik / EIMCO,Underground LHD,ED10,Steering/Brake,制动板,,制动板,EXPLICIT,VERIFIED,HIGH,"ED10 parts manual page 319, item 1",伊泰LS190-ED10配件手册.pdf,103-04399 — 制动板,103-04399 制动板 | ED10 Spare Part,Verified part number 103-04399: 制动板 for ED10. Check equipment compatibility and submit an RFQ to qualified mining spare parts suppliers on KuangpeiYun.,/part-number/103-04399,Request Quote,/rfq/new?partNumber=103-04399,PUBLISHED_READY,2026-09-18
PN-000346,911-33018,911-33018,Sandvik / EIMCO,Underground LHD,ED10,Hydraulic,阀块安装,,阀块安装,EXPLICIT,VERIFIED,HIGH,"ED10 parts manual page 319, item 2",伊泰LS190-ED10配件手册.pdf,911-33018 — 阀块安装,911-33018 阀块安装 | ED10 Spare Part,Verified part number 911-33018: 阀块安装 for ED10. Check equipment compatibility and submit an RFQ to qualified mining spare parts suppliers on KuangpeiYun.,/part-number/911-33018,Request Quote,/rfq/new?partNumber=911-33018,PUBLISHED_READY,2026-09-18
PN-001839,LPA17,lpa17,Sandvik / EIMCO,Underground LHD,ED10,Other,连接杆,,连接杆,EXPLICIT,VERIFIED,HIGH,"ED10 parts manual page 319, item 4",伊泰LS190-ED10配件手册.pdf,LPA17 — 连接杆,LPA17 连接杆 | ED10 Spare Part,Verified part number LPA17: 连接杆 for ED10. Check equipment compatibility and submit an RFQ to qualified mining spare parts suppliers on KuangpeiYun.,/part-number/lpa17,Request Quote,/rfq/new?partNumber=LPA17,PUBLISHED_READY,2026-09-18
PN-001550,D17-814,d17-814,Sandvik / EIMCO,Underground LHD,ED10,Hose/Fitting,弯头,,弯头,EXPLICIT,VERIFIED,HIGH,"ED10 parts manual page 319, item 5",伊泰LS190-ED10配件手册.pdf,D17-814 — 弯头,D17-814 弯头 | ED10 Spare Part,Verified part number D17-814: 弯头 for ED10. Check equipment compatibility and submit an RFQ to qualified mining spare parts suppliers on KuangpeiYun.,/part-number/d17-814,Request Quote,/rfq/new?partNumber=D17-814,PUBLISHED_READY,2026-09-18
PN-000373,A2U130-193340,a2u130-193340,Sandvik / EIMCO,Underground LHD,ED10,Structure,销钉,,销钉,EXPLICIT,VERIFIED,HIGH,"ED10 parts manual page 319, item 8",伊泰LS190-ED10配件手册.pdf,A2U130-193340 — 销钉,A2U130-193340 销钉 | ED10 Spare Part,Verified part number A2U130-193340: 销钉 for ED10. Check equipment compatibility and submit an RFQ to qualified mining spare parts suppliers on KuangpeiYun.,/part-number/a2u130-193340,Request Quote,/rfq/new?partNumber=A2U130-193340,PUBLISHED_READY,2026-09-18
PN-001854,S2724,s2724,Sandvik / EIMCO,Underground LHD,ED10,Other,O形圈,,O形圈,EXPLICIT,VERIFIED,HIGH,"ED10 parts manual page 319, item 10",伊泰LS190-ED10配件手册.pdf,S2724 — O形圈,S2724 O形圈 | ED10 Spare Part,Verified part number S2724: O形圈 for ED10. Check equipment compatibility and submit an RFQ to qualified mining spare parts suppliers on KuangpeiYun.,/part-number/s2724,Request Quote,/rfq/new?partNumber=S2724,PUBLISHED_READY,2026-09-18
PN-001873,T6GG28,t6gg28,Sandvik / EIMCO,Underground LHD,ED10,Fastener,螺钉,,螺钉,EXPLICIT,VERIFIED,HIGH,"ED10 parts manual page 319, item 11",伊泰LS190-ED10配件手册.pdf,T6GG28 — 螺钉,T6GG28 螺钉 | ED10 Spare Part,Verified part number T6GG28: 螺钉 for ED10. Check equipment compatibility and submit an RFQ to qualified mining spare parts suppliers on KuangpeiYun.,/part-number/t6gg28,Request Quote,/rfq/new?partNumber=T6GG28,PUBLISHED_READY,2026-09-18
PN-000041,A2U900-472061,a2u900-472061,Sandvik / EIMCO,Underground LHD,ED10,Steering/Brake,Brake Accumulator Pressure Gauge,"ACCUM BRAKE PRESSURE GAUGE | GAUGE PRESSURE BRAKE ACC | GAUGE, HYDRAULIC",累积制动压力表,EXPLICIT,VERIFIED,HIGH,ED10 hydraulic schematic explicitly labels A2U900-472061 as BRAKE ACC. GAUGE; historical LS190 PO/RFQs call it ACCUM BRAKE PRESSURE GAUGE / GAUGE PRESSURE BRAKE ACC.,LS 190-PO.xlsx | LS_190_-REQUIREMENT20260107.xlsx | SANDVIK LS 190-312 PARTS20260228.xlsx | SANDVIK LS190-B2285 SPARE PARTS LIST_Mining India_24.03.2026.xlsx | 山特维克ls190-20260806.xlsx,A2U900-472061 — Brake Accumulator Pressure Gauge,A2U900-472061 Brake Accumulator Pressure Gauge | ED10 Spare ,Verified part number A2U900-472061: Brake Accumulator Pressure Gauge for ED10. Check equipment compatibility and submit an RFQ to qualified mining spare pa,/part-number/a2u900-472061,Request Quote,/rfq/new?partNumber=A2U900-472061,PUBLISHED_READY,2026-09-18
PN-000933,BD00005741,bd00005741,Sandvik / EIMCO,Underground LHD,LS190,Transmission/Driveline,TRANSMISSION OIL TEMP GAUGE (0-120DEG C),TRANSMISSION OIL TEMP GAUGE (0-120DEG C) | TRANSMISSION OIL TELP GAUGE | Transmission Oil Temp. Gauge,变速箱油温表,EXPLICIT,VERIFIED,HIGH,V2.2: 5 independent historical files; repeated description 'TRANSMISSION OIL TEMP GAUGE 0 120DEG C'; at least one PO explicitly requires fitment to Sandvik LS190.,LS 190-PO.xlsx | LS_190_-REQUIREMENT20260107.xlsx | SANDVIK LS 190-312 PARTS20260228.xlsx | SANDVIK LS190-B2285 SPARE PARTS LIST_Mining India_24.03.2026.xlsx | 山特维克ls190-20260806.xlsx,BD00005741 — TRANSMISSION OIL TEMP GAUGE (0-120DEG C),BD00005741 TRANSMISSION OIL TEMP GAUGE (0-120DEG C) | LS190 ,Verified part number BD00005741: TRANSMISSION OIL TEMP GAUGE (0-120DEG C) for LS190. Check equipment compatibility and submit an RFQ to qualified mining sp,/part-number/bd00005741,Request Quote,/rfq/new?partNumber=BD00005741,PUBLISHED_READY,2026-09-18
PN-000901,A2U936-594165,a2u936-594165,Sandvik / EIMCO,Underground LHD,ED10,Hydraulic,手动阀4/2,,手动阀4/2,EXPLICIT,VERIFIED,HIGH,"山特维克ls190-20260806.xlsx, Sheet1, row 14; ED10 manual exact PN match found during V2.1 AI second-pass review.",山特维克ls190-20260806.xlsx,A2U936-594165 — 手动阀4/2,A2U936-594165 手动阀4/2 | ED10 Spare Part,Verified part number A2U936-594165: 手动阀4/2 for ED10. Check equipment compatibility and submit an RFQ to qualified mining spare parts suppliers on KuangpeiY,/part-number/a2u936-594165,Request Quote,/rfq/new?partNumber=A2U936-594165,PUBLISHED_READY,2026-09-18
PN-000348,912-63008,912-63008,Sandvik / EIMCO,Underground LHD,ED10,Hydraulic,HORN VALVE,HORN VALVE,喇叭阀组件\QDC,EXPLICIT,VERIFIED,HIGH,"山特维克ls190-20260806.xlsx, Sheet1, row 16; SANDVIK LS 190-312 PARTS20260228.xlsx, Sheet1, row 157; ED10 manual exact PN match found during V2.1 AI second-pass review.",SANDVIK LS 190-312 PARTS20260228.xlsx | 山特维克ls190-20260806.xlsx,912-63008 — HORN VALVE,912-63008 HORN VALVE | ED10 Spare Part,Verified part number 912-63008: HORN VALVE for ED10. Check equipment compatibility and submit an RFQ to qualified mining spare parts suppliers on KuangpeiY,/part-number/912-63008,Request Quote,/rfq/new?partNumber=912-63008,PUBLISHED_READY,2026-09-18
PN-000012,AFP1009-3,afp1009-3,Sandvik / EIMCO,Underground LHD,ED10,Hydraulic,Start Valve,START VALVE,发动机起动阀,EXPLICIT,VERIFIED,HIGH,"山特维克ls190-20260806.xlsx, Sheet1, row 23; SANDVIK LS 190-312 PARTS20260228.xlsx, Sheet1, row 25; SANDVIK LS190-B2285 SPARE PARTS LIST_Mining India_24.03.2026.xlsx, Sheet1, row 207; ED10 manual exact PN match found during V2.1 AI second-pass review.",SANDVIK LS 190-312 PARTS20260228.xlsx | SANDVIK LS190-B2285 SPARE PARTS LIST_Mining India_24.03.2026.xlsx | 山特维克ls190-20260806.xlsx,AFP1009-3 — Start Valve,AFP1009-3 Start Valve | ED10 Spare Part,Verified part number AFP1009-3: Start Valve for ED10. Check equipment compatibility and submit an RFQ to qualified mining spare parts suppliers on Kuangpei,/part-number/afp1009-3,Request Quote,/rfq/new?partNumber=AFP1009-3,PUBLISHED_READY,2026-09-18
PN-000889,A2U921-694008,a2u921-694008,Sandvik / EIMCO,Underground LHD,ED10,Hydraulic,Relay Valve,Relay Valve,空气继电器阀,EXPLICIT,VERIFIED,HIGH,"山特维克ls190-20260806.xlsx, Sheet1, row 27; SANDVIK LS190-B2285 SPARE PARTS LIST_Mining India_24.03.2026.xlsx, Sheet1, row 265; ED10 manual exact PN match found during V2.1 AI second-pass review.",SANDVIK LS190-B2285 SPARE PARTS LIST_Mining India_24.03.2026.xlsx | 山特维克ls190-20260806.xlsx,A2U921-694008 — Relay Valve,A2U921-694008 Relay Valve | ED10 Spare Part,Verified part number A2U921-694008: Relay Valve for ED10. Check equipment compatibility and submit an RFQ to qualified mining spare parts suppliers on Kuan,/part-number/a2u921-694008,Request Quote,/rfq/new?partNumber=A2U921-694008,PUBLISHED_READY,2026-09-18
PN-000042,BD00024890,bd00024890,Sandvik / EIMCO,Underground LHD,LS190,Electrical,Air Pressure Gauge,AIR PRESSURE GUAGE | AIR PRESSURE GAUGE | Air Pressure Gauge,,EXPLICIT,VERIFIED,HIGH,V2.2: 4 independent historical files; repeated description 'AIR PRESSURE GUAGE'; at least one PO explicitly requires fitment to Sandvik LS190.,LS 190-PO.xlsx | LS_190_-REQUIREMENT20260107.xlsx | SANDVIK LS 190-312 PARTS20260228.xlsx | SANDVIK LS190-B2285 SPARE PARTS LIST_Mining India_24.03.2026.xlsx,BD00024890 — Air Pressure Gauge,BD00024890 Air Pressure Gauge | LS190 Spare Part,Verified part number BD00024890: Air Pressure Gauge for LS190. Check equipment compatibility and submit an RFQ to qualified mining spare parts suppliers on,/part-number/bd00024890,Request Quote,/rfq/new?partNumber=BD00024890,PUBLISHED_READY,2026-09-18
PN-001012,BU00005478,bu00005478,Sandvik / EIMCO,Underground LHD,LS190,Hose/Fitting,TEST HOSE ASSEMBLY 1000LG,TEST HOSE ASSEMBLY 1000LG | TEST HOSE ASSEMBLY 1000LG -,,EXPLICIT,VERIFIED,HIGH,V2.2: 4 independent historical files; repeated description 'TEST HOSE 1000LG'; at least one PO explicitly requires fitment to Sandvik LS190.,LS 190-PO.xlsx | LS_190_-REQUIREMENT20260107.xlsx | Purchase Order-Shanxi.xlsx | SANDVIK LS190-B2285 SPARE PARTS LIST_Mining India_24.03.2026.xlsx,BU00005478 — TEST HOSE ASSEMBLY 1000LG,BU00005478 TEST HOSE ASSEMBLY 1000LG | LS190 Spare Part,Verified part number BU00005478: TEST HOSE ASSEMBLY 1000LG for LS190. Check equipment compatibility and submit an RFQ to qualified mining spare parts suppl,/part-number/bu00005478,Request Quote,/rfq/new?partNumber=BU00005478,PUBLISHED_READY,2026-09-18
PN-001013,BU00005521,bu00005521,Sandvik / EIMCO,Underground LHD,LS190,Hose/Fitting,TEST HOSE ASSEMBLY 1500LG.,TEST HOSE ASSEMBLY 1500LG. | TEST HOSE ASSEMBLY 1500LG,,EXPLICIT,VERIFIED,HIGH,V2.2: 3 independent historical files; repeated description 'TEST HOSE 1500LG'; at least one PO explicitly requires fitment to Sandvik LS190.,LS 190-PO.xlsx | LS_190_-REQUIREMENT20260107.xlsx | SANDVIK LS190-B2285 SPARE PARTS LIST_Mining India_24.03.2026.xlsx,BU00005521 — TEST HOSE ASSEMBLY 1500LG.,BU00005521 TEST HOSE ASSEMBLY 1500LG. | LS190 Spare Part,Verified part number BU00005521: TEST HOSE ASSEMBLY 1500LG. for LS190. Check equipment compatibility and submit an RFQ to qualified mining spare parts supp,/part-number/bu00005521,Request Quote,/rfq/new?partNumber=BU00005521,PUBLISHED_READY,2026-09-18
PN-001015,BU00005523,bu00005523,Sandvik / EIMCO,Underground LHD,LS190,Hose/Fitting,TEST HOSE ASSEMBLY 2750LG,TEST HOSE ASSEMBLY 2750LG | TEST HOSE ASSEMBLY 2750LG.,,EXPLICIT,VERIFIED,HIGH,V2.2: 3 independent historical files; repeated description 'TEST HOSE 2750LG'; at least one PO explicitly requires fitment to Sandvik LS190.,LS 190-PO.xlsx | LS_190_-REQUIREMENT20260107.xlsx | SANDVIK LS190-B2285 SPARE PARTS LIST_Mining India_24.03.2026.xlsx,BU00005523 — TEST HOSE ASSEMBLY 2750LG,BU00005523 TEST HOSE ASSEMBLY 2750LG | LS190 Spare Part,Verified part number BU00005523: TEST HOSE ASSEMBLY 2750LG for LS190. Check equipment compatibility and submit an RFQ to qualified mining spare parts suppl,/part-number/bu00005523,Request Quote,/rfq/new?partNumber=BU00005523,PUBLISHED_READY,2026-09-18
PN-000014,AFP1007-12,afp1007-12,Sandvik / EIMCO,Underground LHD,ED10,Hydraulic,Neutral Start Valve,NEUTRAL START VALVE | DOOR INTERLOCK VALVE,,EXPLICIT,VERIFIED,HIGH,"LS 190-PO.xlsx, Table1, row 16; LS_190_-REQUIREMENT20260107.xlsx, Sheet1, row 15; SANDVIK LS 190-312 PARTS20260228.xlsx, Sheet1, row 28; SANDVIK LS190-B2285 SPARE PARTS LIST_Mining India_24.03.2026.xlsx, Sheet1, row 114; SANDVIK LS190-B2285 SPARE PARTS LIST_Mining India_24.03.2026.xlsx, Sheet1, row 187; ED10 manual exact PN match found during V2.1 AI second-pass review.",LS 190-PO.xlsx | LS_190_-REQUIREMENT20260107.xlsx | SANDVIK LS 190-312 PARTS20260228.xlsx | SANDVIK LS190-B2285 SPARE PARTS LIST_Mining India_24.03.2026.xlsx,AFP1007-12 — Neutral Start Valve,AFP1007-12 Neutral Start Valve | ED10 Spare Part,Verified part number AFP1007-12: Neutral Start Valve for ED10. Check equipment compatibility and submit an RFQ to qualified mining spare parts suppliers on,/part-number/afp1007-12,Request Quote,/rfq/new?partNumber=AFP1007-12,PUBLISHED_READY,2026-09-18
PN-000015,016-63028,016-63028,Sandvik / EIMCO,Underground LHD,LS190,Other,Air Horn Assembly,HORN | AIR HORN ASSY,,EXPLICIT,VERIFIED,HIGH,V2.2: 3 independent historical files; repeated description 'HORN'; at least one PO explicitly requires fitment to Sandvik LS190.,LS 190-PO.xlsx | LS_190_-REQUIREMENT20260107.xlsx | SANDVIK LS 190-312 PARTS20260228.xlsx,016-63028 — Air Horn Assembly,016-63028 Air Horn Assembly | LS190 Spare Part,Verified part number 016-63028: Air Horn Assembly for LS190. Check equipment compatibility and submit an RFQ to qualified mining spare parts suppliers on K,/part-number/016-63028,Request Quote,/rfq/new?partNumber=016-63028,PUBLISHED_READY,2026-09-18
PN-000765,A2U900-490053,a2u900-490053,Sandvik / EIMCO,Underground LHD,LS190,Other,"HEX SOC PHCS, M6X1X12MM LG","HEX SOC PHCS, M6X1X12MM LG",,EXPLICIT,VERIFIED,HIGH,V2.2: 2 independent historical files; repeated description 'HEX SOC PHCS M6X1X12MM LG'; at least one PO explicitly requires fitment to Sandvik LS190.,LS 190-PO.xlsx | LS_190_-REQUIREMENT20260107.xlsx,"A2U900-490053 — HEX SOC PHCS, M6X1X12MM LG","A2U900-490053 HEX SOC PHCS, M6X1X12MM LG | LS190 Spare Part","Verified part number A2U900-490053: HEX SOC PHCS, M6X1X12MM LG for LS190. Check equipment compatibility and submit an RFQ to qualified mining spare parts s",/part-number/a2u900-490053,Request Quote,/rfq/new?partNumber=A2U900-490053,PUBLISHED_READY,2026-09-18
PN-001032,BU00016457,bu00016457,Sandvik / EIMCO,Underground LHD,LS190,Hydraulic,CONTROL VALVE PCL4,CONTROL VALVE PCL4,,EXPLICIT,VERIFIED,HIGH,V2.2: 2 independent historical files; repeated description 'CONTROL VALVE PCL4'; at least one PO explicitly requires fitment to Sandvik LS190.,LS 190-PO.xlsx | LS_190_-REQUIREMENT20260107.xlsx,BU00016457 — CONTROL VALVE PCL4,BU00016457 CONTROL VALVE PCL4 | LS190 Spare Part,Verified part number BU00016457: CONTROL VALVE PCL4 for LS190. Check equipment compatibility and submit an RFQ to qualified mining spare parts suppliers on,/part-number/bu00016457,Request Quote,/rfq/new?partNumber=BU00016457,PUBLISHED_READY,2026-09-18
PN-000964,BD00024891,bd00024891,Sandvik / EIMCO,Underground LHD,LS190,Steering/Brake,BRAKE PRESSURE GAUGE,"BRAKE PRESSURE GAUGE | PRESSURE GAUGE, BRAKE",,EXPLICIT,VERIFIED,HIGH,V2.2: 3 independent historical files; repeated description 'BRAKE PRESSURE GAUGE'; at least one PO explicitly requires fitment to Sandvik LS190.,LS 190-PO.xlsx | LS_190_-REQUIREMENT20260107.xlsx | SANDVIK LS 190-312 PARTS20260228.xlsx,BD00024891 — BRAKE PRESSURE GAUGE,BD00024891 BRAKE PRESSURE GAUGE | LS190 Spare Part,Verified part number BD00024891: BRAKE PRESSURE GAUGE for LS190. Check equipment compatibility and submit an RFQ to qualified mining spare parts suppliers ,/part-number/bd00024891,Request Quote,/rfq/new?partNumber=BD00024891,PUBLISHED_READY,2026-09-18
PN-000052,A2U900-521064,a2u900-521064,Sandvik / EIMCO,Underground LHD,LS190,Hydraulic,Bent-Axis Motor,HYDRAULIC MOTOR | MOTOR - BENT AXIS,,EXPLICIT,VERIFIED,HIGH,V2.2: 4 independent historical files; repeated description 'HYDRAULIC MOTOR'; at least one PO explicitly requires fitment to Sandvik LS190.,LS 190-PO.xlsx | LS_190_-REQUIREMENT20260107.xlsx | SANDVIK LS 190-312 PARTS20260228.xlsx | SANDVIK LS190-B2285 SPARE PARTS LIST_Mining India_24.03.2026.xlsx,A2U900-521064 — Bent-Axis Motor,A2U900-521064 Bent-Axis Motor | LS190 Spare Part,Verified part number A2U900-521064: Bent-Axis Motor for LS190. Check equipment compatibility and submit an RFQ to qualified mining spare parts suppliers on,/part-number/a2u900-521064,Request Quote,/rfq/new?partNumber=A2U900-521064,PUBLISHED_READY,2026-09-18
PN-000813,A2U900-596148,a2u900-596148,Sandvik / EIMCO,Underground LHD,LS190,Hose/Fitting,"QUICK COUPLING+SOCKET & PLUG,1/2""BSP-F","QUICK COUPLING+SOCKET & PLUG,1/2""BSP-F | COUPLING, FEMALE | COUPLING, FEMALE 1/2"" BSPP Female | COUPLING, FEMALE 1/2"" BSPP -",,EXPLICIT,VERIFIED,HIGH,V2.2: 3 independent historical files; repeated description 'COUPLING FEMALE'; at least one PO explicitly requires fitment to Sandvik LS190.,LS_190_-REQUIREMENT20260107.xlsx | Purchase Order-Shanxi.xlsx | SANDVIK LS190-B2285 SPARE PARTS LIST_Mining India_24.03.2026.xlsx,"A2U900-596148 — QUICK COUPLING+SOCKET & PLUG,1/2""BSP-F","A2U900-596148 QUICK COUPLING+SOCKET & PLUG,1/2""BSP-F | LS190","Verified part number A2U900-596148: QUICK COUPLING+SOCKET & PLUG,1/2""BSP-F for LS190. Check equipment compatibility and submit an RFQ to qualified mining s",/part-number/a2u900-596148,Request Quote,/rfq/new?partNumber=A2U900-596148,PUBLISHED_READY,2026-09-18
PN-000805,A2U900-594589,a2u900-594589,Sandvik / EIMCO,Underground LHD,ED10,Hydraulic,"VALVE, SPOOL, DIRECTIONAL","VALVE, SPOOL, DIRECTIONAL | VALVE DIRECTIONAL",,EXPLICIT,VERIFIED,HIGH,"LS_190_-REQUIREMENT20260107.xlsx, Sheet1, row 37; SANDVIK LS 190-312 PARTS20260228.xlsx, Sheet1, row 8; ED10 manual exact PN match found during V2.1 AI second-pass review.",LS_190_-REQUIREMENT20260107.xlsx | SANDVIK LS 190-312 PARTS20260228.xlsx,"A2U900-594589 — VALVE, SPOOL, DIRECTIONAL","A2U900-594589 VALVE, SPOOL, DIRECTIONAL | ED10 Spare Part","Verified part number A2U900-594589: VALVE, SPOOL, DIRECTIONAL for ED10. Check equipment compatibility and submit an RFQ to qualified mining spare parts sup",/part-number/a2u900-594589,Request Quote,/rfq/new?partNumber=A2U900-594589,PUBLISHED_READY,2026-09-18
PN-000580,A2U220-267122,a2u220-267122,Sandvik / EIMCO,Underground LHD,ED10,Fastener,"Fan, Sucker, Ø800 × 9 Blade","U-BOLT CLAMP | FAN,SUCKER,DIA 800 X 9 BLADE",,EXPLICIT,VERIFIED,HIGH,V2.2 resolved: uploaded ED10 manual radiator/fan drive assembly identifies A2U220-267122 as FAN SUCKER DIA 800 x 9 BLADE; independent AGA catalog and mining tenders also identify it as fan assembly/sucker fan.,LS_190_-REQUIREMENT20260107.xlsx | SANDVIK LS 190-312 PARTS20260228.xlsx,"A2U220-267122 — Fan, Sucker, Ø800 × 9 Blade","A2U220-267122 Fan, Sucker, Ø800 × 9 Blade | ED10 Spare Part","Verified part number A2U220-267122: Fan, Sucker, Ø800 × 9 Blade for ED10. Check equipment compatibility and submit an RFQ to qualified mining spare parts s",/part-number/a2u220-267122,Request Quote,/rfq/new?partNumber=A2U220-267122,PUBLISHED_READY,2026-09-18
PN-000006,A2U900-694062,a2u900-694062,Sandvik / EIMCO,Underground LHD,ED10,Hydraulic,"Safety Valve, 150 PSI","VALVE SAFETY 150 PSI | VALVE, SAFETY RELIEF",,EXPLICIT,VERIFIED,HIGH,"SANDVIK LS 190-312 PARTS20260228.xlsx, Sheet1, row 14; SANDVIK LS190-B2285 SPARE PARTS LIST_Mining India_24.03.2026.xlsx, Sheet1, row 44; ED10 manual exact PN match found during V2.1 AI second-pass review.",SANDVIK LS 190-312 PARTS20260228.xlsx | SANDVIK LS190-B2285 SPARE PARTS LIST_Mining India_24.03.2026.xlsx,"A2U900-694062 — Safety Valve, 150 PSI","A2U900-694062 Safety Valve, 150 PSI | ED10 Spare Part","Verified part number A2U900-694062: Safety Valve, 150 PSI for ED10. Check equipment compatibility and submit an RFQ to qualified mining spare parts supplie",/part-number/a2u900-694062,Request Quote,/rfq/new?partNumber=A2U900-694062,PUBLISHED_READY,2026-09-18
PN-000904,A2U936-694025,a2u936-694025,Sandvik / EIMCO,Underground LHD,ED10,Hydraulic,GOVERNOR VALVE,GOVERNOR VALVE,,EXPLICIT,VERIFIED,HIGH,"SANDVIK LS 190-312 PARTS20260228.xlsx, Sheet1, row 18; SANDVIK LS190-B2285 SPARE PARTS LIST_Mining India_24.03.2026.xlsx, Sheet1, row 268; ED10 manual exact PN match found during V2.1 AI second-pass review.",SANDVIK LS 190-312 PARTS20260228.xlsx | SANDVIK LS190-B2285 SPARE PARTS LIST_Mining India_24.03.2026.xlsx,A2U936-694025 — GOVERNOR VALVE,A2U936-694025 GOVERNOR VALVE | ED10 Spare Part,Verified part number A2U936-694025: GOVERNOR VALVE for ED10. Check equipment compatibility and submit an RFQ to qualified mining spare parts suppliers on K,/part-number/a2u936-694025,Request Quote,/rfq/new?partNumber=A2U936-694025,PUBLISHED_READY,2026-09-18
PN-000009,A2U936-694027,a2u936-694027,Sandvik / EIMCO,Underground LHD,ED10,Hydraulic,Relief Valve,RELIEF VALVE,,EXPLICIT,VERIFIED,HIGH,"SANDVIK LS 190-312 PARTS20260228.xlsx, Sheet1, row 22; ED10 manual exact PN match found during V2.1 AI second-pass review.",SANDVIK LS 190-312 PARTS20260228.xlsx,A2U936-694027 — Relief Valve,A2U936-694027 Relief Valve | ED10 Spare Part,Verified part number A2U936-694027: Relief Valve for ED10. Check equipment compatibility and submit an RFQ to qualified mining spare parts suppliers on Kua,/part-number/a2u936-694027,Request Quote,/rfq/new?partNumber=A2U936-694027,PUBLISHED_READY,2026-09-18
PN-000010,A2U900-694059,a2u900-694059,Sandvik / EIMCO,Underground LHD,LS190,Other,"Air Regulator, 0–10 PSI",REGULATOR AIR 0-10 PSI | Pressure Regulator - Adjustable | PRESSURE REGULATOR ADJUSTABLE -,,EXPLICIT,VERIFIED,HIGH,V2.2: 3 independent historical files; repeated description 'PRESSURE REGULATOR ADJUSTABLE'; at least one PO explicitly requires fitment to Sandvik LS190.,Purchase Order-Shanxi.xlsx | SANDVIK LS 190-312 PARTS20260228.xlsx | SANDVIK LS190-B2285 SPARE PARTS LIST_Mining India_24.03.2026.xlsx,"A2U900-694059 — Air Regulator, 0–10 PSI","A2U900-694059 Air Regulator, 0–10 PSI | LS190 Spare Part","Verified part number A2U900-694059: Air Regulator, 0–10 PSI for LS190. Check equipment compatibility and submit an RFQ to qualified mining spare parts supp",/part-number/a2u900-694059,Request Quote,/rfq/new?partNumber=A2U900-694059,PUBLISHED_READY,2026-09-18
PN-000016,A2U913-651005,a2u913-651005,Sandvik / EIMCO,Underground LHD,,Hydraulic,Start Pump Cylinder,START PUMP CYLINDER,,NOT_EXPLICIT,VERIFIED,LOW,"SANDVIK LS 190-312 PARTS20260228.xlsx, Sheet1, row 32",SANDVIK LS 190-312 PARTS20260228.xlsx,A2U913-651005 — Start Pump Cylinder,A2U913-651005 Start Pump Cylinder | Mining Spare Part,Verified part number A2U913-651005: Start Pump Cylinder. Check equipment compatibility and submit an RFQ to qualified mining spare parts suppliers on Kuang,/part-number/a2u913-651005,Request Quote,/rfq/new?partNumber=A2U913-651005,PUBLISHED_READY,2026-09-18
PN-000035,A2U130-694057,a2u130-694057,Sandvik / EIMCO,Underground LHD,ED10,Hydraulic,3-Way Ball Valve — Coolant Loss Test,3 WAY BALL VALVE 1/4 NPT | COOLANT LOSS TEST | COOLANT LOSS TEST -,,EXPLICIT,VERIFIED,HIGH,"ED10 pneumatic schematic places A2U130-694057 at COOLANT LOSS TEST; RFQ calls it 3 WAY BALL VALVE 1/4 NPT. These describe component type + circuit function, not a substantive contradiction.",Purchase Order-Shanxi.xlsx | SANDVIK LS 190-312 PARTS20260228.xlsx | SANDVIK LS190-B2285 SPARE PARTS LIST_Mining India_24.03.2026.xlsx,A2U130-694057 — 3-Way Ball Valve — Coolant Loss Test,A2U130-694057 3-Way Ball Valve — Coolant Loss Test | ED10 Sp,Verified part number A2U130-694057: 3-Way Ball Valve — Coolant Loss Test for ED10. Check equipment compatibility and submit an RFQ to qualified mining spar,/part-number/a2u130-694057,Request Quote,/rfq/new?partNumber=A2U130-694057,PUBLISHED_READY,2026-09-18
PN-000036,A2U913-694007,a2u913-694007,Sandvik / EIMCO,Underground LHD,ED10,Hydraulic,Coolant Loss Valve,VALVE COOLANT LOSS | COOLANT LOSS | COOLANT LOSS -,,EXPLICIT,VERIFIED,HIGH,"SANDVIK LS 190-312 PARTS20260228.xlsx, Sheet1, row 77; SANDVIK LS190-B2285 SPARE PARTS LIST_Mining India_24.03.2026.xlsx, Sheet1, row 237; Purchase Order-Shanxi.xlsx, Sheet1, row 61; ED10 manual exact PN match found during V2.1 AI second-pass review.",Purchase Order-Shanxi.xlsx | SANDVIK LS 190-312 PARTS20260228.xlsx | SANDVIK LS190-B2285 SPARE PARTS LIST_Mining India_24.03.2026.xlsx,A2U913-694007 — Coolant Loss Valve,A2U913-694007 Coolant Loss Valve | ED10 Spare Part,Verified part number A2U913-694007: Coolant Loss Valve for ED10. Check equipment compatibility and submit an RFQ to qualified mining spare parts suppliers ,/part-number/a2u913-694007,Request Quote,/rfq/new?partNumber=A2U913-694007,PUBLISHED_READY,2026-09-18
PN-000038,A2U220-193386,a2u220-193386,Sandvik / EIMCO,Underground LHD,,Structure,"Pin, Bolster",PIN BOLSTER 220 LHD,,NOT_EXPLICIT,VERIFIED,LOW,"SANDVIK LS 190-312 PARTS20260228.xlsx, Sheet1, row 82",SANDVIK LS 190-312 PARTS20260228.xlsx,"A2U220-193386 — Pin, Bolster","A2U220-193386 Pin, Bolster | Mining Spare Part","Verified part number A2U220-193386: Pin, Bolster. Check equipment compatibility and submit an RFQ to qualified mining spare parts suppliers on KuangpeiYun.",/part-number/a2u220-193386,Request Quote,/rfq/new?partNumber=A2U220-193386,PUBLISHED_READY,2026-09-18
PN-000040,A2U900-472060,a2u900-472060,Sandvik / EIMCO,Underground LHD,,Steering/Brake,Brake Head Pressure Gauge,"BRAKE HEAD PRESSURE GAUGE | HEAD BRAKE PRESS, GAUGE",,NOT_EXPLICIT,VERIFIED,MEDIUM,"SANDVIK LS 190-312 PARTS20260228.xlsx, Sheet1, row 84; SANDVIK LS190-B2285 SPARE PARTS LIST_Mining India_24.03.2026.xlsx, Sheet1, row 200",SANDVIK LS 190-312 PARTS20260228.xlsx | SANDVIK LS190-B2285 SPARE PARTS LIST_Mining India_24.03.2026.xlsx,A2U900-472060 — Brake Head Pressure Gauge,A2U900-472060 Brake Head Pressure Gauge | Mining Spare Part,Verified part number A2U900-472060: Brake Head Pressure Gauge. Check equipment compatibility and submit an RFQ to qualified mining spare parts suppliers on,/part-number/a2u900-472060,Request Quote,/rfq/new?partNumber=A2U900-472060,PUBLISHED_READY,2026-09-18
PN-000045,A2U900-472057,a2u900-472057,Sandvik / EIMCO,Underground LHD,LS190,Engine,Engine Oil Pressure Gauge,GAUGE PRESSURE ENGINE OIL | ENGINE PRESSURE GAUGE | ENGINE OIL PRESSURE GAUGE -,,EXPLICIT,VERIFIED,MEDIUM,"SANDVIK LS 190-312 PARTS20260228.xlsx, Sheet1, row 90; SANDVIK LS190-B2285 SPARE PARTS LIST_Mining India_24.03.2026.xlsx, Sheet1, row 150; Purchase Order-Shanxi.xlsx, Sheet1, row 62",Purchase Order-Shanxi.xlsx | SANDVIK LS 190-312 PARTS20260228.xlsx | SANDVIK LS190-B2285 SPARE PARTS LIST_Mining India_24.03.2026.xlsx,A2U900-472057 — Engine Oil Pressure Gauge,A2U900-472057 Engine Oil Pressure Gauge | LS190 Spare Part,Verified part number A2U900-472057: Engine Oil Pressure Gauge for LS190. Check equipment compatibility and submit an RFQ to qualified mining spare parts su,/part-number/a2u900-472057,Request Quote,/rfq/new?partNumber=A2U900-472057,PUBLISHED_READY,2026-09-18
PN-000046,A2U900-472055,a2u900-472055,Sandvik / EIMCO,Underground LHD,,Engine,Engine Coolant Temperature Gauge,GAUGE TEMPERATURE ENGINE COOLANT | ENGINE TEMPERATURE GAUGE,,NOT_EXPLICIT,VERIFIED,MEDIUM,"SANDVIK LS 190-312 PARTS20260228.xlsx, Sheet1, row 91; SANDVIK LS190-B2285 SPARE PARTS LIST_Mining India_24.03.2026.xlsx, Sheet1, row 199",SANDVIK LS 190-312 PARTS20260228.xlsx | SANDVIK LS190-B2285 SPARE PARTS LIST_Mining India_24.03.2026.xlsx,A2U900-472055 — Engine Coolant Temperature Gauge,A2U900-472055 Engine Coolant Temperature Gauge | Mining Spar,Verified part number A2U900-472055: Engine Coolant Temperature Gauge. Check equipment compatibility and submit an RFQ to qualified mining spare parts suppl,/part-number/a2u900-472055,Request Quote,/rfq/new?partNumber=A2U900-472055,PUBLISHED_READY,2026-09-18
PN-000051,A2U900-472047,a2u900-472047,Sandvik / EIMCO,Underground LHD,ED10,Electrical,"Pressure Gauge, 0–1.6 bar (0–23 PSI), 40 mm","GAUGE 0-1.6 BAR (0-23 PSI) 40MM | Gauge | PRESSURE GAUGE,NORGEN-18-015-010 -",,EXPLICIT,VERIFIED,HIGH,"SANDVIK LS 190-312 PARTS20260228.xlsx, Sheet1, row 110; SANDVIK LS190-B2285 SPARE PARTS LIST_Mining India_24.03.2026.xlsx, Sheet1, row 113; Purchase Order-Shanxi.xlsx, Sheet1, row 24; ED10 manual exact PN match found during V2.1 AI second-pass review.",Purchase Order-Shanxi.xlsx | SANDVIK LS 190-312 PARTS20260228.xlsx | SANDVIK LS190-B2285 SPARE PARTS LIST_Mining India_24.03.2026.xlsx,"A2U900-472047 — Pressure Gauge, 0–1.6 bar (0–23 PSI), 40 mm","A2U900-472047 Pressure Gauge, 0–1.6 bar (0–23 PSI), 40 mm | ","Verified part number A2U900-472047: Pressure Gauge, 0–1.6 bar (0–23 PSI), 40 mm for ED10. Check equipment compatibility and submit an RFQ to qualified mini",/part-number/a2u900-472047,Request Quote,/rfq/new?partNumber=A2U900-472047,PUBLISHED_READY,2026-09-18
PN-000054,A2U913-694052,a2u913-694052,Sandvik / EIMCO,Underground LHD,ED10,Hydraulic,Pilot Valve,PILOT VALVE | PILOT VALVE-Air,,EXPLICIT,VERIFIED,HIGH,"SANDVIK LS 190-312 PARTS20260228.xlsx, Sheet1, row 114; SANDVIK LS190-B2285 SPARE PARTS LIST_Mining India_24.03.2026.xlsx, Sheet1, row 463; SANDVIK LS190-B2285 SPARE PARTS LIST_Mining India_24.03.2026.xlsx, Sheet1, row 479; ED10 manual exact PN match found during V2.1 AI second-pass review.",SANDVIK LS 190-312 PARTS20260228.xlsx | SANDVIK LS190-B2285 SPARE PARTS LIST_Mining India_24.03.2026.xlsx,A2U913-694052 — Pilot Valve,A2U913-694052 Pilot Valve | ED10 Spare Part,Verified part number A2U913-694052: Pilot Valve for ED10. Check equipment compatibility and submit an RFQ to qualified mining spare parts suppliers on Kuan,/part-number/a2u913-694052,Request Quote,/rfq/new?partNumber=A2U913-694052,PUBLISHED_READY,2026-09-18
PN-001018,BU00008111,bu00008111,Sandvik / EIMCO,Underground LHD,LS190,Filter,"BREATHER 3/4"" FILTERED","BREATHER 3/4"" FILTERED | BREATHER 3/4"""" FILTERED | BREATHER 3/4"""" FILTERED -",,EXPLICIT,VERIFIED,HIGH,V2.2: 3 independent historical files; repeated description 'BREATHER 3 4 FILTERED'; at least one PO explicitly requires fitment to Sandvik LS190.,Purchase Order-Shanxi.xlsx | SANDVIK LS 190-312 PARTS20260228.xlsx | SANDVIK LS190-B2285 SPARE PARTS LIST_Mining India_24.03.2026.xlsx,"BU00008111 — BREATHER 3/4"" FILTERED","BU00008111 BREATHER 3/4"" FILTERED | LS190 Spare Part","Verified part number BU00008111: BREATHER 3/4"" FILTERED for LS190. Check equipment compatibility and submit an RFQ to qualified mining spare parts supplier",/part-number/bu00008111,Request Quote,/rfq/new?partNumber=BU00008111,PUBLISHED_READY,2026-09-18
PN-000063,A2U936-694048,a2u936-694048,Sandvik / EIMCO,Underground LHD,ED10,Hydraulic,3-Way Ball Valve,"THREE WAY BALL VALVE | Delta - 1/2"" 3-Way Ball Valve",,EXPLICIT,VERIFIED,HIGH,"SANDVIK LS 190-312 PARTS20260228.xlsx, Sheet1, row 138; SANDVIK LS190-B2285 SPARE PARTS LIST_Mining India_24.03.2026.xlsx, Sheet1, row 46; ED10 manual exact PN match found during V2.1 AI second-pass review.",SANDVIK LS 190-312 PARTS20260228.xlsx | SANDVIK LS190-B2285 SPARE PARTS LIST_Mining India_24.03.2026.xlsx,A2U936-694048 — 3-Way Ball Valve,A2U936-694048 3-Way Ball Valve | ED10 Spare Part,Verified part number A2U936-694048: 3-Way Ball Valve for ED10. Check equipment compatibility and submit an RFQ to qualified mining spare parts suppliers on,/part-number/a2u936-694048,Request Quote,/rfq/new?partNumber=A2U936-694048,PUBLISHED_READY,2026-09-18
PN-000351,918-2978402,918-2978402,Sandvik / EIMCO,Underground LHD,ED10,Steering/Brake,BRAKE CHECK VALVE,BRAKE CHECK VALVE | CHECK VALVE | CHECK VALVE (1),,EXPLICIT,VERIFIED,HIGH,"SANDVIK LS 190-312 PARTS20260228.xlsx, Sheet1, row 140; SANDVIK LS190-B2285 SPARE PARTS LIST_Mining India_24.03.2026.xlsx, Sheet1, row 112; SANDVIK LS190-B2285 SPARE PARTS LIST_Mining India_24.03.2026.xlsx, Sheet1, row 172; ED10 manual exact PN match found during V2.1 AI second-pass review.",SANDVIK LS 190-312 PARTS20260228.xlsx | SANDVIK LS190-B2285 SPARE PARTS LIST_Mining India_24.03.2026.xlsx,918-2978402 — BRAKE CHECK VALVE,918-2978402 BRAKE CHECK VALVE | ED10 Spare Part,Verified part number 918-2978402: BRAKE CHECK VALVE for ED10. Check equipment compatibility and submit an RFQ to qualified mining spare parts suppliers on ,/part-number/918-2978402,Request Quote,/rfq/new?partNumber=918-2978402,PUBLISHED_READY,2026-09-18
PN-000067,016-63012,016-63012,Sandvik / EIMCO,Underground LHD,ED10,Hydraulic,CHECK VALVE RB,"CHECK VALVE RB | CHECK VALVE 3/8"" NPT M/F",,EXPLICIT,VERIFIED,HIGH,"SANDVIK LS 190-312 PARTS20260228.xlsx, Sheet1, row 142; SANDVIK LS190-B2285 SPARE PARTS LIST_Mining India_24.03.2026.xlsx, Sheet1, row 466; ED10 manual exact PN match found during V2.1 AI second-pass review.",SANDVIK LS 190-312 PARTS20260228.xlsx | SANDVIK LS190-B2285 SPARE PARTS LIST_Mining India_24.03.2026.xlsx,016-63012 — CHECK VALVE RB,016-63012 CHECK VALVE RB | ED10 Spare Part,Verified part number 016-63012: CHECK VALVE RB for ED10. Check equipment compatibility and submit an RFQ to qualified mining spare parts suppliers on Kuang,/part-number/016-63012,Request Quote,/rfq/new?partNumber=016-63012,PUBLISHED_READY,2026-09-18
PN-000788,A2U900-592080,a2u900-592080,Sandvik / EIMCO,Underground LHD,ED10,Electrical,GAUGE-PRESSURE 25 PSI,"GAUGE-PRESSURE 25 PSI | GAUGE, PRESSURE 25 PSI -",,EXPLICIT,VERIFIED,HIGH,"SANDVIK LS190-B2285 SPARE PARTS LIST_Mining India_24.03.2026.xlsx, Sheet1, row 37; Purchase Order-Shanxi.xlsx, Sheet1, row 15; ED10 manual exact PN match found during V2.1 AI second-pass review.",Purchase Order-Shanxi.xlsx | SANDVIK LS190-B2285 SPARE PARTS LIST_Mining India_24.03.2026.xlsx,A2U900-592080 — GAUGE-PRESSURE 25 PSI,A2U900-592080 GAUGE-PRESSURE 25 PSI | ED10 Spare Part,Verified part number A2U900-592080: GAUGE-PRESSURE 25 PSI for ED10. Check equipment compatibility and submit an RFQ to qualified mining spare parts supplie,/part-number/a2u900-592080,Request Quote,/rfq/new?partNumber=A2U900-592080,PUBLISHED_READY,2026-09-18
PN-000832,A2U900-694095,a2u900-694095,Sandvik / EIMCO,Underground LHD,ED10,Engine,FUEL BALL VALVE LOCKABLE,FUEL BALL VALVE LOCKABLE,,EXPLICIT,VERIFIED,HIGH,"SANDVIK LS190-B2285 SPARE PARTS LIST_Mining India_24.03.2026.xlsx, Sheet1, row 45; ED10 manual exact PN match found during V2.1 AI second-pass review.",SANDVIK LS190-B2285 SPARE PARTS LIST_Mining India_24.03.2026.xlsx,A2U900-694095 — FUEL BALL VALVE LOCKABLE,A2U900-694095 FUEL BALL VALVE LOCKABLE | ED10 Spare Part,Verified part number A2U900-694095: FUEL BALL VALVE LOCKABLE for ED10. Check equipment compatibility and submit an RFQ to qualified mining spare parts supp,/part-number/a2u900-694095,Request Quote,/rfq/new?partNumber=A2U900-694095,PUBLISHED_READY,2026-09-18
PN-000775,A2U900-521049,a2u900-521049,Sandvik / EIMCO,Underground LHD,ED10,Hydraulic,Fan Motor,Fan Motor,,EXPLICIT,VERIFIED,HIGH,"SANDVIK LS190-B2285 SPARE PARTS LIST_Mining India_24.03.2026.xlsx, Sheet1, row 89; ED10 manual exact PN match found during V2.1 AI second-pass review.",SANDVIK LS190-B2285 SPARE PARTS LIST_Mining India_24.03.2026.xlsx,A2U900-521049 — Fan Motor,A2U900-521049 Fan Motor | ED10 Spare Part,Verified part number A2U900-521049: Fan Motor for ED10. Check equipment compatibility and submit an RFQ to qualified mining spare parts suppliers on Kuangp,/part-number/a2u900-521049,Request Quote,/rfq/new?partNumber=A2U900-521049,PUBLISHED_READY,2026-09-18
PN-000984,BR00064923,br00064923,Sandvik / EIMCO,Underground LHD,LS190,Hydraulic,"3/8"""" BSPP, HYD. BALL VALVE","3/8"""" BSPP, HYD. BALL VALVE | 3/8"""" BSPP, HYD. BALL VALVE -",,EXPLICIT,VERIFIED,HIGH,V2.2: 2 independent historical files; repeated description '3 8 BSPP HYD BALL VALVE'; at least one PO explicitly requires fitment to Sandvik LS190.,Purchase Order-Shanxi.xlsx | SANDVIK LS190-B2285 SPARE PARTS LIST_Mining India_24.03.2026.xlsx,"BR00064923 — 3/8"""" BSPP, HYD. BALL VALVE","BR00064923 3/8"""" BSPP, HYD. BALL VALVE | LS190 Spare Part","Verified part number BR00064923: 3/8"""" BSPP, HYD. BALL VALVE for LS190. Check equipment compatibility and submit an RFQ to qualified mining spare parts sup",/part-number/br00064923,Request Quote,/rfq/new?partNumber=BR00064923,PUBLISHED_READY,2026-09-18
PN-000936,BD00005952,bd00005952,Sandvik / EIMCO,Underground LHD,LS190,Other,CLEVIS #2406417S,CLEVIS #2406417S | CLEVIS 2406417S -,,EXPLICIT,VERIFIED,HIGH,V2.2: 2 independent historical files; repeated description 'CLEVIS 2406417S'; at least one PO explicitly requires fitment to Sandvik LS190.,Purchase Order-Shanxi.xlsx | SANDVIK LS190-B2285 SPARE PARTS LIST_Mining India_24.03.2026.xlsx,BD00005952 — CLEVIS #2406417S,BD00005952 CLEVIS #2406417S | LS190 Spare Part,Verified part number BD00005952: CLEVIS #2406417S for LS190. Check equipment compatibility and submit an RFQ to qualified mining spare parts suppliers on K,/part-number/bd00005952,Request Quote,/rfq/new?partNumber=BD00005952,PUBLISHED_READY,2026-09-18
PN-001034,BU00016861,bu00016861,Sandvik / EIMCO,Underground LHD,LS190,Filter,Filter Service Indicator,Filter Service Indicator | FILTER SERVICE INDICATOR -,,EXPLICIT,VERIFIED,HIGH,V2.2: 2 independent historical files; repeated description 'FILTER SERVICE INDICATOR'; at least one PO explicitly requires fitment to Sandvik LS190.,Purchase Order-Shanxi.xlsx | SANDVIK LS190-B2285 SPARE PARTS LIST_Mining India_24.03.2026.xlsx,BU00016861 — Filter Service Indicator,BU00016861 Filter Service Indicator | LS190 Spare Part,Verified part number BU00016861: Filter Service Indicator for LS190. Check equipment compatibility and submit an RFQ to qualified mining spare parts suppli,/part-number/bu00016861,Request Quote,/rfq/new?partNumber=BU00016861,PUBLISHED_READY,2026-09-18
PN-000885,A2U913-694056,a2u913-694056,Sandvik / EIMCO,Underground LHD,ED10,Hydraulic,CHECK VALVE A/C,CHECK VALVE A/C,,EXPLICIT,VERIFIED,HIGH,"SANDVIK LS190-B2285 SPARE PARTS LIST_Mining India_24.03.2026.xlsx, Sheet1, row 267; ED10 manual exact PN match found during V2.1 AI second-pass review.",SANDVIK LS190-B2285 SPARE PARTS LIST_Mining India_24.03.2026.xlsx,A2U913-694056 — CHECK VALVE A/C,A2U913-694056 CHECK VALVE A/C | ED10 Spare Part,Verified part number A2U913-694056: CHECK VALVE A/C for ED10. Check equipment compatibility and submit an RFQ to qualified mining spare parts suppliers on ,/part-number/a2u913-694056,Request Quote,/rfq/new?partNumber=A2U913-694056,PUBLISHED_READY,2026-09-18
PN-000265,4699377,4699377,Sandvik / EIMCO,Underground LHD,LS190,Seal/Gasket,O-Ring,O-Ring | O-RING -,,EXPLICIT,VERIFIED,HIGH,V2.2: 2 independent historical files; repeated description 'O RING'; at least one PO explicitly requires fitment to Sandvik LS190.,Purchase Order-Shanxi.xlsx | SANDVIK LS190-B2285 SPARE PARTS LIST_Mining India_24.03.2026.xlsx,4699377 — O-Ring,4699377 O-Ring | LS190 Spare Part,Verified part number 4699377: O-Ring for LS190. Check equipment compatibility and submit an RFQ to qualified mining spare parts suppliers on KuangpeiYun.,/part-number/4699377,Request Quote,/rfq/new?partNumber=4699377,PUBLISHED_READY,2026-09-18
PN-000233,4697280,4697280,Sandvik / EIMCO,Underground LHD,LS190,Seal/Gasket,O-Ring,O-Ring | O-RING -,,EXPLICIT,VERIFIED,HIGH,V2.2: 2 independent historical files; repeated description 'O RING'; at least one PO explicitly requires fitment to Sandvik LS190.,Purchase Order-Shanxi.xlsx | SANDVIK LS190-B2285 SPARE PARTS LIST_Mining India_24.03.2026.xlsx,4697280 — O-Ring,4697280 O-Ring | LS190 Spare Part,Verified part number 4697280: O-Ring for LS190. Check equipment compatibility and submit an RFQ to qualified mining spare parts suppliers on KuangpeiYun.,/part-number/4697280,Request Quote,/rfq/new?partNumber=4697280,PUBLISHED_READY,2026-09-18
PN-000308,56006630,56006630,Sandvik / EIMCO,Underground LHD,LS190,Other,"Disc, Friction","Disc, Friction | FRICTION DISC -",,EXPLICIT,VERIFIED,HIGH,V2.2: 2 independent historical files; repeated description 'DISC FRICTION'; at least one PO explicitly requires fitment to Sandvik LS190.,Purchase Order-Shanxi.xlsx | SANDVIK LS190-B2285 SPARE PARTS LIST_Mining India_24.03.2026.xlsx,"56006630 — Disc, Friction","56006630 Disc, Friction | LS190 Spare Part","Verified part number 56006630: Disc, Friction for LS190. Check equipment compatibility and submit an RFQ to qualified mining spare parts suppliers on Kuang",/part-number/56006630,Request Quote,/rfq/new?partNumber=56006630,PUBLISHED_READY,2026-09-18
PN-000306,55025218,55025218,Sandvik / EIMCO,Underground LHD,LS190,Other,"Ring, Backing","Ring, Backing | RING, BACKING -",,EXPLICIT,VERIFIED,HIGH,V2.2: 2 independent historical files; repeated description 'RING BACKING'; at least one PO explicitly requires fitment to Sandvik LS190.,Purchase Order-Shanxi.xlsx | SANDVIK LS190-B2285 SPARE PARTS LIST_Mining India_24.03.2026.xlsx,"55025218 — Ring, Backing","55025218 Ring, Backing | LS190 Spare Part","Verified part number 55025218: Ring, Backing for LS190. Check equipment compatibility and submit an RFQ to qualified mining spare parts suppliers on Kuangp",/part-number/55025218,Request Quote,/rfq/new?partNumber=55025218,PUBLISHED_READY,2026-09-18
PN-000675,A2U220-694096,a2u220-694096,Sandvik / EIMCO,Underground LHD,ED10,Hydraulic,FILL PUMP VALVE,FILL PUMP VALVE,,EXPLICIT,VERIFIED,HIGH,"SANDVIK LS190-B2285 SPARE PARTS LIST_Mining India_24.03.2026.xlsx, Sheet1, row 482; ED10 manual exact PN match found during V2.1 AI second-pass review.",SANDVIK LS190-B2285 SPARE PARTS LIST_Mining India_24.03.2026.xlsx,A2U220-694096 — FILL PUMP VALVE,A2U220-694096 FILL PUMP VALVE | ED10 Spare Part,Verified part number A2U220-694096: FILL PUMP VALVE for ED10. Check equipment compatibility and submit an RFQ to qualified mining spare parts suppliers on ,/part-number/a2u220-694096,Request Quote,/rfq/new?partNumber=A2U220-694096,PUBLISHED_READY,2026-09-18
PN-000796,A2U900-594356,a2u900-594356,Sandvik / EIMCO,Underground LHD,ED10,Hydraulic,SHUTTLE VALVE,SHUTTLE VALVE,,EXPLICIT,VERIFIED,HIGH,"SANDVIK LS190-B2285 SPARE PARTS LIST_Mining India_24.03.2026.xlsx, Sheet1, row 490; ED10 manual exact PN match found during V2.1 AI second-pass review.",SANDVIK LS190-B2285 SPARE PARTS LIST_Mining India_24.03.2026.xlsx,A2U900-594356 — SHUTTLE VALVE,A2U900-594356 SHUTTLE VALVE | ED10 Spare Part,Verified part number A2U900-594356: SHUTTLE VALVE for ED10. Check equipment compatibility and submit an RFQ to qualified mining spare parts suppliers on Ku,/part-number/a2u900-594356,Request Quote,/rfq/new?partNumber=A2U900-594356,PUBLISHED_READY,2026-09-18
